order_id,order_purchase_timestamp,customer_state,product_category_name,price,delivery_time_days,review_score
ORD-00000,2026-05-02 00:54:37.852111,PE,Beleza e Saúde,978.29,26,2
ORD-00001,2025-08-29 00:54:37.852111,AM,Cama Mesa Banho,1196.8,20,1
ORD-00002,2025-11-15 00:54:37.852111,BA,Esportes,880.47,24,2
ORD-00003,2026-04-28 00:54:37.852111,SP,Cama Mesa Banho,686.58,1,4
ORD-00004,2026-06-02 00:54:37.852111,RS,Cama Mesa Banho,1299.94,13,1
ORD-00005,2026-02-05 00:54:37.852111,RS,Cama Mesa Banho,54.06,16,3
ORD-00006,2026-07-23 00:54:37.852111,PR,Móveis,1937.74,6,3
ORD-00007,2026-05-02 00:54:37.852111,AM,Esportes,502.55,21,1
ORD-00008,2026-04-13 00:54:37.852111,SC,Informática,1838.34,10,4
ORD-00009,2026-01-10 00:54:37.852111,RS,Cama Mesa Banho,262.58,5,4
ORD-00010,2025-09-16 00:54:37.852111,RJ,Informática,514.27,5,5
ORD-00011,2026-05-17 00:54:37.852111,SC,Esportes,508.0,12,4
ORD-00012,2026-05-05 00:54:37.852111,PE,Cama Mesa Banho,1992.5,14,2
ORD-00013,2025-08-18 00:54:37.852111,PE,Informática,58.97,23,3
ORD-00014,2026-03-14 00:54:37.852111,BA,Eletrônicos,1297.29,9,3
ORD-00015,2026-04-04 00:54:37.852111,SC,Informática,1745.89,5,5
ORD-00016,2026-03-16 00:54:37.852111,RJ,Esportes,1360.93,5,4
ORD-00017,2025-10-08 00:54:37.852111,BA,Cama Mesa Banho,757.33,18,3
ORD-00018,2025-11-28 00:54:37.852111,PR,Móveis,1918.7,7,5
ORD-00019,2025-09-03 00:54:37.852111,SC,Esportes,1792.37,12,4
ORD-00020,2025-10-23 00:54:37.852111,AM,Móveis,896.21,20,1
ORD-00021,2026-02-02 00:54:37.852111,PE,Cama Mesa Banho,1167.99,22,2
ORD-00022,2025-11-09 00:54:37.852111,PE,Informática,1936.66,17,1
ORD-00023,2026-03-05 00:54:37.852111,MG,Eletrônicos,1965.99,6,4
ORD-00024,2025-10-03 00:54:37.852111,BA,Eletrônicos,927.16,15,3
ORD-00025,2026-07-22 00:54:37.852111,SP,Esportes,1702.33,9,4
ORD-00026,2025-12-03 00:54:37.852111,SP,Esportes,638.86,3,2
ORD-00027,2025-12-20 00:54:37.852111,BA,Esportes,775.04,28,1
ORD-00028,2025-09-02 00:54:37.852111,AM,Beleza e Saúde,371.4,18,2
ORD-00029,2026-06-25 00:54:37.852111,CE,Eletrônicos,457.91,11,4
ORD-00030,2026-06-15 00:54:37.852111,BA,Eletrônicos,1330.9,24,2
ORD-00031,2026-02-24 00:54:37.852111,AM,Cama Mesa Banho,1046.02,18,2
ORD-00032,2026-02-06 00:54:37.852111,PR,Beleza e Saúde,500.71,12,4
ORD-00033,2025-11-15 00:54:37.852111,PE,Esportes,835.67,24,1
ORD-00034,2026-02-04 00:54:37.852111,RJ,Esportes,777.71,5,5
ORD-00035,2026-02-19 00:54:37.852111,CE,Móveis,1975.35,15,3
ORD-00036,2026-06-23 00:54:37.852111,SC,Beleza e Saúde,1714.45,12,4
ORD-00037,2025-08-14 00:54:37.852111,CE,Informática,806.53,18,2
ORD-00038,2026-06-19 00:54:37.852111,RJ,Eletrônicos,1832.14,6,5
ORD-00039,2025-12-12 00:54:37.852111,MG,Cama Mesa Banho,718.14,1,5
ORD-00040,2025-09-27 00:54:37.852111,PE,Informática,1352.41,20,1
ORD-00041,2026-04-04 00:54:37.852111,SP,Informática,1934.97,3,5
ORD-00042,2025-10-10 00:54:37.852111,AM,Cama Mesa Banho,811.04,26,2
ORD-00043,2026-03-31 00:54:37.852111,BA,Esportes,1375.78,21,1
ORD-00044,2026-07-23 00:54:37.852111,BA,Eletrônicos,627.05,19,3
ORD-00045,2025-09-18 00:54:37.852111,SP,Móveis,569.31,5,5
ORD-00046,2026-02-27 00:54:37.852111,CE,Esportes,1169.61,13,1
ORD-00047,2025-11-12 00:54:37.852111,PE,Esportes,1959.57,26,2
ORD-00048,2026-05-16 00:54:37.852111,RS,Beleza e Saúde,933.61,15,2
ORD-00049,2025-10-01 00:54:37.852111,AM,Informática,1878.39,19,3
ORD-00050,2026-07-30 00:54:37.852111,PR,Informática,1833.01,14,4
ORD-00051,2025-12-14 00:54:37.852111,RJ,Eletrônicos,544.84,3,5
ORD-00052,2025-11-21 00:54:37.852111,CE,Informática,833.55,14,5
ORD-00053,2025-09-01 00:54:37.852111,SC,Móveis,1304.44,10,3
ORD-00054,2026-06-21 00:54:37.852111,MG,Móveis,1060.19,5,5
ORD-00055,2025-09-07 00:54:37.852111,BA,Móveis,237.12,16,4
ORD-00056,2026-05-13 00:54:37.852111,CE,Cama Mesa Banho,1987.71,20,2
ORD-00057,2025-11-22 00:54:37.852111,MG,Eletrônicos,1517.68,5,5
ORD-00058,2026-07-09 00:54:37.852111,RJ,Móveis,903.5,3,4
ORD-00059,2026-01-19 00:54:37.852111,BA,Beleza e Saúde,1255.43,20,2
ORD-00060,2026-05-24 00:54:37.852111,BA,Beleza e Saúde,220.77,22,1
ORD-00061,2026-06-24 00:54:37.852111,RS,Esportes,1015.84,10,4
ORD-00062,2025-08-18 00:54:37.852111,CE,Esportes,1865.12,23,2
ORD-00063,2026-08-11 00:54:37.852111,PE,Eletrônicos,1798.37,11,5
ORD-00064,2026-06-20 00:54:37.852111,SP,Esportes,707.89,5,5
ORD-00065,2026-04-29 00:54:37.852111,SP,Esportes,1086.17,2,4
ORD-00066,2025-11-26 00:54:37.852111,PR,Beleza e Saúde,1409.9,6,3
ORD-00067,2025-10-07 00:54:37.852111,SC,Esportes,713.02,8,4
ORD-00068,2026-02-03 00:54:37.852111,MG,Beleza e Saúde,176.51,3,5
ORD-00069,2026-01-07 00:54:37.852111,CE,Móveis,1035.61,15,4
ORD-00070,2026-06-30 00:54:37.852111,AM,Móveis,1223.19,16,4
ORD-00071,2026-03-04 00:54:37.852111,SC,Eletrônicos,61.39,12,3
ORD-00072,2026-01-23 00:54:37.852111,RS,Cama Mesa Banho,236.37,9,3
ORD-00073,2025-11-16 00:54:37.852111,BA,Esportes,454.22,10,3
ORD-00074,2025-08-27 00:54:37.852111,PE,Móveis,728.7,23,2
ORD-00075,2025-10-13 00:54:37.852111,CE,Móveis,1105.05,13,3
ORD-00076,2025-11-15 00:54:37.852111,SC,Eletrônicos,622.99,9,4
ORD-00077,2026-01-10 00:54:37.852111,SC,Informática,588.56,11,3
ORD-00078,2025-12-04 00:54:37.852111,PE,Informática,1745.23,18,2
ORD-00079,2026-02-04 00:54:37.852111,PR,Eletrônicos,332.85,13,2
ORD-00080,2025-10-21 00:54:37.852111,MG,Beleza e Saúde,1016.15,5,5
ORD-00081,2026-01-12 00:54:37.852111,MG,Cama Mesa Banho,1908.01,3,5
ORD-00082,2026-01-17 00:54:37.852111,SC,Eletrônicos,1268.78,16,3
ORD-00083,2025-12-19 00:54:37.852111,RJ,Informática,1448.55,5,4
ORD-00084,2025-09-09 00:54:37.852111,SC,Cama Mesa Banho,890.91,9,2
ORD-00085,2026-06-21 00:54:37.852111,SC,Móveis,88.87,12,5
ORD-00086,2025-11-06 00:54:37.852111,PE,Eletrônicos,1309.95,19,3
ORD-00087,2026-01-08 00:54:37.852111,BA,Beleza e Saúde,1282.25,19,1
ORD-00088,2025-12-04 00:54:37.852111,PE,Cama Mesa Banho,265.33,30,2
ORD-00089,2026-02-06 00:54:37.852111,CE,Informática,951.21,16,4
ORD-00090,2026-07-03 00:54:37.852111,SC,Móveis,1834.89,9,4
ORD-00091,2026-03-09 00:54:37.852111,MG,Eletrônicos,449.92,5,5
ORD-00092,2026-07-29 00:54:37.852111,AM,Esportes,949.14,23,2
ORD-00093,2025-10-16 00:54:37.852111,MG,Móveis,949.15,1,3
ORD-00094,2026-06-09 00:54:37.852111,SP,Informática,1630.98,1,5
ORD-00095,2025-09-02 00:54:37.852111,PR,Eletrônicos,1657.92,8,4
ORD-00096,2025-09-20 00:54:37.852111,RS,Informática,1530.58,5,4
ORD-00097,2026-08-04 00:54:37.852111,CE,Esportes,762.64,15,3
ORD-00098,2025-09-03 00:54:37.852111,CE,Móveis,190.47,20,1
ORD-00099,2026-04-06 00:54:37.852111,PR,Cama Mesa Banho,731.49,7,5
ORD-00100,2026-03-30 00:54:37.852111,AM,Cama Mesa Banho,1375.59,10,3
ORD-00101,2026-06-11 00:54:37.852111,RS,Móveis,1420.36,10,3
ORD-00102,2026-03-27 00:54:37.852111,BA,Cama Mesa Banho,1931.75,22,2
ORD-00103,2026-05-24 00:54:37.852111,SC,Eletrônicos,934.6,4,5
ORD-00104,2026-03-03 00:54:37.852111,RS,Móveis,1283.25,12,3
ORD-00105,2025-10-28 00:54:37.852111,AM,Móveis,1101.42,22,1
ORD-00106,2025-11-25 00:54:37.852111,RJ,Informática,343.71,6,4
ORD-00107,2025-12-25 00:54:37.852111,SP,Beleza e Saúde,949.34,7,3
ORD-00108,2026-07-03 00:54:37.852111,RS,Informática,1112.43,16,2
ORD-00109,2026-07-16 00:54:37.852111,RS,Cama Mesa Banho,1903.96,8,5
ORD-00110,2026-03-31 00:54:37.852111,SP,Beleza e Saúde,764.75,5,4
ORD-00111,2026-01-24 00:54:37.852111,SC,Móveis,1961.19,8,5
ORD-00112,2025-09-19 00:54:37.852111,RS,Cama Mesa Banho,1107.49,10,5
ORD-00113,2025-11-18 00:54:37.852111,SP,Esportes,522.82,8,3
ORD-00114,2026-07-11 00:54:37.852111,SP,Cama Mesa Banho,423.75,2,5
ORD-00115,2026-06-26 00:54:37.852111,SP,Beleza e Saúde,326.31,3,5
ORD-00116,2026-06-12 00:54:37.852111,PE,Beleza e Saúde,933.22,24,3
ORD-00117,2026-01-09 00:54:37.852111,AM,Móveis,92.76,23,1
ORD-00118,2025-10-24 00:54:37.852111,PE,Eletrônicos,917.84,16,3
ORD-00119,2026-05-06 00:54:37.852111,RJ,Esportes,1977.39,6,4
ORD-00120,2026-02-22 00:54:37.852111,BA,Móveis,1356.71,19,3
ORD-00121,2025-08-18 00:54:37.852111,PE,Esportes,1531.58,25,1
ORD-00122,2026-01-11 00:54:37.852111,PE,Esportes,282.06,18,2
ORD-00123,2026-07-09 00:54:37.852111,AM,Móveis,972.55,23,1
ORD-00124,2025-12-29 00:54:37.852111,BA,Cama Mesa Banho,608.14,31,1
ORD-00125,2026-05-04 00:54:37.852111,PR,Informática,1793.49,11,4
ORD-00126,2026-04-04 00:54:37.852111,SP,Esportes,403.52,5,3
ORD-00127,2025-11-29 00:54:37.852111,CE,Beleza e Saúde,944.53,21,1
ORD-00128,2026-08-08 00:54:37.852111,BA,Móveis,1196.69,16,1
ORD-00129,2026-01-07 00:54:37.852111,RJ,Eletrônicos,1052.38,9,5
ORD-00130,2025-12-01 00:54:37.852111,SC,Cama Mesa Banho,1668.97,10,5
ORD-00131,2025-08-19 00:54:37.852111,RJ,Esportes,501.33,4,4
ORD-00132,2025-11-03 00:54:37.852111,SP,Eletrônicos,785.91,3,4
ORD-00133,2026-01-18 00:54:37.852111,BA,Cama Mesa Banho,1594.56,23,2
ORD-00134,2026-07-29 00:54:37.852111,RJ,Móveis,1079.74,6,5
ORD-00135,2025-09-01 00:54:37.852111,RJ,Eletrônicos,834.13,4,5
ORD-00136,2026-07-02 00:54:37.852111,PR,Beleza e Saúde,107.41,11,3
ORD-00137,2026-02-15 00:54:37.852111,PR,Esportes,1519.1,5,3
ORD-00138,2026-06-11 00:54:37.852111,BA,Esportes,1945.76,18,1
ORD-00139,2025-08-26 00:54:37.852111,SP,Eletrônicos,1259.56,5,4
ORD-00140,2025-12-25 00:54:37.852111,PE,Cama Mesa Banho,1720.26,26,1
ORD-00141,2025-12-15 00:54:37.852111,MG,Móveis,1057.91,3,5
ORD-00142,2026-06-22 00:54:37.852111,RS,Informática,501.78,6,4
ORD-00143,2026-05-09 00:54:37.852111,CE,Esportes,78.16,13,2
ORD-00144,2026-01-03 00:54:37.852111,RS,Beleza e Saúde,1324.13,5,3
ORD-00145,2025-12-25 00:54:37.852111,AM,Esportes,1011.56,24,3
ORD-00146,2025-12-19 00:54:37.852111,PR,Esportes,1575.09,14,4
ORD-00147,2026-03-23 00:54:37.852111,BA,Informática,1404.63,19,4
ORD-00148,2026-02-23 00:54:37.852111,RS,Informática,1976.51,13,4
ORD-00149,2026-07-15 00:54:37.852111,SP,Móveis,1045.11,5,4
ORD-00150,2026-07-08 00:54:37.852111,CE,Esportes,882.99,17,4
ORD-00151,2026-07-31 00:54:37.852111,RS,Esportes,609.14,9,4
ORD-00152,2026-03-06 00:54:37.852111,CE,Cama Mesa Banho,979.88,16,3
ORD-00153,2025-09-20 00:54:37.852111,SC,Cama Mesa Banho,1752.1,5,4
ORD-00154,2026-02-07 00:54:37.852111,SP,Eletrônicos,132.76,5,1
ORD-00155,2025-12-13 00:54:37.852111,MG,Eletrônicos,1956.91,4,5
ORD-00156,2026-05-19 00:54:37.852111,RJ,Beleza e Saúde,1986.95,6,5
ORD-00157,2025-11-02 00:54:37.852111,CE,Beleza e Saúde,1215.75,18,3
ORD-00158,2026-06-08 00:54:37.852111,SP,Cama Mesa Banho,696.51,4,4
ORD-00159,2026-02-24 00:54:37.852111,CE,Eletrônicos,484.95,13,3
ORD-00160,2026-06-29 00:54:37.852111,CE,Beleza e Saúde,589.16,18,2
ORD-00161,2026-06-12 00:54:37.852111,PE,Esportes,147.71,21,3
ORD-00162,2026-04-01 00:54:37.852111,PE,Eletrônicos,976.47,12,2
ORD-00163,2025-11-02 00:54:37.852111,SP,Informática,161.78,5,4
ORD-00164,2026-07-16 00:54:37.852111,PE,Eletrônicos,1451.02,19,3
ORD-00165,2026-04-27 00:54:37.852111,AM,Esportes,775.26,14,3
ORD-00166,2026-06-30 00:54:37.852111,MG,Cama Mesa Banho,438.76,3,5
ORD-00167,2025-09-07 00:54:37.852111,BA,Móveis,1112.46,19,1
ORD-00168,2025-10-31 00:54:37.852111,SP,Móveis,1948.83,2,4
ORD-00169,2025-09-16 00:54:37.852111,SP,Cama Mesa Banho,1405.51,5,5
ORD-00170,2026-04-07 00:54:37.852111,AM,Esportes,1008.91,13,4
ORD-00171,2025-08-30 00:54:37.852111,PR,Beleza e Saúde,1564.98,13,1
ORD-00172,2025-12-25 00:54:37.852111,PR,Eletrônicos,1488.08,17,3
ORD-00173,2026-02-04 00:54:37.852111,PE,Eletrônicos,1788.88,13,3
ORD-00174,2025-12-31 00:54:37.852111,BA,Beleza e Saúde,449.1,20,2
ORD-00175,2025-11-03 00:54:37.852111,PE,Móveis,1724.81,14,2
ORD-00176,2026-04-14 00:54:37.852111,SC,Cama Mesa Banho,637.0,13,2
ORD-00177,2026-04-19 00:54:37.852111,SC,Cama Mesa Banho,1884.95,6,5
ORD-00178,2025-12-23 00:54:37.852111,RJ,Informática,598.08,5,4
ORD-00179,2025-11-27 00:54:37.852111,SC,Móveis,1857.35,7,4
ORD-00180,2025-08-19 00:54:37.852111,PR,Cama Mesa Banho,1929.39,9,4
ORD-00181,2026-01-27 00:54:37.852111,MG,Informática,333.71,2,5
ORD-00182,2026-03-29 00:54:37.852111,SC,Beleza e Saúde,1950.27,12,4
ORD-00183,2025-09-29 00:54:37.852111,PE,Móveis,217.16,13,3
ORD-00184,2026-03-01 00:54:37.852111,CE,Móveis,476.21,20,3
ORD-00185,2025-12-31 00:54:37.852111,SP,Cama Mesa Banho,916.13,4,5
ORD-00186,2025-10-10 00:54:37.852111,MG,Cama Mesa Banho,1987.51,4,5
ORD-00187,2025-12-22 00:54:37.852111,MG,Esportes,1002.7,5,4
ORD-00188,2026-02-22 00:54:37.852111,PE,Beleza e Saúde,1123.3,14,4
ORD-00189,2026-03-14 00:54:37.852111,SP,Beleza e Saúde,1404.13,5,5
ORD-00190,2025-10-02 00:54:37.852111,PR,Eletrônicos,1938.17,14,4
ORD-00191,2026-03-06 00:54:37.852111,MG,Informática,1577.54,3,5
ORD-00192,2026-05-09 00:54:37.852111,RJ,Informática,487.1,7,3
ORD-00193,2025-12-23 00:54:37.852111,PE,Esportes,640.83,25,1
ORD-00194,2026-02-14 00:54:37.852111,MG,Eletrônicos,240.38,3,4
ORD-00195,2026-04-22 00:54:37.852111,BA,Beleza e Saúde,1306.68,10,5
ORD-00196,2025-09-29 00:54:37.852111,SP,Informática,402.44,5,3
ORD-00197,2026-06-22 00:54:37.852111,SC,Beleza e Saúde,551.94,8,4
ORD-00198,2025-11-18 00:54:37.852111,MG,Beleza e Saúde,1781.82,8,4
ORD-00199,2025-10-22 00:54:37.852111,PE,Eletrônicos,687.17,18,4
ORD-00200,2026-04-22 00:54:37.852111,SC,Informática,1154.96,7,4
ORD-00201,2026-05-04 00:54:37.852111,RJ,Cama Mesa Banho,825.25,2,3
ORD-00202,2026-04-22 00:54:37.852111,SC,Cama Mesa Banho,194.36,13,2
ORD-00203,2026-05-24 00:54:37.852111,BA,Eletrônicos,757.58,15,2
ORD-00204,2026-02-07 00:54:37.852111,PR,Informática,845.73,10,3
ORD-00205,2026-04-22 00:54:37.852111,MG,Esportes,1796.62,6,4
ORD-00206,2026-08-11 00:54:37.852111,RS,Móveis,682.68,8,3
ORD-00207,2026-04-05 00:54:37.852111,RS,Eletrônicos,789.52,9,5
ORD-00208,2026-01-05 00:54:37.852111,SC,Beleza e Saúde,1576.65,9,2
ORD-00209,2026-06-20 00:54:37.852111,AM,Eletrônicos,1529.97,21,3
ORD-00210,2025-09-04 00:54:37.852111,SP,Móveis,1606.66,6,5
ORD-00211,2026-01-01 00:54:37.852111,RS,Eletrônicos,1909.85,9,5
ORD-00212,2025-12-31 00:54:37.852111,AM,Informática,1601.34,18,2
ORD-00213,2026-04-09 00:54:37.852111,RS,Beleza e Saúde,844.84,8,4
ORD-00214,2026-04-05 00:54:37.852111,AM,Móveis,1651.94,10,2
ORD-00215,2026-06-21 00:54:37.852111,SP,Cama Mesa Banho,1041.92,5,5
ORD-00216,2026-02-22 00:54:37.852111,CE,Esportes,591.54,27,1
ORD-00217,2026-01-07 00:54:37.852111,RS,Eletrônicos,640.69,7,4
ORD-00218,2026-03-06 00:54:37.852111,BA,Eletrônicos,486.49,14,2
ORD-00219,2026-01-27 00:54:37.852111,MG,Móveis,332.74,3,2
ORD-00220,2025-12-09 00:54:37.852111,AM,Esportes,409.76,21,1
ORD-00221,2025-09-23 00:54:37.852111,MG,Eletrônicos,173.2,5,5
ORD-00222,2026-01-22 00:54:37.852111,PE,Cama Mesa Banho,1782.48,17,2
ORD-00223,2026-02-10 00:54:37.852111,PE,Móveis,1865.47,13,3
ORD-00224,2026-04-12 00:54:37.852111,SP,Informática,1194.2,5,5
ORD-00225,2025-12-01 00:54:37.852111,AM,Beleza e Saúde,1688.95,10,5
ORD-00226,2025-10-23 00:54:37.852111,RJ,Cama Mesa Banho,407.96,5,5
ORD-00227,2025-11-06 00:54:37.852111,PE,Esportes,1808.26,22,1
ORD-00228,2025-09-22 00:54:37.852111,SP,Esportes,1037.41,2,3
ORD-00229,2026-05-07 00:54:37.852111,PE,Cama Mesa Banho,180.97,10,5
ORD-00230,2026-01-27 00:54:37.852111,PE,Informática,325.56,25,4
ORD-00231,2025-12-16 00:54:37.852111,RJ,Eletrônicos,652.5,3,5
ORD-00232,2026-03-22 00:54:37.852111,RS,Informática,134.94,13,2
ORD-00233,2026-05-08 00:54:37.852111,SC,Eletrônicos,653.12,9,5
ORD-00234,2026-01-24 00:54:37.852111,CE,Eletrônicos,166.86,17,2
ORD-00235,2026-04-11 00:54:37.852111,PE,Esportes,510.25,20,2
ORD-00236,2026-02-07 00:54:37.852111,PE,Eletrônicos,568.06,13,4
ORD-00237,2025-09-21 00:54:37.852111,BA,Cama Mesa Banho,1989.02,18,3
ORD-00238,2025-08-29 00:54:37.852111,CE,Eletrônicos,509.32,16,2
ORD-00239,2025-11-27 00:54:37.852111,RJ,Cama Mesa Banho,516.41,2,4
ORD-00240,2026-03-18 00:54:37.852111,MG,Beleza e Saúde,1389.24,5,5
ORD-00241,2025-12-04 00:54:37.852111,AM,Esportes,1725.75,16,3
ORD-00242,2025-09-01 00:54:37.852111,PE,Informática,804.76,17,3
ORD-00243,2026-03-19 00:54:37.852111,SC,Móveis,1757.46,6,5
ORD-00244,2026-03-18 00:54:37.852111,AM,Informática,713.28,25,1
ORD-00245,2025-08-26 00:54:37.852111,CE,Informática,434.18,22,2
ORD-00246,2026-01-26 00:54:37.852111,AM,Móveis,692.8,22,1
ORD-00247,2025-10-09 00:54:37.852111,RS,Esportes,1238.24,9,3
ORD-00248,2026-04-07 00:54:37.852111,PE,Eletrônicos,765.93,9,4
ORD-00249,2026-07-05 00:54:37.852111,AM,Beleza e Saúde,1362.14,27,1
ORD-00250,2025-09-09 00:54:37.852111,MG,Informática,512.02,4,4
ORD-00251,2025-08-18 00:54:37.852111,MG,Eletrônicos,1416.94,3,4
ORD-00252,2026-04-06 00:54:37.852111,PE,Informática,727.5,20,3
ORD-00253,2025-11-19 00:54:37.852111,PR,Esportes,938.94,13,4
ORD-00254,2026-03-15 00:54:37.852111,MG,Esportes,1137.6,4,5
ORD-00255,2025-10-19 00:54:37.852111,AM,Cama Mesa Banho,1388.14,24,1
ORD-00256,2026-05-06 00:54:37.852111,SP,Esportes,515.49,7,4
ORD-00257,2025-11-23 00:54:37.852111,MG,Esportes,1680.09,2,4
ORD-00258,2025-12-04 00:54:37.852111,CE,Informática,1457.59,14,3
ORD-00259,2026-03-22 00:54:37.852111,PR,Beleza e Saúde,506.49,12,3
ORD-00260,2025-09-01 00:54:37.852111,AM,Informática,1951.2,4,4
ORD-00261,2026-04-23 00:54:37.852111,RJ,Eletrônicos,1346.35,4,5
ORD-00262,2026-06-14 00:54:37.852111,BA,Esportes,932.23,10,2
ORD-00263,2026-08-11 00:54:37.852111,RJ,Cama Mesa Banho,357.18,4,5
ORD-00264,2025-10-13 00:54:37.852111,RS,Beleza e Saúde,1089.78,9,4
ORD-00265,2025-12-02 00:54:37.852111,BA,Cama Mesa Banho,371.31,16,3
ORD-00266,2026-03-26 00:54:37.852111,RS,Móveis,887.51,8,5
ORD-00267,2026-07-07 00:54:37.852111,BA,Cama Mesa Banho,846.99,12,2
ORD-00268,2026-03-06 00:54:37.852111,BA,Cama Mesa Banho,1453.88,29,1
ORD-00269,2026-08-04 00:54:37.852111,SP,Eletrônicos,425.15,8,4
ORD-00270,2025-12-23 00:54:37.852111,SC,Esportes,1652.65,6,5
ORD-00271,2026-05-06 00:54:37.852111,CE,Eletrônicos,685.96,25,1
ORD-00272,2026-03-19 00:54:37.852111,RJ,Esportes,915.78,4,5
ORD-00273,2025-10-13 00:54:37.852111,MG,Eletrônicos,1556.06,5,4
ORD-00274,2026-01-17 00:54:37.852111,AM,Esportes,1269.52,17,3
ORD-00275,2026-04-04 00:54:37.852111,PR,Esportes,650.65,8,5
ORD-00276,2026-03-14 00:54:37.852111,CE,Esportes,803.1,22,3
ORD-00277,2026-06-20 00:54:37.852111,RS,Cama Mesa Banho,646.28,10,3
ORD-00278,2026-04-15 00:54:37.852111,SP,Móveis,1209.8,4,5
ORD-00279,2026-03-05 00:54:37.852111,RS,Esportes,698.62,6,5
ORD-00280,2026-04-19 00:54:37.852111,SC,Móveis,1465.11,7,5
ORD-00281,2026-05-30 00:54:37.852111,PR,Móveis,1180.58,5,5
ORD-00282,2026-04-22 00:54:37.852111,SP,Informática,334.13,5,5
ORD-00283,2026-05-01 00:54:37.852111,RS,Informática,655.02,6,4
ORD-00284,2025-09-07 00:54:37.852111,SC,Beleza e Saúde,481.82,9,4
ORD-00285,2025-12-02 00:54:37.852111,AM,Eletrônicos,811.11,24,1
ORD-00286,2025-12-29 00:54:37.852111,AM,Informática,1056.17,23,1
ORD-00287,2026-04-23 00:54:37.852111,RS,Esportes,1038.19,9,3
ORD-00288,2026-05-06 00:54:37.852111,CE,Móveis,1521.32,17,2
ORD-00289,2026-03-13 00:54:37.852111,PR,Eletrônicos,418.89,15,1
ORD-00290,2025-08-29 00:54:37.852111,PE,Beleza e Saúde,1895.62,20,3
ORD-00291,2025-09-09 00:54:37.852111,CE,Informática,718.55,16,1
ORD-00292,2026-01-31 00:54:37.852111,AM,Cama Mesa Banho,635.49,10,5
ORD-00293,2025-10-07 00:54:37.852111,PR,Eletrônicos,1386.1,11,5
ORD-00294,2026-03-03 00:54:37.852111,SC,Beleza e Saúde,1620.76,12,3
ORD-00295,2026-01-17 00:54:37.852111,SP,Esportes,788.02,3,5
ORD-00296,2026-02-25 00:54:37.852111,BA,Eletrônicos,1506.35,19,3
ORD-00297,2026-03-05 00:54:37.852111,RS,Móveis,1773.29,8,3
ORD-00298,2026-06-06 00:54:37.852111,RJ,Esportes,1545.27,4,5
ORD-00299,2025-10-28 00:54:37.852111,PR,Esportes,116.68,2,5
ORD-00300,2025-11-09 00:54:37.852111,MG,Eletrônicos,1663.37,4,4
ORD-00301,2025-10-13 00:54:37.852111,SC,Cama Mesa Banho,1560.24,12,3
ORD-00302,2026-03-31 00:54:37.852111,PE,Cama Mesa Banho,1355.12,14,2
ORD-00303,2026-01-30 00:54:37.852111,BA,Eletrônicos,1532.04,18,2
ORD-00304,2026-04-07 00:54:37.852111,MG,Eletrônicos,1959.88,3,5
ORD-00305,2026-07-11 00:54:37.852111,PE,Eletrônicos,890.67,19,2
ORD-00306,2026-02-18 00:54:37.852111,RJ,Móveis,181.09,4,4
ORD-00307,2026-07-22 00:54:37.852111,AM,Informática,948.74,13,4
ORD-00308,2025-12-18 00:54:37.852111,CE,Esportes,140.55,24,1
ORD-00309,2026-03-08 00:54:37.852111,RS,Eletrônicos,623.79,12,4
ORD-00310,2026-07-06 00:54:37.852111,SP,Informática,1194.42,3,5
ORD-00311,2025-12-26 00:54:37.852111,PE,Móveis,653.76,20,2
ORD-00312,2025-08-13 00:54:37.852111,BA,Esportes,1386.52,20,2
ORD-00313,2026-06-23 00:54:37.852111,PR,Informática,1652.87,11,3
ORD-00314,2025-11-22 00:54:37.852111,AM,Esportes,869.86,9,5
ORD-00315,2025-11-03 00:54:37.852111,PR,Cama Mesa Banho,1805.27,13,3
ORD-00316,2026-07-17 00:54:37.852111,BA,Eletrônicos,205.69,15,4
ORD-00317,2025-12-30 00:54:37.852111,PR,Cama Mesa Banho,1688.22,8,4
ORD-00318,2025-11-09 00:54:37.852111,PE,Beleza e Saúde,1665.72,31,1
ORD-00319,2025-10-31 00:54:37.852111,SC,Móveis,677.89,10,4
ORD-00320,2026-05-08 00:54:37.852111,PR,Eletrônicos,632.49,8,4
ORD-00321,2025-11-02 00:54:37.852111,CE,Informática,644.94,6,5
ORD-00322,2025-09-30 00:54:37.852111,RJ,Esportes,1632.22,7,1
ORD-00323,2025-10-13 00:54:37.852111,SP,Beleza e Saúde,1671.72,2,5
ORD-00324,2026-03-19 00:54:37.852111,PE,Móveis,692.96,12,3
ORD-00325,2026-08-09 00:54:37.852111,MG,Móveis,1205.55,4,3
ORD-00326,2026-07-09 00:54:37.852111,BA,Móveis,320.92,25,1
ORD-00327,2026-02-02 00:54:37.852111,AM,Informática,964.12,21,1
ORD-00328,2026-06-25 00:54:37.852111,PE,Eletrônicos,1997.65,17,3
ORD-00329,2026-07-27 00:54:37.852111,SC,Cama Mesa Banho,359.74,10,2
ORD-00330,2026-02-22 00:54:37.852111,AM,Beleza e Saúde,1897.75,14,3
ORD-00331,2026-01-05 00:54:37.852111,CE,Informática,1657.3,18,4
ORD-00332,2026-03-08 00:54:37.852111,BA,Esportes,1945.82,18,3
ORD-00333,2026-06-28 00:54:37.852111,AM,Informática,400.18,22,3
ORD-00334,2026-08-07 00:54:37.852111,PR,Esportes,466.36,12,4
ORD-00335,2026-05-06 00:54:37.852111,PE,Esportes,82.89,20,3
ORD-00336,2025-12-23 00:54:37.852111,RJ,Móveis,1463.17,4,5
ORD-00337,2026-07-07 00:54:37.852111,BA,Informática,1305.98,21,2
ORD-00338,2025-11-06 00:54:37.852111,RS,Cama Mesa Banho,397.23,9,3
ORD-00339,2025-08-29 00:54:37.852111,CE,Esportes,1592.73,12,4
ORD-00340,2025-10-15 00:54:37.852111,SP,Móveis,633.43,4,5
ORD-00341,2026-02-13 00:54:37.852111,BA,Cama Mesa Banho,313.24,18,3
ORD-00342,2026-05-10 00:54:37.852111,SC,Informática,874.0,12,5
ORD-00343,2026-05-06 00:54:37.852111,PE,Cama Mesa Banho,227.39,17,3
ORD-00344,2026-02-06 00:54:37.852111,PR,Informática,563.33,6,5
ORD-00345,2026-04-19 00:54:37.852111,SP,Esportes,774.1,5,3
ORD-00346,2026-02-03 00:54:37.852111,SP,Beleza e Saúde,1711.14,5,5
ORD-00347,2025-12-03 00:54:37.852111,CE,Beleza e Saúde,1595.47,18,2
ORD-00348,2026-03-05 00:54:37.852111,AM,Eletrônicos,913.37,22,2
ORD-00349,2025-11-30 00:54:37.852111,SC,Eletrônicos,1462.92,13,3
ORD-00350,2025-09-24 00:54:37.852111,AM,Esportes,1158.87,15,2
ORD-00351,2026-04-07 00:54:37.852111,PR,Cama Mesa Banho,714.64,8,3
ORD-00352,2026-07-26 00:54:37.852111,SP,Informática,1465.45,2,4
ORD-00353,2025-11-05 00:54:37.852111,SC,Beleza e Saúde,1382.82,12,2
ORD-00354,2026-01-02 00:54:37.852111,SC,Informática,1257.23,14,2
ORD-00355,2026-06-20 00:54:37.852111,MG,Esportes,1255.01,4,5
ORD-00356,2026-06-16 00:54:37.852111,PE,Cama Mesa Banho,1381.81,16,3
ORD-00357,2025-09-24 00:54:37.852111,SP,Informática,799.86,7,5
ORD-00358,2025-08-18 00:54:37.852111,SP,Cama Mesa Banho,1744.7,6,5
ORD-00359,2026-02-20 00:54:37.852111,SC,Beleza e Saúde,366.5,11,5
ORD-00360,2025-11-06 00:54:37.852111,AM,Informática,1773.58,12,2
ORD-00361,2026-04-21 00:54:37.852111,SP,Móveis,717.45,6,3
ORD-00362,2025-10-29 00:54:37.852111,SC,Beleza e Saúde,293.81,7,3
ORD-00363,2025-09-05 00:54:37.852111,SP,Cama Mesa Banho,1220.05,2,4
ORD-00364,2026-03-15 00:54:37.852111,SC,Esportes,783.17,8,4
ORD-00365,2026-04-08 00:54:37.852111,MG,Móveis,1640.22,3,4
ORD-00366,2026-03-11 00:54:37.852111,PE,Eletrônicos,890.03,16,3
ORD-00367,2025-11-13 00:54:37.852111,SC,Informática,1353.7,5,4
ORD-00368,2026-05-01 00:54:37.852111,SP,Eletrônicos,651.1,6,3
ORD-00369,2025-10-18 00:54:37.852111,PR,Beleza e Saúde,458.43,13,1
ORD-00370,2025-12-10 00:54:37.852111,PE,Informática,806.7,8,3
ORD-00371,2026-02-18 00:54:37.852111,MG,Informática,1233.28,6,4
ORD-00372,2026-07-05 00:54:37.852111,SC,Móveis,1331.05,7,4
ORD-00373,2026-02-24 00:54:37.852111,PR,Móveis,1177.5,12,2
ORD-00374,2025-12-09 00:54:37.852111,SC,Móveis,1976.71,9,3
ORD-00375,2026-07-18 00:54:37.852111,AM,Móveis,1397.63,18,1
ORD-00376,2025-08-23 00:54:37.852111,SP,Esportes,1866.46,4,4
ORD-00377,2025-10-11 00:54:37.852111,BA,Cama Mesa Banho,279.97,24,1
ORD-00378,2026-07-31 00:54:37.852111,CE,Móveis,169.68,11,3
ORD-00379,2025-10-01 00:54:37.852111,RJ,Beleza e Saúde,656.44,6,3
ORD-00380,2025-10-04 00:54:37.852111,AM,Informática,316.35,23,2
ORD-00381,2026-07-08 00:54:37.852111,PR,Eletrônicos,1075.44,12,2
ORD-00382,2026-02-21 00:54:37.852111,AM,Móveis,1062.01,29,2
ORD-00383,2026-07-24 00:54:37.852111,RS,Beleza e Saúde,1171.34,8,4
ORD-00384,2025-09-26 00:54:37.852111,SC,Esportes,1503.19,12,3
ORD-00385,2025-11-22 00:54:37.852111,SC,Beleza e Saúde,1944.09,9,3
ORD-00386,2026-03-24 00:54:37.852111,RJ,Eletrônicos,1762.6,7,4
ORD-00387,2026-03-23 00:54:37.852111,RJ,Eletrônicos,280.82,4,5
ORD-00388,2026-05-13 00:54:37.852111,RS,Beleza e Saúde,710.1,8,4
ORD-00389,2025-08-24 00:54:37.852111,SP,Esportes,548.85,7,5
ORD-00390,2025-09-25 00:54:37.852111,CE,Eletrônicos,394.79,15,3
ORD-00391,2025-10-29 00:54:37.852111,BA,Esportes,1112.21,10,4
ORD-00392,2026-01-10 00:54:37.852111,BA,Informática,1128.87,15,3
ORD-00393,2025-09-05 00:54:37.852111,MG,Móveis,493.13,6,5
ORD-00394,2026-06-23 00:54:37.852111,MG,Eletrônicos,1438.2,7,3
ORD-00395,2026-03-13 00:54:37.852111,SP,Beleza e Saúde,1479.18,5,4
ORD-00396,2026-02-08 00:54:37.852111,MG,Cama Mesa Banho,90.91,7,4
ORD-00397,2026-06-11 00:54:37.852111,MG,Cama Mesa Banho,821.73,2,5
ORD-00398,2026-02-04 00:54:37.852111,RS,Informática,1785.77,8,4
ORD-00399,2026-04-10 00:54:37.852111,RS,Cama Mesa Banho,1064.62,9,5
ORD-00400,2026-03-16 00:54:37.852111,MG,Informática,727.87,4,3
ORD-00401,2025-10-03 00:54:37.852111,AM,Móveis,544.67,18,1
ORD-00402,2026-06-16 00:54:37.852111,PE,Informática,524.54,21,2
ORD-00403,2025-09-05 00:54:37.852111,PE,Esportes,244.55,15,2
ORD-00404,2025-10-12 00:54:37.852111,SP,Esportes,1643.59,5,5
ORD-00405,2026-02-14 00:54:37.852111,BA,Esportes,218.98,17,3
ORD-00406,2026-02-24 00:54:37.852111,RJ,Eletrônicos,619.97,3,4
ORD-00407,2025-09-21 00:54:37.852111,SP,Esportes,139.07,4,4
ORD-00408,2025-11-15 00:54:37.852111,MG,Esportes,1573.7,4,4
ORD-00409,2026-06-20 00:54:37.852111,RS,Esportes,126.6,9,4
ORD-00410,2026-05-04 00:54:37.852111,SC,Esportes,651.19,10,4
ORD-00411,2025-11-22 00:54:37.852111,AM,Eletrônicos,1167.93,18,2
ORD-00412,2026-06-21 00:54:37.852111,PR,Esportes,848.64,8,4
ORD-00413,2026-06-14 00:54:37.852111,RS,Esportes,600.43,13,4
ORD-00414,2026-04-27 00:54:37.852111,PE,Móveis,586.62,12,5
ORD-00415,2026-08-08 00:54:37.852111,RS,Eletrônicos,1605.69,7,4
ORD-00416,2026-05-02 00:54:37.852111,AM,Esportes,1949.26,31,1
ORD-00417,2026-01-29 00:54:37.852111,RJ,Informática,728.68,2,5
ORD-00418,2025-11-24 00:54:37.852111,MG,Móveis,126.33,2,5
ORD-00419,2025-08-13 00:54:37.852111,SC,Eletrônicos,121.3,12,5
ORD-00420,2025-08-28 00:54:37.852111,PE,Cama Mesa Banho,1530.47,7,5
ORD-00421,2026-06-27 00:54:37.852111,PE,Beleza e Saúde,1127.12,16,4
ORD-00422,2025-08-23 00:54:37.852111,CE,Eletrônicos,1578.01,28,1
ORD-00423,2025-10-06 00:54:37.852111,BA,Móveis,1410.12,10,4
ORD-00424,2025-10-09 00:54:37.852111,RJ,Esportes,1819.64,1,4
ORD-00425,2026-03-22 00:54:37.852111,PE,Móveis,1777.36,10,4
ORD-00426,2025-11-17 00:54:37.852111,BA,Beleza e Saúde,1587.24,22,3
ORD-00427,2026-04-11 00:54:37.852111,PE,Beleza e Saúde,976.62,23,1
ORD-00428,2026-04-29 00:54:37.852111,MG,Eletrônicos,650.85,3,4
ORD-00429,2026-03-08 00:54:37.852111,BA,Esportes,1038.7,21,2
ORD-00430,2026-03-19 00:54:37.852111,AM,Esportes,1029.04,24,1
ORD-00431,2026-03-21 00:54:37.852111,CE,Informática,1240.04,26,2
ORD-00432,2026-04-15 00:54:37.852111,MG,Beleza e Saúde,412.89,4,4
ORD-00433,2025-09-28 00:54:37.852111,AM,Esportes,1328.46,6,5
ORD-00434,2025-11-11 00:54:37.852111,SC,Beleza e Saúde,940.37,7,3
ORD-00435,2026-05-13 00:54:37.852111,RJ,Informática,1259.4,4,5
ORD-00436,2026-06-16 00:54:37.852111,RJ,Cama Mesa Banho,517.23,4,4
ORD-00437,2025-09-01 00:54:37.852111,PR,Beleza e Saúde,897.07,9,2
ORD-00438,2025-12-27 00:54:37.852111,PR,Informática,459.89,13,3
ORD-00439,2026-04-18 00:54:37.852111,BA,Informática,1756.85,24,1
ORD-00440,2025-09-29 00:54:37.852111,RJ,Informática,1001.52,4,3
ORD-00441,2025-11-07 00:54:37.852111,BA,Móveis,488.71,23,1
ORD-00442,2026-04-08 00:54:37.852111,PR,Eletrônicos,130.36,11,3
ORD-00443,2026-04-06 00:54:37.852111,SC,Esportes,1367.69,10,5
ORD-00444,2026-06-16 00:54:37.852111,PE,Beleza e Saúde,468.56,22,2
ORD-00445,2026-04-13 00:54:37.852111,AM,Eletrônicos,1979.69,18,2
ORD-00446,2026-08-12 00:54:37.852111,RS,Móveis,1090.72,16,3
ORD-00447,2025-12-17 00:54:37.852111,BA,Beleza e Saúde,613.51,10,4
ORD-00448,2025-10-27 00:54:37.852111,SC,Eletrônicos,1332.47,8,2
ORD-00449,2026-05-09 00:54:37.852111,AM,Móveis,586.68,17,1
ORD-00450,2026-04-09 00:54:37.852111,RJ,Esportes,1649.53,5,4
ORD-00451,2026-04-17 00:54:37.852111,PE,Informática,651.06,24,1
ORD-00452,2026-06-26 00:54:37.852111,AM,Eletrônicos,1977.08,17,3
ORD-00453,2026-05-16 00:54:37.852111,CE,Eletrônicos,1230.03,10,4
ORD-00454,2025-12-19 00:54:37.852111,PR,Beleza e Saúde,1696.6,12,4
ORD-00455,2025-11-14 00:54:37.852111,AM,Informática,191.99,21,2
ORD-00456,2026-02-05 00:54:37.852111,RS,Esportes,729.18,4,3
ORD-00457,2026-02-02 00:54:37.852111,SC,Beleza e Saúde,1488.1,9,4
ORD-00458,2026-06-05 00:54:37.852111,PE,Cama Mesa Banho,1327.37,10,4
ORD-00459,2025-11-08 00:54:37.852111,MG,Cama Mesa Banho,428.77,3,2
ORD-00460,2025-08-29 00:54:37.852111,AM,Cama Mesa Banho,744.6,13,2
ORD-00461,2025-12-09 00:54:37.852111,SP,Esportes,563.71,6,3
ORD-00462,2026-05-29 00:54:37.852111,RS,Cama Mesa Banho,1246.07,10,4
ORD-00463,2026-03-12 00:54:37.852111,RS,Eletrônicos,721.91,6,3
ORD-00464,2026-03-22 00:54:37.852111,SP,Beleza e Saúde,652.66,6,4
ORD-00465,2026-05-19 00:54:37.852111,CE,Eletrônicos,454.39,10,3
ORD-00466,2026-02-09 00:54:37.852111,MG,Cama Mesa Banho,847.6,5,4
ORD-00467,2025-11-01 00:54:37.852111,PR,Beleza e Saúde,431.23,7,3
ORD-00468,2026-01-05 00:54:37.852111,SC,Eletrônicos,1927.01,8,3
ORD-00469,2026-06-05 00:54:37.852111,PE,Esportes,351.28,20,1
ORD-00470,2026-06-27 00:54:37.852111,SC,Informática,1830.94,11,4
ORD-00471,2026-05-11 00:54:37.852111,MG,Eletrônicos,885.52,7,5
ORD-00472,2025-12-18 00:54:37.852111,SC,Móveis,786.84,9,3
ORD-00473,2026-01-21 00:54:37.852111,SP,Cama Mesa Banho,501.07,5,5
ORD-00474,2026-01-07 00:54:37.852111,RS,Móveis,1289.72,8,4
ORD-00475,2025-09-06 00:54:37.852111,SC,Informática,1386.78,10,5
ORD-00476,2026-07-05 00:54:37.852111,BA,Esportes,961.76,20,2
ORD-00477,2026-05-05 00:54:37.852111,AM,Eletrônicos,158.63,17,1
ORD-00478,2025-10-28 00:54:37.852111,MG,Esportes,1841.09,1,5
ORD-00479,2025-12-02 00:54:37.852111,CE,Informática,1961.64,19,3
ORD-00480,2026-01-03 00:54:37.852111,BA,Móveis,890.53,19,2
ORD-00481,2025-08-21 00:54:37.852111,SP,Eletrônicos,1246.64,3,4
ORD-00482,2026-07-21 00:54:37.852111,RJ,Cama Mesa Banho,928.08,2,5
ORD-00483,2025-12-06 00:54:37.852111,SP,Beleza e Saúde,677.67,7,3
ORD-00484,2026-08-03 00:54:37.852111,CE,Esportes,200.77,20,2
ORD-00485,2025-12-10 00:54:37.852111,CE,Informática,939.33,16,4
ORD-00486,2025-09-22 00:54:37.852111,BA,Eletrônicos,1645.85,12,3
ORD-00487,2026-05-05 00:54:37.852111,AM,Móveis,83.21,13,4
ORD-00488,2025-10-27 00:54:37.852111,MG,Cama Mesa Banho,1185.11,7,4
ORD-00489,2026-02-14 00:54:37.852111,PR,Móveis,1767.51,10,3
ORD-00490,2026-01-02 00:54:37.852111,RS,Cama Mesa Banho,474.22,8,3
ORD-00491,2025-12-06 00:54:37.852111,BA,Eletrônicos,407.35,20,2
ORD-00492,2026-03-19 00:54:37.852111,CE,Beleza e Saúde,1555.94,13,1
ORD-00493,2026-05-09 00:54:37.852111,RJ,Beleza e Saúde,547.42,8,3
ORD-00494,2025-11-29 00:54:37.852111,PE,Informática,424.37,24,1
ORD-00495,2025-09-22 00:54:37.852111,CE,Informática,787.08,15,3
ORD-00496,2026-08-09 00:54:37.852111,AM,Cama Mesa Banho,815.38,14,3
ORD-00497,2026-07-28 00:54:37.852111,AM,Cama Mesa Banho,1754.5,4,5
ORD-00498,2025-11-06 00:54:37.852111,CE,Cama Mesa Banho,1255.96,10,1
ORD-00499,2025-09-11 00:54:37.852111,AM,Cama Mesa Banho,841.62,11,3
ORD-00500,2025-12-09 00:54:37.852111,BA,Eletrônicos,1092.06,18,1
ORD-00501,2025-11-28 00:54:37.852111,CE,Eletrônicos,1910.23,16,2
ORD-00502,2026-03-06 00:54:37.852111,CE,Beleza e Saúde,270.77,11,3
ORD-00503,2025-09-07 00:54:37.852111,MG,Informática,455.05,4,5
ORD-00504,2026-03-14 00:54:37.852111,RS,Informática,1926.93,11,4
ORD-00505,2026-02-16 00:54:37.852111,RJ,Esportes,1916.78,6,4
ORD-00506,2026-03-03 00:54:37.852111,AM,Informática,395.47,8,4
ORD-00507,2026-07-11 00:54:37.852111,MG,Informática,332.96,4,4
ORD-00508,2026-02-15 00:54:37.852111,PR,Móveis,871.12,5,4
ORD-00509,2026-05-04 00:54:37.852111,PR,Móveis,146.95,12,4
ORD-00510,2025-11-18 00:54:37.852111,SC,Esportes,1327.06,12,2
ORD-00511,2025-09-24 00:54:37.852111,BA,Cama Mesa Banho,201.12,13,4
ORD-00512,2026-06-09 00:54:37.852111,BA,Esportes,163.16,14,3
ORD-00513,2026-02-26 00:54:37.852111,SP,Esportes,996.11,4,5
ORD-00514,2025-09-17 00:54:37.852111,RJ,Beleza e Saúde,1917.68,1,5
ORD-00515,2026-07-01 00:54:37.852111,CE,Eletrônicos,882.25,19,1
ORD-00516,2026-06-30 00:54:37.852111,AM,Informática,745.14,16,2
ORD-00517,2025-11-01 00:54:37.852111,RJ,Beleza e Saúde,1996.02,6,3
ORD-00518,2026-08-01 00:54:37.852111,SC,Eletrônicos,1087.34,6,2
ORD-00519,2026-05-10 00:54:37.852111,SP,Informática,781.72,3,4
ORD-00520,2025-10-15 00:54:37.852111,MG,Esportes,802.43,1,5
ORD-00521,2025-12-03 00:54:37.852111,RJ,Informática,430.17,2,5
ORD-00522,2025-12-14 00:54:37.852111,MG,Cama Mesa Banho,1048.83,2,5
ORD-00523,2026-07-09 00:54:37.852111,PR,Cama Mesa Banho,905.77,12,4
ORD-00524,2026-01-10 00:54:37.852111,AM,Esportes,578.05,14,2
ORD-00525,2025-09-10 00:54:37.852111,SC,Móveis,363.05,10,3
ORD-00526,2026-05-15 00:54:37.852111,CE,Cama Mesa Banho,656.92,16,3
ORD-00527,2025-11-22 00:54:37.852111,AM,Esportes,1041.93,11,4
ORD-00528,2026-05-12 00:54:37.852111,RS,Beleza e Saúde,163.75,9,3
ORD-00529,2026-05-15 00:54:37.852111,BA,Móveis,349.8,20,1
ORD-00530,2026-04-20 00:54:37.852111,SC,Cama Mesa Banho,1897.93,6,5
ORD-00531,2026-04-30 00:54:37.852111,RJ,Esportes,1108.57,6,4
ORD-00532,2026-01-29 00:54:37.852111,AM,Esportes,173.73,13,3
ORD-00533,2025-10-03 00:54:37.852111,PE,Beleza e Saúde,1401.52,15,3
ORD-00534,2026-04-21 00:54:37.852111,BA,Beleza e Saúde,170.52,20,2
ORD-00535,2026-05-30 00:54:37.852111,BA,Móveis,1490.8,14,3
ORD-00536,2026-01-08 00:54:37.852111,PE,Eletrônicos,1512.43,18,4
ORD-00537,2025-11-09 00:54:37.852111,SP,Cama Mesa Banho,1319.6,4,4
ORD-00538,2025-12-07 00:54:37.852111,SP,Esportes,1477.8,5,3
ORD-00539,2026-03-02 00:54:37.852111,PE,Móveis,221.53,6,4
ORD-00540,2025-08-21 00:54:37.852111,RS,Móveis,1467.22,4,4
ORD-00541,2026-02-02 00:54:37.852111,PR,Beleza e Saúde,316.54,11,5
ORD-00542,2025-12-29 00:54:37.852111,PE,Esportes,712.04,23,3
ORD-00543,2026-02-17 00:54:37.852111,PR,Informática,1888.35,7,4
ORD-00544,2026-05-06 00:54:37.852111,AM,Eletrônicos,1030.61,16,1
ORD-00545,2026-07-08 00:54:37.852111,RS,Eletrônicos,1936.48,10,2
ORD-00546,2026-05-09 00:54:37.852111,SC,Beleza e Saúde,223.4,12,3
ORD-00547,2026-03-14 00:54:37.852111,PR,Esportes,981.24,3,5
ORD-00548,2026-03-15 00:54:37.852111,BA,Móveis,171.68,13,3
ORD-00549,2026-02-04 00:54:37.852111,AM,Eletrônicos,1278.91,16,2
ORD-00550,2026-01-01 00:54:37.852111,BA,Móveis,203.48,21,1
ORD-00551,2026-07-07 00:54:37.852111,RS,Cama Mesa Banho,391.97,17,3
ORD-00552,2025-11-18 00:54:37.852111,PR,Informática,554.72,9,1
ORD-00553,2026-02-11 00:54:37.852111,MG,Beleza e Saúde,1510.05,2,4
ORD-00554,2026-07-31 00:54:37.852111,RS,Eletrônicos,369.73,11,3
ORD-00555,2025-11-07 00:54:37.852111,RS,Cama Mesa Banho,1700.93,13,4
ORD-00556,2026-01-08 00:54:37.852111,MG,Cama Mesa Banho,307.21,5,3
ORD-00557,2025-08-23 00:54:37.852111,AM,Informática,118.73,13,3
ORD-00558,2025-08-17 00:54:37.852111,PR,Beleza e Saúde,820.34,12,4
ORD-00559,2025-10-31 00:54:37.852111,PR,Beleza e Saúde,1959.91,11,5
ORD-00560,2025-11-13 00:54:37.852111,BA,Móveis,265.17,12,5
ORD-00561,2026-06-12 00:54:37.852111,RS,Beleza e Saúde,248.35,11,3
ORD-00562,2026-05-21 00:54:37.852111,RS,Cama Mesa Banho,1514.77,12,3
ORD-00563,2026-01-08 00:54:37.852111,CE,Móveis,658.72,23,1
ORD-00564,2025-09-05 00:54:37.852111,SC,Beleza e Saúde,1448.7,9,3
ORD-00565,2026-02-07 00:54:37.852111,RS,Informática,440.02,8,3
ORD-00566,2026-07-25 00:54:37.852111,RJ,Cama Mesa Banho,947.14,7,5
ORD-00567,2026-02-17 00:54:37.852111,SC,Esportes,567.32,6,5
ORD-00568,2026-05-05 00:54:37.852111,RJ,Informática,930.48,5,5
ORD-00569,2025-12-23 00:54:37.852111,PR,Informática,1549.74,5,5
ORD-00570,2026-05-29 00:54:37.852111,SC,Beleza e Saúde,1535.92,13,5
ORD-00571,2025-11-21 00:54:37.852111,RS,Móveis,1055.76,9,4
ORD-00572,2025-11-02 00:54:37.852111,MG,Móveis,1860.33,7,5
ORD-00573,2026-01-19 00:54:37.852111,BA,Cama Mesa Banho,564.38,20,2
ORD-00574,2026-01-02 00:54:37.852111,RJ,Beleza e Saúde,518.61,2,5
ORD-00575,2026-06-22 00:54:37.852111,SC,Móveis,1246.92,14,4
ORD-00576,2025-09-08 00:54:37.852111,RS,Eletrônicos,1261.53,14,4
ORD-00577,2026-03-22 00:54:37.852111,SC,Esportes,140.75,12,3
ORD-00578,2026-06-05 00:54:37.852111,RS,Eletrônicos,1235.17,7,3
ORD-00579,2026-05-06 00:54:37.852111,RS,Beleza e Saúde,780.15,9,2
ORD-00580,2026-07-19 00:54:37.852111,RS,Beleza e Saúde,1507.51,10,4
ORD-00581,2026-06-21 00:54:37.852111,CE,Móveis,1625.81,14,5
ORD-00582,2026-03-15 00:54:37.852111,BA,Informática,1126.7,26,1
ORD-00583,2026-03-22 00:54:37.852111,MG,Beleza e Saúde,53.32,5,5
ORD-00584,2026-06-17 00:54:37.852111,MG,Informática,1290.91,1,5
ORD-00585,2026-07-05 00:54:37.852111,SC,Cama Mesa Banho,1510.32,11,3
ORD-00586,2026-04-26 00:54:37.852111,SC,Cama Mesa Banho,535.52,8,5
ORD-00587,2026-02-13 00:54:37.852111,RS,Móveis,956.06,9,1
ORD-00588,2026-07-02 00:54:37.852111,CE,Cama Mesa Banho,1933.17,16,1
ORD-00589,2026-02-08 00:54:37.852111,RS,Eletrônicos,631.33,12,2
ORD-00590,2026-01-02 00:54:37.852111,CE,Eletrônicos,485.15,23,1
ORD-00591,2026-04-13 00:54:37.852111,RS,Eletrônicos,461.17,10,4
ORD-00592,2026-04-02 00:54:37.852111,RJ,Móveis,1139.66,4,5
ORD-00593,2026-03-03 00:54:37.852111,RJ,Móveis,1902.08,4,5
ORD-00594,2026-01-10 00:54:37.852111,PR,Eletrônicos,1236.95,10,4
ORD-00595,2026-01-04 00:54:37.852111,RS,Informática,641.48,7,3
ORD-00596,2025-12-21 00:54:37.852111,BA,Eletrônicos,1295.21,20,1
ORD-00597,2025-09-16 00:54:37.852111,PR,Informática,1268.44,11,4
ORD-00598,2026-03-20 00:54:37.852111,SC,Cama Mesa Banho,1214.0,14,2
ORD-00599,2025-12-17 00:54:37.852111,AM,Informática,360.88,24,1
ORD-00600,2026-05-29 00:54:37.852111,RS,Beleza e Saúde,1287.41,7,5
ORD-00601,2026-08-04 00:54:37.852111,RJ,Esportes,888.82,6,5
ORD-00602,2026-05-31 00:54:37.852111,AM,Beleza e Saúde,86.25,13,5
ORD-00603,2025-12-03 00:54:37.852111,CE,Beleza e Saúde,1102.54,21,2
ORD-00604,2025-12-26 00:54:37.852111,AM,Móveis,1979.07,15,3
ORD-00605,2026-08-06 00:54:37.852111,BA,Esportes,731.99,12,5
ORD-00606,2026-02-20 00:54:37.852111,RS,Móveis,1932.84,10,3
ORD-00607,2026-03-25 00:54:37.852111,MG,Informática,237.6,1,5
ORD-00608,2026-02-26 00:54:37.852111,AM,Eletrônicos,1478.28,9,4
ORD-00609,2026-02-24 00:54:37.852111,MG,Informática,272.94,4,5
ORD-00610,2025-11-03 00:54:37.852111,CE,Esportes,583.46,18,3
ORD-00611,2026-04-13 00:54:37.852111,PR,Cama Mesa Banho,1163.14,8,5
ORD-00612,2026-01-31 00:54:37.852111,MG,Informática,1205.92,1,5
ORD-00613,2026-08-08 00:54:37.852111,PR,Beleza e Saúde,1561.66,7,3
ORD-00614,2026-07-15 00:54:37.852111,RJ,Esportes,1249.86,5,5
ORD-00615,2026-03-01 00:54:37.852111,RS,Esportes,1207.55,11,2
ORD-00616,2025-09-08 00:54:37.852111,AM,Informática,1829.09,17,4
ORD-00617,2026-03-30 00:54:37.852111,RJ,Informática,931.71,7,4
ORD-00618,2025-08-13 00:54:37.852111,RJ,Móveis,489.27,5,5
ORD-00619,2025-09-26 00:54:37.852111,PE,Móveis,365.49,14,4
ORD-00620,2025-09-05 00:54:37.852111,SP,Beleza e Saúde,829.99,4,5
ORD-00621,2026-03-21 00:54:37.852111,BA,Esportes,1439.87,10,4
ORD-00622,2025-09-20 00:54:37.852111,PR,Cama Mesa Banho,132.96,9,4
ORD-00623,2026-01-08 00:54:37.852111,PE,Cama Mesa Banho,301.65,23,1
ORD-00624,2025-10-16 00:54:37.852111,SP,Esportes,256.92,6,4
ORD-00625,2026-04-03 00:54:37.852111,BA,Beleza e Saúde,1191.24,25,1
ORD-00626,2025-10-25 00:54:37.852111,PR,Móveis,523.59,9,4
ORD-00627,2026-06-04 00:54:37.852111,RS,Móveis,374.21,14,2
ORD-00628,2025-12-04 00:54:37.852111,BA,Móveis,1205.9,17,1
ORD-00629,2025-11-11 00:54:37.852111,AM,Cama Mesa Banho,1534.55,25,3
ORD-00630,2025-08-14 00:54:37.852111,RJ,Cama Mesa Banho,697.7,4,5
ORD-00631,2026-02-12 00:54:37.852111,SP,Beleza e Saúde,1177.5,6,4
ORD-00632,2026-02-27 00:54:37.852111,SP,Cama Mesa Banho,241.34,7,4
ORD-00633,2026-05-14 00:54:37.852111,SP,Informática,1873.62,4,4
ORD-00634,2026-01-23 00:54:37.852111,PR,Cama Mesa Banho,706.95,10,4
ORD-00635,2025-09-01 00:54:37.852111,AM,Móveis,1995.14,24,1
ORD-00636,2026-07-25 00:54:37.852111,BA,Beleza e Saúde,1958.25,17,4
ORD-00637,2026-07-05 00:54:37.852111,RJ,Esportes,1568.71,2,4
ORD-00638,2026-04-09 00:54:37.852111,AM,Esportes,89.13,28,1
ORD-00639,2026-02-21 00:54:37.852111,PE,Beleza e Saúde,1109.78,15,3
ORD-00640,2026-03-25 00:54:37.852111,RS,Informática,219.33,10,3
ORD-00641,2025-12-14 00:54:37.852111,MG,Esportes,1795.52,7,4
ORD-00642,2026-01-05 00:54:37.852111,AM,Móveis,1589.79,14,2
ORD-00643,2026-04-09 00:54:37.852111,PE,Esportes,1946.06,12,4
ORD-00644,2026-06-16 00:54:37.852111,RJ,Esportes,1236.35,5,5
ORD-00645,2026-03-18 00:54:37.852111,MG,Móveis,1068.24,1,4
ORD-00646,2025-09-30 00:54:37.852111,MG,Cama Mesa Banho,1062.0,4,4
ORD-00647,2025-08-17 00:54:37.852111,AM,Informática,803.57,19,3
ORD-00648,2026-08-12 00:54:37.852111,SP,Móveis,963.95,4,4
ORD-00649,2025-08-30 00:54:37.852111,SC,Móveis,1289.05,5,5
ORD-00650,2026-02-04 00:54:37.852111,RJ,Eletrônicos,1869.25,8,4
ORD-00651,2026-02-03 00:54:37.852111,SP,Beleza e Saúde,1211.97,5,5
ORD-00652,2025-10-05 00:54:37.852111,RJ,Informática,1721.38,7,3
ORD-00653,2026-04-18 00:54:37.852111,SC,Cama Mesa Banho,1732.42,9,3
ORD-00654,2026-04-01 00:54:37.852111,RS,Eletrônicos,1061.72,7,4
ORD-00655,2026-06-16 00:54:37.852111,SC,Móveis,727.57,10,3
ORD-00656,2026-06-30 00:54:37.852111,CE,Eletrônicos,1297.17,16,3
ORD-00657,2026-02-21 00:54:37.852111,AM,Cama Mesa Banho,919.46,12,2
ORD-00658,2026-03-06 00:54:37.852111,AM,Eletrônicos,208.81,25,4
ORD-00659,2026-02-21 00:54:37.852111,PE,Eletrônicos,786.73,14,4
ORD-00660,2025-09-30 00:54:37.852111,SP,Eletrônicos,1988.44,1,5
ORD-00661,2025-10-14 00:54:37.852111,PE,Móveis,144.6,24,2
ORD-00662,2026-03-17 00:54:37.852111,CE,Móveis,1408.5,15,1
ORD-00663,2026-05-25 00:54:37.852111,SC,Beleza e Saúde,1690.32,8,5
ORD-00664,2026-01-12 00:54:37.852111,AM,Esportes,1315.02,9,3
ORD-00665,2026-01-22 00:54:37.852111,PR,Informática,1161.01,15,3
ORD-00666,2025-12-04 00:54:37.852111,SC,Beleza e Saúde,1429.73,6,2
ORD-00667,2025-12-27 00:54:37.852111,SC,Cama Mesa Banho,887.22,10,4
ORD-00668,2026-03-02 00:54:37.852111,CE,Eletrônicos,228.16,22,1
ORD-00669,2025-12-29 00:54:37.852111,RS,Móveis,1926.62,11,4
ORD-00670,2026-03-19 00:54:37.852111,RJ,Eletrônicos,892.99,4,4
ORD-00671,2026-07-24 00:54:37.852111,CE,Móveis,1347.51,9,3
ORD-00672,2026-06-27 00:54:37.852111,RJ,Informática,1086.06,3,4
ORD-00673,2025-12-23 00:54:37.852111,AM,Beleza e Saúde,156.61,18,3
ORD-00674,2025-10-12 00:54:37.852111,CE,Beleza e Saúde,1907.86,14,2
ORD-00675,2026-07-30 00:54:37.852111,RJ,Cama Mesa Banho,1595.45,5,4
ORD-00676,2026-03-23 00:54:37.852111,PE,Beleza e Saúde,340.74,21,3
ORD-00677,2026-08-12 00:54:37.852111,CE,Beleza e Saúde,1964.22,22,4
ORD-00678,2026-06-20 00:54:37.852111,AM,Esportes,1486.96,11,4
ORD-00679,2025-11-27 00:54:37.852111,CE,Informática,971.03,28,1
ORD-00680,2026-03-22 00:54:37.852111,AM,Eletrônicos,1242.17,21,2
ORD-00681,2026-08-01 00:54:37.852111,CE,Beleza e Saúde,258.14,17,3
ORD-00682,2025-09-17 00:54:37.852111,RJ,Cama Mesa Banho,1142.8,7,4
ORD-00683,2026-01-01 00:54:37.852111,RS,Eletrônicos,193.64,17,3
ORD-00684,2025-11-14 00:54:37.852111,BA,Móveis,1112.47,10,4
ORD-00685,2025-08-20 00:54:37.852111,RJ,Beleza e Saúde,1127.76,4,5
ORD-00686,2026-03-10 00:54:37.852111,SP,Beleza e Saúde,1755.16,1,5
ORD-00687,2026-08-05 00:54:37.852111,MG,Eletrônicos,1463.86,5,5
ORD-00688,2026-04-13 00:54:37.852111,RS,Móveis,536.63,11,3
ORD-00689,2025-08-30 00:54:37.852111,PE,Esportes,1782.43,17,2
ORD-00690,2026-03-02 00:54:37.852111,SC,Informática,1167.82,8,5
ORD-00691,2026-05-15 00:54:37.852111,RJ,Esportes,1232.44,1,3
ORD-00692,2026-03-30 00:54:37.852111,CE,Cama Mesa Banho,379.51,19,2
ORD-00693,2026-02-08 00:54:37.852111,RJ,Eletrônicos,1722.66,7,3
ORD-00694,2025-10-01 00:54:37.852111,PR,Beleza e Saúde,1865.38,8,5
ORD-00695,2026-02-16 00:54:37.852111,RS,Esportes,1561.23,11,5
ORD-00696,2026-07-16 00:54:37.852111,BA,Informática,1884.47,10,5
ORD-00697,2026-01-05 00:54:37.852111,PE,Cama Mesa Banho,639.48,20,2
ORD-00698,2025-08-21 00:54:37.852111,PR,Esportes,1729.18,8,5
ORD-00699,2026-07-03 00:54:37.852111,AM,Beleza e Saúde,1003.34,14,3
ORD-00700,2025-12-28 00:54:37.852111,PR,Informática,369.64,7,5
ORD-00701,2026-02-02 00:54:37.852111,RJ,Beleza e Saúde,1354.16,4,5
ORD-00702,2026-03-21 00:54:37.852111,PE,Beleza e Saúde,1384.03,19,2
ORD-00703,2026-01-24 00:54:37.852111,RJ,Cama Mesa Banho,609.5,2,4
ORD-00704,2026-01-13 00:54:37.852111,AM,Informática,103.61,16,3
ORD-00705,2026-01-05 00:54:37.852111,SC,Móveis,439.7,9,4
ORD-00706,2025-12-16 00:54:37.852111,PE,Beleza e Saúde,829.57,12,4
ORD-00707,2026-06-28 00:54:37.852111,SC,Informática,376.75,15,3
ORD-00708,2026-07-09 00:54:37.852111,RS,Beleza e Saúde,428.36,7,5
ORD-00709,2025-12-03 00:54:37.852111,RS,Esportes,813.21,7,1
ORD-00710,2026-05-23 00:54:37.852111,SC,Esportes,1925.48,7,5
ORD-00711,2025-11-30 00:54:37.852111,RS,Informática,1540.27,15,4
ORD-00712,2026-01-28 00:54:37.852111,PE,Cama Mesa Banho,673.51,20,3
ORD-00713,2025-10-14 00:54:37.852111,CE,Móveis,1905.63,13,3
ORD-00714,2026-08-03 00:54:37.852111,SP,Esportes,1309.01,7,4
ORD-00715,2025-10-05 00:54:37.852111,RS,Cama Mesa Banho,938.13,10,5
ORD-00716,2025-10-31 00:54:37.852111,RS,Móveis,963.19,10,5
ORD-00717,2025-12-14 00:54:37.852111,RJ,Esportes,850.95,4,4
ORD-00718,2025-12-05 00:54:37.852111,SC,Móveis,504.33,7,4
ORD-00719,2025-08-13 00:54:37.852111,MG,Eletrônicos,803.93,5,5
ORD-00720,2026-08-08 00:54:37.852111,BA,Beleza e Saúde,1079.4,15,1
ORD-00721,2026-04-16 00:54:37.852111,PR,Informática,1079.65,15,2
ORD-00722,2025-10-28 00:54:37.852111,RS,Esportes,1535.39,6,5
ORD-00723,2026-06-09 00:54:37.852111,PR,Esportes,749.66,14,4
ORD-00724,2026-03-20 00:54:37.852111,PE,Beleza e Saúde,1447.76,17,3
ORD-00725,2026-01-01 00:54:37.852111,MG,Esportes,1177.28,5,4
ORD-00726,2025-12-17 00:54:37.852111,BA,Esportes,1925.6,22,1
ORD-00727,2026-02-17 00:54:37.852111,SC,Eletrônicos,801.31,8,3
ORD-00728,2025-11-19 00:54:37.852111,SP,Esportes,1807.37,6,5
ORD-00729,2025-09-06 00:54:37.852111,BA,Esportes,1650.25,4,4
ORD-00730,2025-11-04 00:54:37.852111,BA,Esportes,1293.45,14,3
ORD-00731,2026-06-11 00:54:37.852111,SP,Cama Mesa Banho,1326.3,3,4
ORD-00732,2026-01-08 00:54:37.852111,CE,Esportes,215.07,11,4
ORD-00733,2025-09-05 00:54:37.852111,SC,Beleza e Saúde,1902.94,9,3
ORD-00734,2025-10-02 00:54:37.852111,RJ,Eletrônicos,258.53,5,4
ORD-00735,2025-11-03 00:54:37.852111,PR,Esportes,1148.3,12,2
ORD-00736,2026-02-17 00:54:37.852111,RS,Móveis,693.64,10,2
ORD-00737,2026-05-07 00:54:37.852111,BA,Eletrônicos,888.21,14,3
ORD-00738,2026-04-30 00:54:37.852111,PE,Eletrônicos,1239.86,19,1
ORD-00739,2026-05-06 00:54:37.852111,SP,Móveis,1822.26,5,5
ORD-00740,2025-10-06 00:54:37.852111,PR,Beleza e Saúde,942.26,12,1
ORD-00741,2026-08-07 00:54:37.852111,MG,Cama Mesa Banho,1976.07,6,3
ORD-00742,2026-01-28 00:54:37.852111,SP,Beleza e Saúde,1205.98,5,4
ORD-00743,2025-08-27 00:54:37.852111,MG,Cama Mesa Banho,363.08,3,4
ORD-00744,2026-04-02 00:54:37.852111,SC,Informática,420.52,8,3
ORD-00745,2025-08-20 00:54:37.852111,BA,Móveis,1446.42,15,2
ORD-00746,2025-11-27 00:54:37.852111,PE,Eletrônicos,148.28,16,2
ORD-00747,2026-07-21 00:54:37.852111,RS,Eletrônicos,986.67,10,3
ORD-00748,2026-06-21 00:54:37.852111,MG,Eletrônicos,339.03,6,5
ORD-00749,2026-03-01 00:54:37.852111,PR,Móveis,894.78,9,4
ORD-00750,2026-01-23 00:54:37.852111,CE,Móveis,1512.34,18,4
ORD-00751,2026-05-22 00:54:37.852111,SC,Cama Mesa Banho,944.69,10,4
ORD-00752,2026-03-21 00:54:37.852111,CE,Eletrônicos,368.73,15,4
ORD-00753,2026-05-20 00:54:37.852111,SC,Beleza e Saúde,541.25,7,1
ORD-00754,2026-05-27 00:54:37.852111,RJ,Cama Mesa Banho,766.7,1,5
ORD-00755,2026-08-12 00:54:37.852111,PR,Eletrônicos,185.64,7,5
ORD-00756,2026-06-23 00:54:37.852111,CE,Móveis,1189.46,20,2
ORD-00757,2026-02-21 00:54:37.852111,PE,Móveis,1234.69,14,5
ORD-00758,2026-01-20 00:54:37.852111,BA,Móveis,171.2,16,4
ORD-00759,2025-11-26 00:54:37.852111,SP,Eletrônicos,834.51,5,4
ORD-00760,2025-10-29 00:54:37.852111,RS,Móveis,857.3,11,3
ORD-00761,2026-07-10 00:54:37.852111,BA,Informática,700.95,12,2
ORD-00762,2025-08-30 00:54:37.852111,BA,Móveis,1137.59,22,1
ORD-00763,2026-05-10 00:54:37.852111,SC,Eletrônicos,724.62,13,2
ORD-00764,2026-06-02 00:54:37.852111,PE,Cama Mesa Banho,862.0,12,4
ORD-00765,2026-07-05 00:54:37.852111,SC,Móveis,1605.17,7,3
ORD-00766,2026-03-12 00:54:37.852111,AM,Esportes,366.11,23,2
ORD-00767,2025-12-06 00:54:37.852111,MG,Informática,1257.27,4,5
ORD-00768,2026-03-04 00:54:37.852111,RS,Eletrônicos,1035.91,3,3
ORD-00769,2026-04-17 00:54:37.852111,MG,Móveis,644.89,2,5
ORD-00770,2025-11-27 00:54:37.852111,SP,Esportes,1468.69,4,5
ORD-00771,2025-10-11 00:54:37.852111,AM,Eletrônicos,1124.82,12,4
ORD-00772,2025-11-18 00:54:37.852111,PR,Cama Mesa Banho,980.85,8,3
ORD-00773,2026-06-20 00:54:37.852111,SP,Informática,1351.96,5,5
ORD-00774,2025-12-20 00:54:37.852111,SP,Móveis,1614.47,7,5
ORD-00775,2026-01-03 00:54:37.852111,RJ,Cama Mesa Banho,1946.7,4,4
ORD-00776,2025-12-05 00:54:37.852111,RS,Eletrônicos,1277.23,13,5
ORD-00777,2025-10-04 00:54:37.852111,SC,Esportes,1755.16,14,3
ORD-00778,2026-04-23 00:54:37.852111,PE,Eletrônicos,52.13,25,3
ORD-00779,2025-12-01 00:54:37.852111,MG,Eletrônicos,1083.96,5,5
ORD-00780,2025-10-14 00:54:37.852111,SP,Informática,468.56,1,5
ORD-00781,2026-01-18 00:54:37.852111,MG,Móveis,233.68,5,3
ORD-00782,2025-12-27 00:54:37.852111,MG,Cama Mesa Banho,1087.34,7,4
ORD-00783,2025-09-06 00:54:37.852111,PR,Informática,1506.31,9,3
ORD-00784,2026-06-08 00:54:37.852111,RS,Esportes,853.93,15,2
ORD-00785,2026-05-30 00:54:37.852111,RS,Móveis,1356.71,12,5
ORD-00786,2026-05-02 00:54:37.852111,CE,Informática,1004.95,20,2
ORD-00787,2026-02-02 00:54:37.852111,BA,Esportes,902.32,23,1
ORD-00788,2025-12-04 00:54:37.852111,RS,Esportes,616.0,11,3
ORD-00789,2025-12-30 00:54:37.852111,MG,Cama Mesa Banho,796.06,1,4
ORD-00790,2025-10-23 00:54:37.852111,SC,Eletrônicos,732.1,8,5
ORD-00791,2025-10-11 00:54:37.852111,MG,Esportes,1310.07,7,3
ORD-00792,2026-05-07 00:54:37.852111,SC,Esportes,276.24,7,5
ORD-00793,2025-09-09 00:54:37.852111,CE,Eletrônicos,230.64,16,4
ORD-00794,2025-10-31 00:54:37.852111,SC,Beleza e Saúde,1337.03,6,4
ORD-00795,2025-09-12 00:54:37.852111,RS,Esportes,1115.28,15,3
ORD-00796,2025-08-31 00:54:37.852111,PR,Móveis,888.89,15,2
ORD-00797,2025-10-09 00:54:37.852111,SC,Informática,347.26,7,5
ORD-00798,2025-12-07 00:54:37.852111,MG,Eletrônicos,851.5,5,5
ORD-00799,2026-02-28 00:54:37.852111,PE,Eletrônicos,1589.98,14,3
ORD-00800,2025-09-12 00:54:37.852111,RS,Eletrônicos,1784.76,11,3
ORD-00801,2026-07-14 00:54:37.852111,PE,Móveis,1420.02,20,2
ORD-00802,2025-12-09 00:54:37.852111,AM,Eletrônicos,166.83,22,2
ORD-00803,2026-04-29 00:54:37.852111,AM,Móveis,1357.3,19,4
ORD-00804,2026-06-23 00:54:37.852111,MG,Cama Mesa Banho,519.92,10,2
ORD-00805,2026-05-24 00:54:37.852111,AM,Beleza e Saúde,664.74,12,3
ORD-00806,2026-04-02 00:54:37.852111,BA,Eletrônicos,431.95,9,4
ORD-00807,2025-11-01 00:54:37.852111,CE,Beleza e Saúde,1562.72,16,3
ORD-00808,2026-03-28 00:54:37.852111,RS,Eletrônicos,1314.77,5,4
ORD-00809,2026-02-10 00:54:37.852111,PE,Móveis,1243.08,10,3
ORD-00810,2025-09-17 00:54:37.852111,MG,Informática,1352.55,2,5
ORD-00811,2025-11-13 00:54:37.852111,BA,Beleza e Saúde,511.71,13,4
ORD-00812,2025-09-07 00:54:37.852111,MG,Beleza e Saúde,917.06,3,5
ORD-00813,2026-06-05 00:54:37.852111,BA,Móveis,1284.84,20,1
ORD-00814,2026-07-10 00:54:37.852111,AM,Beleza e Saúde,1291.36,15,3
ORD-00815,2025-11-24 00:54:37.852111,AM,Cama Mesa Banho,1594.11,17,1
ORD-00816,2026-06-21 00:54:37.852111,SC,Móveis,609.85,12,4
ORD-00817,2026-01-20 00:54:37.852111,RJ,Beleza e Saúde,1552.16,3,5
ORD-00818,2026-04-09 00:54:37.852111,MG,Beleza e Saúde,908.36,4,4
ORD-00819,2025-12-21 00:54:37.852111,SC,Beleza e Saúde,1356.84,11,3
ORD-00820,2026-07-01 00:54:37.852111,RS,Móveis,938.65,4,4
ORD-00821,2025-12-16 00:54:37.852111,SC,Informática,1899.79,2,5
ORD-00822,2026-04-24 00:54:37.852111,SP,Esportes,399.64,5,4
ORD-00823,2025-12-07 00:54:37.852111,AM,Eletrônicos,1366.26,20,4
ORD-00824,2026-03-15 00:54:37.852111,SP,Beleza e Saúde,1174.24,9,4
ORD-00825,2026-02-11 00:54:37.852111,MG,Esportes,386.83,5,5
ORD-00826,2025-09-11 00:54:37.852111,PE,Esportes,178.71,22,2
ORD-00827,2026-05-10 00:54:37.852111,PE,Beleza e Saúde,1608.33,17,3
ORD-00828,2026-08-05 00:54:37.852111,RS,Beleza e Saúde,357.03,10,2
ORD-00829,2025-08-18 00:54:37.852111,SC,Eletrônicos,413.69,15,3
ORD-00830,2026-02-10 00:54:37.852111,PE,Esportes,1957.95,7,4
ORD-00831,2025-11-05 00:54:37.852111,BA,Informática,1448.66,20,3
ORD-00832,2026-01-30 00:54:37.852111,BA,Esportes,538.45,28,1
ORD-00833,2025-08-26 00:54:37.852111,RS,Informática,1202.35,10,3
ORD-00834,2026-01-30 00:54:37.852111,CE,Cama Mesa Banho,1091.52,26,1
ORD-00835,2026-03-11 00:54:37.852111,AM,Informática,1696.72,14,2
ORD-00836,2026-05-12 00:54:37.852111,SC,Eletrônicos,1472.18,9,2
ORD-00837,2026-03-06 00:54:37.852111,MG,Móveis,1671.86,5,5
ORD-00838,2026-06-13 00:54:37.852111,PR,Beleza e Saúde,462.44,3,5
ORD-00839,2026-04-13 00:54:37.852111,PR,Cama Mesa Banho,1298.43,6,5
ORD-00840,2026-06-23 00:54:37.852111,PR,Esportes,128.47,6,5
ORD-00841,2025-11-09 00:54:37.852111,PE,Informática,184.43,22,1
ORD-00842,2026-08-08 00:54:37.852111,CE,Cama Mesa Banho,1441.38,22,1
ORD-00843,2026-05-13 00:54:37.852111,CE,Móveis,97.62,19,2
ORD-00844,2026-02-24 00:54:37.852111,SC,Informática,1180.54,12,3
ORD-00845,2025-09-30 00:54:37.852111,SC,Eletrônicos,1688.79,9,3
ORD-00846,2026-07-22 00:54:37.852111,CE,Esportes,790.89,24,1
ORD-00847,2025-09-21 00:54:37.852111,RS,Esportes,137.44,10,3
ORD-00848,2026-08-12 00:54:37.852111,SC,Informática,1442.0,10,2
ORD-00849,2026-04-02 00:54:37.852111,RS,Móveis,1862.89,9,3
ORD-00850,2025-12-23 00:54:37.852111,SP,Beleza e Saúde,1448.48,6,3
ORD-00851,2026-08-01 00:54:37.852111,BA,Beleza e Saúde,1177.97,15,3
ORD-00852,2025-09-01 00:54:37.852111,AM,Esportes,498.56,22,1
ORD-00853,2026-06-28 00:54:37.852111,SC,Móveis,79.98,6,5
ORD-00854,2026-07-10 00:54:37.852111,CE,Esportes,1404.61,12,5
ORD-00855,2026-05-27 00:54:37.852111,BA,Beleza e Saúde,500.5,21,3
ORD-00856,2026-01-07 00:54:37.852111,BA,Esportes,1723.42,17,1
ORD-00857,2025-10-16 00:54:37.852111,RJ,Informática,959.41,4,5
ORD-00858,2026-06-01 00:54:37.852111,CE,Eletrônicos,1084.74,22,3
ORD-00859,2025-11-04 00:54:37.852111,AM,Informática,1520.18,14,3
ORD-00860,2025-12-07 00:54:37.852111,CE,Eletrônicos,1569.89,16,4
ORD-00861,2026-06-27 00:54:37.852111,SC,Móveis,1303.17,14,2
ORD-00862,2026-04-14 00:54:37.852111,MG,Beleza e Saúde,1879.94,8,2
ORD-00863,2026-01-11 00:54:37.852111,SP,Móveis,1965.48,8,3
ORD-00864,2025-12-17 00:54:37.852111,RS,Móveis,1896.43,9,5
ORD-00865,2026-06-18 00:54:37.852111,MG,Beleza e Saúde,1657.15,7,3
ORD-00866,2025-08-28 00:54:37.852111,SP,Cama Mesa Banho,1425.97,3,5
ORD-00867,2026-04-28 00:54:37.852111,MG,Cama Mesa Banho,1343.49,3,5
ORD-00868,2025-09-28 00:54:37.852111,RS,Esportes,252.31,2,4
ORD-00869,2026-06-26 00:54:37.852111,PE,Cama Mesa Banho,579.39,26,1
ORD-00870,2026-06-13 00:54:37.852111,CE,Informática,61.09,13,3
ORD-00871,2025-09-10 00:54:37.852111,MG,Eletrônicos,317.95,4,4
ORD-00872,2026-07-18 00:54:37.852111,SC,Móveis,906.5,7,3
ORD-00873,2025-10-25 00:54:37.852111,AM,Esportes,335.75,21,2
ORD-00874,2025-11-29 00:54:37.852111,PR,Móveis,1808.24,8,5
ORD-00875,2026-08-05 00:54:37.852111,SC,Beleza e Saúde,1621.11,6,5
ORD-00876,2026-04-22 00:54:37.852111,RS,Cama Mesa Banho,189.64,11,3
ORD-00877,2025-08-23 00:54:37.852111,AM,Beleza e Saúde,535.38,10,2
ORD-00878,2025-12-03 00:54:37.852111,SC,Esportes,1647.19,7,4
ORD-00879,2026-02-14 00:54:37.852111,BA,Eletrônicos,1615.94,7,5
ORD-00880,2026-01-18 00:54:37.852111,CE,Informática,1893.63,10,4
ORD-00881,2025-10-14 00:54:37.852111,AM,Cama Mesa Banho,1995.22,18,3
ORD-00882,2026-04-08 00:54:37.852111,BA,Beleza e Saúde,1953.73,8,5
ORD-00883,2026-06-18 00:54:37.852111,SC,Eletrônicos,849.77,5,5
ORD-00884,2026-01-11 00:54:37.852111,SP,Cama Mesa Banho,538.14,4,5
ORD-00885,2026-07-30 00:54:37.852111,RJ,Móveis,1528.9,3,5
ORD-00886,2026-07-16 00:54:37.852111,SP,Informática,633.58,8,3
ORD-00887,2026-05-27 00:54:37.852111,CE,Eletrônicos,1622.48,27,1
ORD-00888,2026-01-09 00:54:37.852111,AM,Cama Mesa Banho,1091.21,13,4
ORD-00889,2025-08-13 00:54:37.852111,AM,Informática,1598.16,20,3
ORD-00890,2026-03-12 00:54:37.852111,CE,Eletrônicos,587.97,21,1
ORD-00891,2026-07-30 00:54:37.852111,BA,Móveis,1040.65,15,4
ORD-00892,2026-02-07 00:54:37.852111,RJ,Móveis,1149.85,2,5
ORD-00893,2025-10-05 00:54:37.852111,SC,Beleza e Saúde,1889.06,9,4
ORD-00894,2026-08-06 00:54:37.852111,RS,Esportes,569.87,9,3
ORD-00895,2026-08-10 00:54:37.852111,SP,Beleza e Saúde,1876.54,4,5
ORD-00896,2026-04-24 00:54:37.852111,SP,Informática,1619.47,5,4
ORD-00897,2025-12-18 00:54:37.852111,PR,Beleza e Saúde,1475.24,7,3
ORD-00898,2025-08-15 00:54:37.852111,RJ,Eletrônicos,1584.4,2,5
ORD-00899,2025-12-17 00:54:37.852111,RS,Cama Mesa Banho,1230.58,10,2
ORD-00900,2025-11-12 00:54:37.852111,SP,Eletrônicos,525.96,5,3
ORD-00901,2025-10-23 00:54:37.852111,RS,Beleza e Saúde,419.52,6,4
ORD-00902,2025-12-29 00:54:37.852111,SC,Esportes,1739.37,12,3
ORD-00903,2026-07-29 00:54:37.852111,AM,Eletrônicos,1464.02,9,4
ORD-00904,2026-02-02 00:54:37.852111,RS,Eletrônicos,465.75,8,5
ORD-00905,2026-04-16 00:54:37.852111,SP,Eletrônicos,1249.43,4,5
ORD-00906,2026-07-16 00:54:37.852111,BA,Esportes,922.72,14,4
ORD-00907,2026-01-23 00:54:37.852111,RJ,Eletrônicos,359.38,3,4
ORD-00908,2026-07-05 00:54:37.852111,CE,Informática,1087.12,27,2
ORD-00909,2025-11-13 00:54:37.852111,MG,Móveis,598.96,3,4
ORD-00910,2025-12-25 00:54:37.852111,PE,Esportes,237.68,30,1
ORD-00911,2026-05-19 00:54:37.852111,PE,Informática,960.57,20,2
ORD-00912,2026-04-09 00:54:37.852111,MG,Esportes,1200.71,5,5
ORD-00913,2025-10-17 00:54:37.852111,RS,Esportes,141.47,11,2
ORD-00914,2026-07-19 00:54:37.852111,RJ,Móveis,834.08,10,1
ORD-00915,2026-03-21 00:54:37.852111,RS,Cama Mesa Banho,552.44,7,4
ORD-00916,2026-07-31 00:54:37.852111,CE,Informática,109.77,12,4
ORD-00917,2026-01-13 00:54:37.852111,RJ,Esportes,295.04,3,5
ORD-00918,2026-07-19 00:54:37.852111,MG,Esportes,321.12,5,5
ORD-00919,2026-06-06 00:54:37.852111,RS,Beleza e Saúde,406.6,4,5
ORD-00920,2026-06-07 00:54:37.852111,PR,Eletrônicos,1616.59,10,3
ORD-00921,2025-12-23 00:54:37.852111,SP,Cama Mesa Banho,907.01,8,2
ORD-00922,2026-04-26 00:54:37.852111,BA,Móveis,336.82,18,2
ORD-00923,2026-03-20 00:54:37.852111,AM,Informática,245.58,16,4
ORD-00924,2026-04-24 00:54:37.852111,BA,Esportes,630.98,14,3
ORD-00925,2025-12-28 00:54:37.852111,CE,Eletrônicos,1606.13,22,2
ORD-00926,2026-04-24 00:54:37.852111,RS,Informática,760.7,7,4
ORD-00927,2026-07-10 00:54:37.852111,SC,Móveis,361.8,15,2
ORD-00928,2026-04-24 00:54:37.852111,RJ,Cama Mesa Banho,838.03,8,4
ORD-00929,2025-11-22 00:54:37.852111,RS,Beleza e Saúde,1132.86,10,5
ORD-00930,2025-12-20 00:54:37.852111,RJ,Cama Mesa Banho,107.69,4,4
ORD-00931,2026-05-22 00:54:37.852111,AM,Beleza e Saúde,1273.9,23,1
ORD-00932,2026-07-02 00:54:37.852111,PR,Informática,820.45,13,3
ORD-00933,2026-05-04 00:54:37.852111,BA,Cama Mesa Banho,68.97,13,1
ORD-00934,2026-08-07 00:54:37.852111,SP,Cama Mesa Banho,1364.08,3,5
ORD-00935,2026-02-14 00:54:37.852111,AM,Cama Mesa Banho,1439.16,11,4
ORD-00936,2025-11-04 00:54:37.852111,AM,Móveis,1276.24,20,4
ORD-00937,2025-09-27 00:54:37.852111,BA,Informática,716.76,21,2
ORD-00938,2025-12-30 00:54:37.852111,AM,Beleza e Saúde,1082.73,11,4
ORD-00939,2025-10-02 00:54:37.852111,SC,Cama Mesa Banho,804.96,8,3
ORD-00940,2025-08-13 00:54:37.852111,SC,Informática,1416.21,5,4
ORD-00941,2025-12-27 00:54:37.852111,PE,Eletrônicos,1187.98,13,2
ORD-00942,2025-10-28 00:54:37.852111,PE,Móveis,209.51,20,2
ORD-00943,2026-03-16 00:54:37.852111,SC,Móveis,1304.03,7,4
ORD-00944,2025-11-09 00:54:37.852111,MG,Eletrônicos,1390.11,4,5
ORD-00945,2026-01-27 00:54:37.852111,PR,Informática,772.87,5,4
ORD-00946,2026-06-04 00:54:37.852111,RJ,Beleza e Saúde,1757.78,5,4
ORD-00947,2026-04-23 00:54:37.852111,PR,Informática,1693.88,9,3
ORD-00948,2026-08-09 00:54:37.852111,CE,Informática,391.57,14,3
ORD-00949,2025-08-28 00:54:37.852111,AM,Esportes,1813.32,17,3
ORD-00950,2025-09-16 00:54:37.852111,SP,Móveis,909.7,5,4
ORD-00951,2025-09-29 00:54:37.852111,AM,Beleza e Saúde,1461.31,13,4
ORD-00952,2025-08-28 00:54:37.852111,PR,Esportes,1637.49,5,4
ORD-00953,2026-05-10 00:54:37.852111,SC,Eletrônicos,1034.97,15,3
ORD-00954,2026-03-14 00:54:37.852111,BA,Informática,828.25,14,3
ORD-00955,2025-10-06 00:54:37.852111,CE,Eletrônicos,1835.13,17,2
ORD-00956,2026-03-29 00:54:37.852111,SC,Móveis,500.16,13,3
ORD-00957,2025-12-09 00:54:37.852111,PR,Esportes,551.09,20,4
ORD-00958,2025-12-13 00:54:37.852111,BA,Esportes,755.16,11,3
ORD-00959,2026-07-13 00:54:37.852111,SP,Beleza e Saúde,1725.96,5,4
ORD-00960,2026-07-04 00:54:37.852111,PR,Informática,1880.64,7,4
ORD-00961,2025-12-27 00:54:37.852111,RJ,Beleza e Saúde,479.13,3,4
ORD-00962,2026-07-08 00:54:37.852111,RS,Esportes,1734.55,7,4
ORD-00963,2026-01-02 00:54:37.852111,BA,Esportes,553.5,12,4
ORD-00964,2026-08-07 00:54:37.852111,PR,Beleza e Saúde,1942.75,9,2
ORD-00965,2025-09-25 00:54:37.852111,SC,Esportes,1214.95,5,5
ORD-00966,2026-01-05 00:54:37.852111,RJ,Cama Mesa Banho,63.82,6,5
ORD-00967,2026-05-30 00:54:37.852111,MG,Móveis,116.55,5,3
ORD-00968,2026-08-09 00:54:37.852111,BA,Informática,337.59,20,1
ORD-00969,2025-09-12 00:54:37.852111,RJ,Móveis,415.77,4,3
ORD-00970,2026-04-01 00:54:37.852111,SC,Informática,1546.86,8,4
ORD-00971,2026-04-17 00:54:37.852111,PR,Esportes,484.39,10,5
ORD-00972,2026-05-11 00:54:37.852111,AM,Beleza e Saúde,1939.83,12,4
ORD-00973,2026-06-12 00:54:37.852111,SP,Beleza e Saúde,1290.42,4,3
ORD-00974,2026-01-31 00:54:37.852111,AM,Esportes,1400.41,13,2
ORD-00975,2025-09-12 00:54:37.852111,RS,Informática,474.74,7,4
ORD-00976,2026-01-22 00:54:37.852111,RJ,Esportes,1790.78,1,5
ORD-00977,2026-07-18 00:54:37.852111,RS,Informática,1352.24,14,2
ORD-00978,2026-02-21 00:54:37.852111,SP,Esportes,1735.59,3,4
ORD-00979,2025-10-17 00:54:37.852111,RJ,Esportes,1915.14,7,3
ORD-00980,2026-04-02 00:54:37.852111,PE,Esportes,295.0,23,1
ORD-00981,2025-09-21 00:54:37.852111,SC,Beleza e Saúde,238.35,6,4
ORD-00982,2026-04-17 00:54:37.852111,RJ,Informática,1616.65,2,5
ORD-00983,2025-09-23 00:54:37.852111,SC,Eletrônicos,1738.95,17,3
ORD-00984,2025-11-11 00:54:37.852111,AM,Esportes,1188.33,26,2
ORD-00985,2026-01-13 00:54:37.852111,CE,Móveis,763.7,17,2
ORD-00986,2025-12-31 00:54:37.852111,BA,Móveis,1322.63,19,3
ORD-00987,2026-07-24 00:54:37.852111,CE,Beleza e Saúde,646.04,14,3
ORD-00988,2026-04-22 00:54:37.852111,PR,Cama Mesa Banho,514.85,11,4
ORD-00989,2026-03-26 00:54:37.852111,BA,Eletrônicos,1001.88,14,2
ORD-00990,2026-06-27 00:54:37.852111,BA,Beleza e Saúde,471.5,7,4
ORD-00991,2026-08-12 00:54:37.852111,MG,Cama Mesa Banho,993.22,2,5
ORD-00992,2026-05-15 00:54:37.852111,BA,Beleza e Saúde,1915.38,18,5
ORD-00993,2026-03-24 00:54:37.852111,SP,Móveis,1687.58,2,5
ORD-00994,2025-09-27 00:54:37.852111,CE,Esportes,1886.18,17,2
ORD-00995,2026-07-06 00:54:37.852111,AM,Informática,1622.34,12,2
ORD-00996,2025-10-24 00:54:37.852111,SC,Esportes,741.76,7,4
ORD-00997,2026-03-27 00:54:37.852111,PR,Móveis,1633.49,12,5
ORD-00998,2025-08-22 00:54:37.852111,BA,Informática,1849.69,19,2
ORD-00999,2025-09-14 00:54:37.852111,PR,Cama Mesa Banho,1896.72,9,5
ORD-01000,2025-11-27 00:54:37.852111,AM,Cama Mesa Banho,1382.24,22,1
ORD-01001,2026-03-05 00:54:37.852111,PR,Móveis,462.16,11,4
ORD-01002,2026-02-16 00:54:37.852111,AM,Informática,127.47,25,2
ORD-01003,2026-08-03 00:54:37.852111,BA,Esportes,337.04,15,2
ORD-01004,2025-11-25 00:54:37.852111,AM,Móveis,1932.82,15,2
ORD-01005,2026-03-28 00:54:37.852111,BA,Cama Mesa Banho,951.09,11,5
ORD-01006,2026-02-22 00:54:37.852111,MG,Móveis,1717.22,4,5
ORD-01007,2026-07-31 00:54:37.852111,MG,Esportes,956.84,6,5
ORD-01008,2026-02-26 00:54:37.852111,AM,Beleza e Saúde,1338.59,24,2
ORD-01009,2026-04-05 00:54:37.852111,MG,Eletrônicos,97.07,6,5
ORD-01010,2026-05-21 00:54:37.852111,SC,Eletrônicos,537.24,4,5
ORD-01011,2025-09-26 00:54:37.852111,SC,Eletrônicos,900.73,13,3
ORD-01012,2025-09-28 00:54:37.852111,MG,Beleza e Saúde,1279.73,1,5
ORD-01013,2026-05-04 00:54:37.852111,MG,Esportes,384.47,6,3
ORD-01014,2025-09-18 00:54:37.852111,PE,Informática,1540.88,16,2
ORD-01015,2025-11-13 00:54:37.852111,PE,Móveis,760.59,21,1
ORD-01016,2025-11-21 00:54:37.852111,BA,Esportes,1644.0,11,5
ORD-01017,2026-07-06 00:54:37.852111,AM,Beleza e Saúde,241.04,23,1
ORD-01018,2026-05-11 00:54:37.852111,RS,Cama Mesa Banho,1375.53,5,4
ORD-01019,2026-05-10 00:54:37.852111,RS,Eletrônicos,621.99,7,1
ORD-01020,2025-10-12 00:54:37.852111,MG,Eletrônicos,1601.0,3,4
ORD-01021,2026-06-05 00:54:37.852111,PR,Esportes,834.23,4,4
ORD-01022,2025-09-29 00:54:37.852111,MG,Eletrônicos,1347.43,5,5
ORD-01023,2025-12-20 00:54:37.852111,PE,Eletrônicos,1871.9,27,2
ORD-01024,2025-09-13 00:54:37.852111,BA,Esportes,90.22,31,1
ORD-01025,2026-03-29 00:54:37.852111,MG,Esportes,71.68,5,5
ORD-01026,2026-05-29 00:54:37.852111,CE,Beleza e Saúde,1552.04,23,2
ORD-01027,2026-07-09 00:54:37.852111,PR,Beleza e Saúde,1310.47,10,4
ORD-01028,2026-08-12 00:54:37.852111,CE,Eletrônicos,621.31,20,1
ORD-01029,2025-10-21 00:54:37.852111,BA,Esportes,1014.07,16,2
ORD-01030,2025-09-27 00:54:37.852111,BA,Esportes,131.77,18,2
ORD-01031,2026-06-14 00:54:37.852111,SC,Eletrônicos,425.27,11,3
ORD-01032,2025-09-27 00:54:37.852111,RJ,Informática,877.77,3,5
ORD-01033,2025-08-29 00:54:37.852111,CE,Cama Mesa Banho,1676.39,17,4
ORD-01034,2025-09-19 00:54:37.852111,SC,Móveis,985.35,9,4
ORD-01035,2025-11-19 00:54:37.852111,PE,Móveis,1193.41,22,1
ORD-01036,2025-08-17 00:54:37.852111,SP,Eletrônicos,1753.82,2,5
ORD-01037,2025-12-27 00:54:37.852111,PR,Móveis,652.2,9,2
ORD-01038,2025-11-16 00:54:37.852111,SP,Beleza e Saúde,1416.36,8,3
ORD-01039,2025-10-01 00:54:37.852111,AM,Beleza e Saúde,1730.25,23,1
ORD-01040,2025-10-31 00:54:37.852111,PE,Informática,445.1,24,1
ORD-01041,2025-10-26 00:54:37.852111,PE,Eletrônicos,745.13,18,1
ORD-01042,2026-01-12 00:54:37.852111,SP,Beleza e Saúde,1960.63,5,4
ORD-01043,2026-03-01 00:54:37.852111,CE,Eletrônicos,1967.28,23,1
ORD-01044,2026-08-08 00:54:37.852111,RJ,Eletrônicos,485.3,8,4
ORD-01045,2025-09-08 00:54:37.852111,CE,Esportes,179.57,8,5
ORD-01046,2026-05-27 00:54:37.852111,SP,Cama Mesa Banho,578.3,2,3
ORD-01047,2026-06-12 00:54:37.852111,AM,Cama Mesa Banho,825.58,24,1
ORD-01048,2026-04-03 00:54:37.852111,CE,Eletrônicos,909.96,16,1
ORD-01049,2026-05-16 00:54:37.852111,RS,Cama Mesa Banho,1256.67,7,4
ORD-01050,2025-12-19 00:54:37.852111,CE,Cama Mesa Banho,1804.03,11,4
ORD-01051,2026-07-02 00:54:37.852111,BA,Móveis,694.18,15,4
ORD-01052,2026-05-16 00:54:37.852111,SC,Móveis,1707.47,5,4
ORD-01053,2025-10-21 00:54:37.852111,PR,Esportes,232.28,16,4
ORD-01054,2025-09-19 00:54:37.852111,CE,Informática,131.66,17,5
ORD-01055,2025-10-22 00:54:37.852111,RJ,Beleza e Saúde,1032.89,4,5
ORD-01056,2026-05-01 00:54:37.852111,RJ,Beleza e Saúde,166.34,6,4
ORD-01057,2026-07-30 00:54:37.852111,CE,Móveis,815.36,22,1
ORD-01058,2025-10-29 00:54:37.852111,MG,Eletrônicos,1798.72,6,4
ORD-01059,2026-02-15 00:54:37.852111,PE,Cama Mesa Banho,520.89,23,1
ORD-01060,2026-04-10 00:54:37.852111,CE,Esportes,1426.65,14,3
ORD-01061,2025-08-25 00:54:37.852111,PE,Informática,639.61,16,2
ORD-01062,2026-07-21 00:54:37.852111,RS,Móveis,137.59,12,3
ORD-01063,2026-06-11 00:54:37.852111,SP,Eletrônicos,1135.55,3,5
ORD-01064,2026-03-23 00:54:37.852111,RS,Esportes,1677.96,9,4
ORD-01065,2026-03-13 00:54:37.852111,CE,Eletrônicos,848.46,19,1
ORD-01066,2026-03-21 00:54:37.852111,RJ,Esportes,1253.72,6,5
ORD-01067,2025-12-31 00:54:37.852111,MG,Móveis,1805.05,1,3
ORD-01068,2025-10-08 00:54:37.852111,AM,Esportes,1589.9,21,2
ORD-01069,2026-05-01 00:54:37.852111,PE,Cama Mesa Banho,428.06,16,3
ORD-01070,2026-05-01 00:54:37.852111,SC,Esportes,1480.1,12,3
ORD-01071,2026-07-05 00:54:37.852111,PE,Informática,1028.69,21,2
ORD-01072,2026-01-27 00:54:37.852111,BA,Esportes,1504.64,26,2
ORD-01073,2026-04-01 00:54:37.852111,PR,Beleza e Saúde,1014.31,14,3
ORD-01074,2026-06-07 00:54:37.852111,CE,Esportes,299.52,24,1
ORD-01075,2026-02-15 00:54:37.852111,RS,Eletrônicos,1161.32,14,3
ORD-01076,2026-07-02 00:54:37.852111,SC,Móveis,1009.66,10,3
ORD-01077,2026-07-29 00:54:37.852111,RJ,Beleza e Saúde,1059.95,5,5
ORD-01078,2026-04-24 00:54:37.852111,RJ,Móveis,1763.86,6,3
ORD-01079,2026-03-09 00:54:37.852111,RJ,Eletrônicos,1794.93,6,5
ORD-01080,2025-10-28 00:54:37.852111,AM,Informática,934.4,16,3
ORD-01081,2025-12-25 00:54:37.852111,BA,Cama Mesa Banho,938.68,20,2
ORD-01082,2026-03-09 00:54:37.852111,RJ,Informática,1054.61,4,5
ORD-01083,2026-07-06 00:54:37.852111,RJ,Beleza e Saúde,1063.2,3,4
ORD-01084,2026-05-08 00:54:37.852111,CE,Eletrônicos,1903.25,24,2
ORD-01085,2025-10-28 00:54:37.852111,BA,Eletrônicos,1316.33,18,3
ORD-01086,2025-12-02 00:54:37.852111,MG,Cama Mesa Banho,591.04,9,3
ORD-01087,2026-01-29 00:54:37.852111,MG,Esportes,1086.5,1,5
ORD-01088,2026-05-19 00:54:37.852111,BA,Beleza e Saúde,1273.09,15,3
ORD-01089,2025-09-25 00:54:37.852111,PR,Cama Mesa Banho,1297.55,10,5
ORD-01090,2026-08-03 00:54:37.852111,AM,Móveis,1191.25,23,3
ORD-01091,2026-08-08 00:54:37.852111,SC,Cama Mesa Banho,396.59,11,4
ORD-01092,2026-04-12 00:54:37.852111,PE,Móveis,115.51,19,1
ORD-01093,2025-09-17 00:54:37.852111,CE,Móveis,708.79,12,5
ORD-01094,2025-08-25 00:54:37.852111,SP,Eletrônicos,883.67,2,3
ORD-01095,2026-04-17 00:54:37.852111,MG,Cama Mesa Banho,170.52,5,5
ORD-01096,2025-10-23 00:54:37.852111,BA,Eletrônicos,1639.19,11,4
ORD-01097,2026-03-07 00:54:37.852111,SC,Eletrônicos,720.95,8,3
ORD-01098,2025-10-14 00:54:37.852111,BA,Informática,1831.58,20,2
ORD-01099,2025-12-28 00:54:37.852111,PE,Informática,351.1,13,3
ORD-01100,2025-08-13 00:54:37.852111,SC,Eletrônicos,161.02,14,4
ORD-01101,2026-01-09 00:54:37.852111,MG,Eletrônicos,990.52,7,3
ORD-01102,2026-02-10 00:54:37.852111,RJ,Móveis,418.8,1,5
ORD-01103,2026-07-29 00:54:37.852111,BA,Eletrônicos,1877.93,13,1
ORD-01104,2026-03-09 00:54:37.852111,SP,Beleza e Saúde,70.09,1,5
ORD-01105,2026-03-30 00:54:37.852111,MG,Cama Mesa Banho,854.61,3,4
ORD-01106,2025-11-25 00:54:37.852111,RS,Beleza e Saúde,1857.16,12,4
ORD-01107,2026-03-09 00:54:37.852111,SP,Informática,799.62,4,4
ORD-01108,2026-06-27 00:54:37.852111,PR,Beleza e Saúde,231.56,11,3
ORD-01109,2025-09-23 00:54:37.852111,AM,Esportes,640.65,10,4
ORD-01110,2025-09-15 00:54:37.852111,MG,Esportes,1021.12,6,5
ORD-01111,2026-02-21 00:54:37.852111,RJ,Informática,411.05,3,5
ORD-01112,2026-04-05 00:54:37.852111,MG,Beleza e Saúde,959.8,5,5
ORD-01113,2026-05-10 00:54:37.852111,PE,Cama Mesa Banho,1680.87,17,3
ORD-01114,2026-04-20 00:54:37.852111,SC,Informática,1751.61,6,5
ORD-01115,2025-12-13 00:54:37.852111,BA,Esportes,146.06,12,3
ORD-01116,2025-10-25 00:54:37.852111,SC,Informática,363.76,12,4
ORD-01117,2025-11-04 00:54:37.852111,SC,Beleza e Saúde,586.82,11,5
ORD-01118,2025-10-18 00:54:37.852111,MG,Beleza e Saúde,1209.99,7,5
ORD-01119,2025-11-03 00:54:37.852111,PE,Beleza e Saúde,753.94,19,2
ORD-01120,2026-06-05 00:54:37.852111,BA,Móveis,1695.88,18,2
ORD-01121,2026-03-18 00:54:37.852111,BA,Beleza e Saúde,1447.51,9,4
ORD-01122,2026-08-02 00:54:37.852111,SC,Eletrônicos,245.89,9,2
ORD-01123,2025-12-02 00:54:37.852111,PR,Esportes,1267.89,9,5
ORD-01124,2025-09-17 00:54:37.852111,AM,Esportes,270.37,27,1
ORD-01125,2025-08-18 00:54:37.852111,PE,Móveis,547.32,21,2
ORD-01126,2026-07-06 00:54:37.852111,PR,Esportes,396.85,14,2
ORD-01127,2026-04-01 00:54:37.852111,CE,Esportes,387.47,20,1
ORD-01128,2026-01-25 00:54:37.852111,CE,Informática,1251.97,14,2
ORD-01129,2026-07-21 00:54:37.852111,SP,Beleza e Saúde,1149.03,5,5
ORD-01130,2025-10-14 00:54:37.852111,SC,Eletrônicos,393.25,10,4
ORD-01131,2025-09-01 00:54:37.852111,BA,Eletrônicos,1980.84,13,3
ORD-01132,2025-10-15 00:54:37.852111,MG,Informática,872.58,4,5
ORD-01133,2025-08-15 00:54:37.852111,BA,Eletrônicos,239.29,16,2
ORD-01134,2026-01-07 00:54:37.852111,BA,Informática,285.11,26,2
ORD-01135,2026-03-25 00:54:37.852111,RJ,Eletrônicos,1188.59,1,5
ORD-01136,2026-05-01 00:54:37.852111,BA,Esportes,1959.19,24,2
ORD-01137,2026-01-15 00:54:37.852111,SP,Cama Mesa Banho,1165.3,3,5
ORD-01138,2026-04-24 00:54:37.852111,PR,Beleza e Saúde,1900.63,5,5
ORD-01139,2026-05-01 00:54:37.852111,CE,Cama Mesa Banho,916.06,23,1
ORD-01140,2025-10-01 00:54:37.852111,BA,Esportes,899.89,21,1
ORD-01141,2026-02-23 00:54:37.852111,BA,Móveis,1025.01,24,2
ORD-01142,2025-08-22 00:54:37.852111,RJ,Informática,1409.98,6,4
ORD-01143,2025-09-23 00:54:37.852111,PE,Eletrônicos,766.85,28,1
ORD-01144,2026-04-02 00:54:37.852111,MG,Eletrônicos,1734.58,6,5
ORD-01145,2025-10-24 00:54:37.852111,PE,Esportes,107.1,17,3
ORD-01146,2025-09-19 00:54:37.852111,MG,Eletrônicos,907.54,5,5
ORD-01147,2026-04-08 00:54:37.852111,AM,Esportes,1046.43,24,2
ORD-01148,2026-04-29 00:54:37.852111,BA,Cama Mesa Banho,1233.71,14,2
ORD-01149,2026-05-13 00:54:37.852111,RJ,Móveis,588.34,3,5
ORD-01150,2025-10-30 00:54:37.852111,RS,Informática,883.59,9,3
ORD-01151,2026-06-23 00:54:37.852111,SC,Eletrônicos,994.85,3,5
ORD-01152,2026-07-15 00:54:37.852111,CE,Móveis,1389.47,18,3
ORD-01153,2025-10-21 00:54:37.852111,PR,Móveis,1558.41,4,5
ORD-01154,2025-10-20 00:54:37.852111,CE,Móveis,1488.76,18,4
ORD-01155,2026-01-11 00:54:37.852111,PR,Beleza e Saúde,716.09,12,1
ORD-01156,2025-11-19 00:54:37.852111,AM,Móveis,1998.93,15,3
ORD-01157,2025-11-29 00:54:37.852111,PE,Esportes,1704.9,26,1
ORD-01158,2025-10-15 00:54:37.852111,SP,Beleza e Saúde,557.05,2,5
ORD-01159,2026-05-04 00:54:37.852111,BA,Beleza e Saúde,430.46,23,1
ORD-01160,2025-09-01 00:54:37.852111,RS,Móveis,662.34,12,4
ORD-01161,2026-04-25 00:54:37.852111,PR,Eletrônicos,932.07,4,5
ORD-01162,2026-02-12 00:54:37.852111,SC,Eletrônicos,1709.06,18,4
ORD-01163,2025-10-04 00:54:37.852111,PR,Eletrônicos,1567.81,9,3
ORD-01164,2026-08-12 00:54:37.852111,SP,Eletrônicos,1709.93,3,5
ORD-01165,2025-09-28 00:54:37.852111,CE,Esportes,580.32,10,4
ORD-01166,2026-06-19 00:54:37.852111,RJ,Eletrônicos,1207.25,4,3
ORD-01167,2026-03-17 00:54:37.852111,CE,Informática,602.34,17,2
ORD-01168,2025-10-08 00:54:37.852111,AM,Móveis,262.6,18,2
ORD-01169,2026-03-29 00:54:37.852111,RJ,Beleza e Saúde,1384.19,4,5
ORD-01170,2026-01-23 00:54:37.852111,CE,Informática,328.85,21,2
ORD-01171,2025-10-04 00:54:37.852111,SC,Eletrônicos,1352.01,8,3
ORD-01172,2026-04-18 00:54:37.852111,CE,Informática,1313.53,8,4
ORD-01173,2026-03-12 00:54:37.852111,SC,Beleza e Saúde,1629.98,9,5
ORD-01174,2025-10-26 00:54:37.852111,SC,Eletrônicos,322.13,2,5
ORD-01175,2026-06-11 00:54:37.852111,RJ,Informática,1577.79,5,4
ORD-01176,2025-12-12 00:54:37.852111,PE,Esportes,1998.59,13,4
ORD-01177,2026-07-19 00:54:37.852111,MG,Esportes,1709.53,5,5
ORD-01178,2026-05-15 00:54:37.852111,BA,Móveis,1516.03,24,1
ORD-01179,2026-05-30 00:54:37.852111,PR,Móveis,1341.22,7,5
ORD-01180,2025-10-23 00:54:37.852111,MG,Informática,872.47,7,4
ORD-01181,2026-01-15 00:54:37.852111,SP,Beleza e Saúde,1474.48,4,5
ORD-01182,2025-08-31 00:54:37.852111,PE,Esportes,1462.15,26,1
ORD-01183,2026-07-27 00:54:37.852111,MG,Cama Mesa Banho,1281.42,4,5
ORD-01184,2026-04-07 00:54:37.852111,RJ,Móveis,1602.74,3,4
ORD-01185,2025-08-14 00:54:37.852111,SP,Esportes,925.09,6,3
ORD-01186,2025-12-05 00:54:37.852111,RS,Eletrônicos,286.44,8,5
ORD-01187,2026-02-15 00:54:37.852111,PE,Informática,1140.18,13,3
ORD-01188,2026-02-12 00:54:37.852111,MG,Esportes,566.83,4,5
ORD-01189,2026-03-14 00:54:37.852111,SP,Esportes,799.64,4,4
ORD-01190,2026-07-19 00:54:37.852111,RS,Informática,83.96,14,4
ORD-01191,2026-02-14 00:54:37.852111,CE,Móveis,796.44,8,3
ORD-01192,2026-01-27 00:54:37.852111,SP,Móveis,1627.16,5,4
ORD-01193,2025-09-03 00:54:37.852111,RJ,Cama Mesa Banho,1108.31,6,5
ORD-01194,2026-03-05 00:54:37.852111,CE,Cama Mesa Banho,69.11,18,4
ORD-01195,2026-02-17 00:54:37.852111,RJ,Móveis,966.2,7,3
ORD-01196,2025-11-01 00:54:37.852111,MG,Móveis,618.33,4,5
ORD-01197,2026-06-11 00:54:37.852111,BA,Móveis,981.22,17,3
ORD-01198,2026-03-16 00:54:37.852111,MG,Móveis,839.15,6,3
ORD-01199,2026-03-12 00:54:37.852111,CE,Esportes,1867.36,18,3
ORD-01200,2026-03-10 00:54:37.852111,SC,Cama Mesa Banho,130.3,8,3
ORD-01201,2026-06-25 00:54:37.852111,MG,Informática,1383.0,6,5
ORD-01202,2025-09-10 00:54:37.852111,CE,Beleza e Saúde,1709.5,14,3
ORD-01203,2026-05-21 00:54:37.852111,SP,Informática,1920.52,3,5
ORD-01204,2025-08-17 00:54:37.852111,AM,Eletrônicos,396.39,15,2
ORD-01205,2026-02-17 00:54:37.852111,MG,Beleza e Saúde,1086.04,7,5
ORD-01206,2026-03-18 00:54:37.852111,SP,Esportes,135.0,1,4
ORD-01207,2026-04-17 00:54:37.852111,RJ,Eletrônicos,1023.41,5,3
ORD-01208,2025-09-05 00:54:37.852111,PE,Cama Mesa Banho,294.64,18,3
ORD-01209,2026-06-11 00:54:37.852111,BA,Beleza e Saúde,1683.9,9,5
ORD-01210,2026-02-05 00:54:37.852111,RJ,Móveis,272.05,5,4
ORD-01211,2025-08-18 00:54:37.852111,RJ,Eletrônicos,1050.91,5,5
ORD-01212,2026-06-25 00:54:37.852111,CE,Esportes,1066.14,20,3
ORD-01213,2025-09-20 00:54:37.852111,SC,Beleza e Saúde,1944.72,2,5
ORD-01214,2025-11-29 00:54:37.852111,PR,Móveis,1327.21,14,3
ORD-01215,2026-01-01 00:54:37.852111,AM,Eletrônicos,611.29,14,2
ORD-01216,2026-03-25 00:54:37.852111,SC,Esportes,519.56,12,1
ORD-01217,2026-01-10 00:54:37.852111,CE,Eletrônicos,300.08,21,2
ORD-01218,2026-01-14 00:54:37.852111,BA,Beleza e Saúde,1525.2,13,4
ORD-01219,2025-09-29 00:54:37.852111,AM,Móveis,1396.98,21,1
ORD-01220,2026-07-12 00:54:37.852111,AM,Cama Mesa Banho,1239.26,16,3
ORD-01221,2026-03-08 00:54:37.852111,CE,Esportes,129.64,7,3
ORD-01222,2025-11-01 00:54:37.852111,RS,Beleza e Saúde,1537.52,13,3
ORD-01223,2025-10-12 00:54:37.852111,RJ,Móveis,1301.68,3,5
ORD-01224,2025-10-31 00:54:37.852111,PE,Cama Mesa Banho,1929.58,13,2
ORD-01225,2026-03-22 00:54:37.852111,RS,Eletrônicos,1195.04,8,4
ORD-01226,2026-07-25 00:54:37.852111,CE,Móveis,642.71,19,2
ORD-01227,2026-07-26 00:54:37.852111,RS,Cama Mesa Banho,793.97,9,4
ORD-01228,2025-11-29 00:54:37.852111,PE,Beleza e Saúde,392.89,20,2
ORD-01229,2026-05-27 00:54:37.852111,CE,Móveis,1459.68,11,3
ORD-01230,2026-02-19 00:54:37.852111,CE,Móveis,1430.06,14,5
ORD-01231,2026-01-31 00:54:37.852111,AM,Informática,441.27,17,3
ORD-01232,2026-04-22 00:54:37.852111,RS,Esportes,359.05,15,2
ORD-01233,2026-04-21 00:54:37.852111,SP,Móveis,200.16,4,4
ORD-01234,2026-01-03 00:54:37.852111,MG,Cama Mesa Banho,1828.35,7,4
ORD-01235,2026-02-28 00:54:37.852111,CE,Esportes,504.49,18,3
ORD-01236,2025-09-28 00:54:37.852111,RS,Beleza e Saúde,721.12,8,5
ORD-01237,2026-04-03 00:54:37.852111,PR,Esportes,596.98,9,4
ORD-01238,2025-11-22 00:54:37.852111,BA,Informática,856.57,17,1
ORD-01239,2026-06-19 00:54:37.852111,PR,Beleza e Saúde,1442.4,11,3
ORD-01240,2025-08-19 00:54:37.852111,RS,Móveis,1747.66,14,1
ORD-01241,2026-04-04 00:54:37.852111,RJ,Eletrônicos,406.07,5,4
ORD-01242,2025-10-29 00:54:37.852111,RJ,Beleza e Saúde,1388.5,7,2
ORD-01243,2025-11-20 00:54:37.852111,RS,Beleza e Saúde,737.5,7,3
ORD-01244,2026-03-04 00:54:37.852111,AM,Informática,1962.03,15,1
ORD-01245,2026-05-18 00:54:37.852111,AM,Cama Mesa Banho,632.89,14,3
ORD-01246,2026-06-19 00:54:37.852111,CE,Beleza e Saúde,64.03,19,2
ORD-01247,2025-10-29 00:54:37.852111,PE,Cama Mesa Banho,1055.5,16,3
ORD-01248,2026-02-16 00:54:37.852111,MG,Esportes,343.93,6,4
ORD-01249,2025-08-29 00:54:37.852111,CE,Eletrônicos,136.76,13,2
ORD-01250,2026-08-05 00:54:37.852111,PR,Informática,1411.63,10,4
ORD-01251,2025-09-26 00:54:37.852111,MG,Móveis,1477.91,6,5
ORD-01252,2025-10-04 00:54:37.852111,PR,Beleza e Saúde,948.36,3,5
ORD-01253,2025-12-09 00:54:37.852111,AM,Eletrônicos,1369.93,28,1
ORD-01254,2025-09-24 00:54:37.852111,RS,Eletrônicos,1099.57,9,2
ORD-01255,2025-12-01 00:54:37.852111,PE,Cama Mesa Banho,1278.11,7,3
ORD-01256,2025-09-19 00:54:37.852111,PR,Beleza e Saúde,1213.57,10,4
ORD-01257,2026-06-20 00:54:37.852111,AM,Eletrônicos,1348.35,18,4
ORD-01258,2025-12-07 00:54:37.852111,PE,Informática,439.28,17,3
ORD-01259,2025-12-17 00:54:37.852111,CE,Móveis,573.98,22,3
ORD-01260,2025-12-27 00:54:37.852111,RS,Esportes,907.93,12,4
ORD-01261,2026-06-07 00:54:37.852111,BA,Esportes,919.95,19,3
ORD-01262,2026-06-23 00:54:37.852111,RJ,Cama Mesa Banho,1560.1,5,4
ORD-01263,2026-05-08 00:54:37.852111,SC,Eletrônicos,766.42,9,4
ORD-01264,2026-05-13 00:54:37.852111,PE,Esportes,366.89,26,1
ORD-01265,2025-11-22 00:54:37.852111,BA,Cama Mesa Banho,540.36,10,4
ORD-01266,2025-10-26 00:54:37.852111,BA,Móveis,468.73,18,3
ORD-01267,2026-05-09 00:54:37.852111,PE,Beleza e Saúde,1476.74,18,4
ORD-01268,2026-05-17 00:54:37.852111,BA,Informática,967.16,22,1
ORD-01269,2026-05-27 00:54:37.852111,PR,Móveis,1431.83,7,4
ORD-01270,2025-10-29 00:54:37.852111,BA,Móveis,861.63,9,5
ORD-01271,2026-04-15 00:54:37.852111,AM,Esportes,1784.98,18,3
ORD-01272,2025-10-15 00:54:37.852111,MG,Esportes,1967.86,5,5
ORD-01273,2026-03-01 00:54:37.852111,PR,Informática,1356.19,14,4
ORD-01274,2026-02-12 00:54:37.852111,BA,Beleza e Saúde,1734.43,11,5
ORD-01275,2026-01-02 00:54:37.852111,CE,Móveis,1040.47,23,1
ORD-01276,2025-10-06 00:54:37.852111,RJ,Eletrônicos,1872.51,9,2
ORD-01277,2026-08-06 00:54:37.852111,RS,Esportes,1671.59,8,4
ORD-01278,2025-09-17 00:54:37.852111,BA,Móveis,1983.97,11,1
ORD-01279,2025-11-23 00:54:37.852111,SP,Beleza e Saúde,1265.03,4,5
ORD-01280,2026-03-05 00:54:37.852111,RJ,Cama Mesa Banho,1569.45,5,5
ORD-01281,2026-03-15 00:54:37.852111,CE,Beleza e Saúde,1108.59,20,2
ORD-01282,2026-05-20 00:54:37.852111,AM,Móveis,555.28,15,2
ORD-01283,2026-03-19 00:54:37.852111,BA,Móveis,741.77,25,1
ORD-01284,2026-04-23 00:54:37.852111,AM,Informática,1793.31,12,3
ORD-01285,2026-07-08 00:54:37.852111,BA,Móveis,159.1,9,4
ORD-01286,2025-11-01 00:54:37.852111,SC,Esportes,1203.39,13,4
ORD-01287,2026-02-06 00:54:37.852111,MG,Eletrônicos,776.34,1,5
ORD-01288,2026-05-23 00:54:37.852111,AM,Informática,804.05,16,4
ORD-01289,2026-08-11 00:54:37.852111,MG,Móveis,1774.91,11,4
ORD-01290,2025-10-14 00:54:37.852111,RJ,Beleza e Saúde,1714.95,4,4
ORD-01291,2026-01-28 00:54:37.852111,SC,Móveis,1217.74,6,5
ORD-01292,2026-08-02 00:54:37.852111,RS,Beleza e Saúde,582.19,9,2
ORD-01293,2025-12-22 00:54:37.852111,PR,Beleza e Saúde,977.14,9,4
ORD-01294,2026-01-30 00:54:37.852111,MG,Móveis,846.17,5,5
ORD-01295,2026-04-16 00:54:37.852111,SC,Beleza e Saúde,739.56,11,3
ORD-01296,2026-07-24 00:54:37.852111,MG,Eletrônicos,250.43,2,5
ORD-01297,2025-11-25 00:54:37.852111,PE,Cama Mesa Banho,1109.07,26,2
ORD-01298,2025-10-24 00:54:37.852111,CE,Informática,638.57,19,1
ORD-01299,2025-11-30 00:54:37.852111,RS,Móveis,1338.58,12,3
ORD-01300,2026-01-03 00:54:37.852111,CE,Cama Mesa Banho,672.45,14,3
ORD-01301,2025-12-30 00:54:37.852111,BA,Beleza e Saúde,890.77,24,1
ORD-01302,2026-06-21 00:54:37.852111,MG,Beleza e Saúde,152.1,4,5
ORD-01303,2025-08-23 00:54:37.852111,BA,Informática,1985.45,19,2
ORD-01304,2025-09-05 00:54:37.852111,SP,Cama Mesa Banho,1039.84,3,5
ORD-01305,2025-08-14 00:54:37.852111,MG,Cama Mesa Banho,97.26,3,4
ORD-01306,2025-11-06 00:54:37.852111,SC,Móveis,1105.4,12,2
ORD-01307,2026-05-24 00:54:37.852111,RS,Beleza e Saúde,1747.19,8,4
ORD-01308,2026-01-23 00:54:37.852111,BA,Esportes,1556.48,13,4
ORD-01309,2026-03-08 00:54:37.852111,MG,Móveis,1416.77,3,5
ORD-01310,2026-04-15 00:54:37.852111,SP,Móveis,321.96,6,5
ORD-01311,2026-06-15 00:54:37.852111,CE,Móveis,1332.59,14,5
ORD-01312,2026-01-10 00:54:37.852111,SC,Informática,1544.28,9,4
ORD-01313,2026-04-07 00:54:37.852111,PE,Informática,1166.22,18,2
ORD-01314,2026-01-01 00:54:37.852111,MG,Móveis,1790.86,1,5
ORD-01315,2026-01-16 00:54:37.852111,PE,Eletrônicos,590.13,10,3
ORD-01316,2026-04-20 00:54:37.852111,RJ,Esportes,522.18,5,5
ORD-01317,2026-01-16 00:54:37.852111,RS,Cama Mesa Banho,1745.66,7,3
ORD-01318,2026-07-30 00:54:37.852111,MG,Cama Mesa Banho,1269.53,7,5
ORD-01319,2026-08-04 00:54:37.852111,AM,Beleza e Saúde,52.82,22,3
ORD-01320,2026-07-04 00:54:37.852111,SP,Cama Mesa Banho,738.61,6,2
ORD-01321,2025-12-19 00:54:37.852111,BA,Cama Mesa Banho,1722.82,27,1
ORD-01322,2025-11-05 00:54:37.852111,AM,Esportes,103.27,17,3
ORD-01323,2025-08-19 00:54:37.852111,RJ,Cama Mesa Banho,56.33,6,5
ORD-01324,2026-01-24 00:54:37.852111,RS,Esportes,598.46,8,3
ORD-01325,2025-12-10 00:54:37.852111,CE,Informática,1832.3,30,2
ORD-01326,2025-11-08 00:54:37.852111,SC,Esportes,1807.88,15,1
ORD-01327,2025-12-21 00:54:37.852111,PE,Informática,1061.59,18,2
ORD-01328,2026-08-09 00:54:37.852111,RJ,Esportes,1128.81,5,5
ORD-01329,2026-03-12 00:54:37.852111,BA,Móveis,697.42,24,1
ORD-01330,2026-07-15 00:54:37.852111,SC,Eletrônicos,525.29,9,2
ORD-01331,2026-04-26 00:54:37.852111,CE,Informática,1639.68,14,3
ORD-01332,2026-05-07 00:54:37.852111,BA,Informática,257.27,22,1
ORD-01333,2026-01-10 00:54:37.852111,SP,Cama Mesa Banho,1000.34,5,5
ORD-01334,2025-10-24 00:54:37.852111,PE,Informática,1287.07,18,2
ORD-01335,2026-05-30 00:54:37.852111,AM,Esportes,252.18,13,2
ORD-01336,2025-09-21 00:54:37.852111,MG,Móveis,1063.23,1,3
ORD-01337,2026-03-20 00:54:37.852111,RJ,Móveis,1176.17,5,4
ORD-01338,2026-04-07 00:54:37.852111,MG,Cama Mesa Banho,1497.87,6,4
ORD-01339,2025-09-06 00:54:37.852111,SC,Esportes,507.93,9,3
ORD-01340,2026-07-02 00:54:37.852111,MG,Esportes,621.99,7,4
ORD-01341,2025-08-22 00:54:37.852111,AM,Beleza e Saúde,1160.57,14,4
ORD-01342,2026-07-03 00:54:37.852111,PR,Informática,1967.1,6,4
ORD-01343,2026-07-10 00:54:37.852111,SC,Cama Mesa Banho,474.11,9,4
ORD-01344,2026-07-27 00:54:37.852111,PE,Móveis,1972.51,17,3
ORD-01345,2026-03-01 00:54:37.852111,BA,Eletrônicos,1442.97,21,1
ORD-01346,2026-03-13 00:54:37.852111,PE,Beleza e Saúde,1660.86,14,5
ORD-01347,2026-05-29 00:54:37.852111,MG,Esportes,224.8,7,4
ORD-01348,2026-05-18 00:54:37.852111,RS,Informática,635.82,15,4
ORD-01349,2026-04-18 00:54:37.852111,SC,Móveis,162.59,9,4
ORD-01350,2025-08-16 00:54:37.852111,BA,Beleza e Saúde,774.52,24,1
ORD-01351,2025-09-05 00:54:37.852111,CE,Esportes,1963.51,12,4
ORD-01352,2026-07-17 00:54:37.852111,SP,Móveis,255.28,7,4
ORD-01353,2025-10-04 00:54:37.852111,PE,Móveis,1146.63,23,1
ORD-01354,2025-10-30 00:54:37.852111,PE,Esportes,61.84,22,2
ORD-01355,2026-04-01 00:54:37.852111,SC,Esportes,1439.73,9,3
ORD-01356,2026-01-06 00:54:37.852111,RS,Cama Mesa Banho,434.53,1,4
ORD-01357,2026-02-26 00:54:37.852111,MG,Móveis,302.69,3,3
ORD-01358,2026-05-07 00:54:37.852111,MG,Esportes,707.18,3,5
ORD-01359,2025-11-18 00:54:37.852111,SC,Eletrônicos,1553.54,7,5
ORD-01360,2025-12-19 00:54:37.852111,PE,Eletrônicos,257.9,18,3
ORD-01361,2025-10-08 00:54:37.852111,BA,Beleza e Saúde,498.19,15,4
ORD-01362,2026-02-21 00:54:37.852111,SP,Informática,66.51,3,4
ORD-01363,2026-02-04 00:54:37.852111,SC,Eletrônicos,1938.41,6,4
ORD-01364,2026-04-13 00:54:37.852111,BA,Cama Mesa Banho,1204.68,14,2
ORD-01365,2026-06-28 00:54:37.852111,BA,Esportes,1453.8,23,2
ORD-01366,2026-06-10 00:54:37.852111,CE,Informática,1320.2,14,3
ORD-01367,2026-04-05 00:54:37.852111,AM,Cama Mesa Banho,331.51,15,3
ORD-01368,2025-10-07 00:54:37.852111,PR,Móveis,1210.13,8,5
ORD-01369,2025-08-15 00:54:37.852111,SP,Informática,306.26,5,5
ORD-01370,2026-02-01 00:54:37.852111,RJ,Eletrônicos,832.41,5,3
ORD-01371,2025-10-10 00:54:37.852111,RS,Cama Mesa Banho,1159.48,1,4
ORD-01372,2026-02-13 00:54:37.852111,PR,Esportes,1139.82,13,4
ORD-01373,2025-10-25 00:54:37.852111,CE,Esportes,282.19,25,2
ORD-01374,2025-11-04 00:54:37.852111,SP,Cama Mesa Banho,117.15,2,5
ORD-01375,2026-07-15 00:54:37.852111,MG,Móveis,1606.56,3,5
ORD-01376,2026-03-17 00:54:37.852111,PR,Eletrônicos,1465.55,8,5
ORD-01377,2025-11-19 00:54:37.852111,MG,Cama Mesa Banho,209.55,3,5
ORD-01378,2025-10-21 00:54:37.852111,RS,Beleza e Saúde,298.46,10,3
ORD-01379,2026-08-02 00:54:37.852111,MG,Cama Mesa Banho,1790.54,1,4
ORD-01380,2026-03-02 00:54:37.852111,RS,Cama Mesa Banho,1549.8,6,4
ORD-01381,2026-04-22 00:54:37.852111,SP,Eletrônicos,1992.51,8,5
ORD-01382,2026-02-07 00:54:37.852111,PE,Esportes,545.28,13,5
ORD-01383,2025-10-22 00:54:37.852111,RS,Móveis,1001.22,13,4
ORD-01384,2025-12-24 00:54:37.852111,BA,Cama Mesa Banho,511.1,19,3
ORD-01385,2025-12-29 00:54:37.852111,RJ,Informática,1264.46,1,5
ORD-01386,2025-10-07 00:54:37.852111,RJ,Esportes,275.06,6,5
ORD-01387,2026-05-07 00:54:37.852111,SC,Esportes,298.12,9,5
ORD-01388,2026-06-19 00:54:37.852111,RJ,Cama Mesa Banho,190.18,4,2
ORD-01389,2026-04-24 00:54:37.852111,SC,Eletrônicos,1402.49,10,3
ORD-01390,2026-03-14 00:54:37.852111,RJ,Informática,1013.44,5,5
ORD-01391,2025-12-10 00:54:37.852111,RS,Cama Mesa Banho,1254.58,12,4
ORD-01392,2026-06-05 00:54:37.852111,BA,Informática,1764.64,23,1
ORD-01393,2025-10-05 00:54:37.852111,PE,Esportes,1493.64,20,1
ORD-01394,2025-10-28 00:54:37.852111,MG,Informática,950.36,2,4
ORD-01395,2025-12-06 00:54:37.852111,CE,Cama Mesa Banho,1969.49,15,3
ORD-01396,2026-07-08 00:54:37.852111,RJ,Beleza e Saúde,939.7,10,3
ORD-01397,2025-12-17 00:54:37.852111,PE,Beleza e Saúde,269.28,21,2
ORD-01398,2026-03-18 00:54:37.852111,PE,Informática,1985.68,29,2
ORD-01399,2025-12-29 00:54:37.852111,RS,Eletrônicos,94.5,14,4
ORD-01400,2025-12-12 00:54:37.852111,SP,Cama Mesa Banho,1122.27,5,2
ORD-01401,2025-09-10 00:54:37.852111,SP,Móveis,652.74,5,3
ORD-01402,2025-08-13 00:54:37.852111,RJ,Beleza e Saúde,1031.93,4,4
ORD-01403,2026-01-24 00:54:37.852111,CE,Esportes,1139.49,9,4
ORD-01404,2026-03-12 00:54:37.852111,RJ,Cama Mesa Banho,518.19,5,5
ORD-01405,2026-06-01 00:54:37.852111,RJ,Cama Mesa Banho,1135.87,7,4
ORD-01406,2026-01-24 00:54:37.852111,SC,Beleza e Saúde,1524.32,8,3
ORD-01407,2025-10-21 00:54:37.852111,BA,Móveis,569.69,20,2
ORD-01408,2026-07-27 00:54:37.852111,BA,Esportes,797.68,22,1
ORD-01409,2026-04-06 00:54:37.852111,CE,Móveis,573.07,13,4
ORD-01410,2026-01-08 00:54:37.852111,SC,Esportes,1650.09,8,3
ORD-01411,2026-06-13 00:54:37.852111,PE,Beleza e Saúde,1463.72,12,4
ORD-01412,2026-05-01 00:54:37.852111,SC,Cama Mesa Banho,1748.83,7,4
ORD-01413,2026-07-02 00:54:37.852111,RJ,Esportes,381.6,2,5
ORD-01414,2026-07-19 00:54:37.852111,SP,Cama Mesa Banho,193.48,3,4
ORD-01415,2026-07-05 00:54:37.852111,PR,Informática,282.8,14,2
ORD-01416,2025-10-26 00:54:37.852111,CE,Informática,363.99,13,2
ORD-01417,2026-04-04 00:54:37.852111,PE,Beleza e Saúde,1089.51,18,2
ORD-01418,2025-12-27 00:54:37.852111,RS,Beleza e Saúde,1943.28,8,1
ORD-01419,2026-04-27 00:54:37.852111,PR,Eletrônicos,746.61,13,3
ORD-01420,2026-02-22 00:54:37.852111,PR,Beleza e Saúde,1919.09,13,4
ORD-01421,2026-05-03 00:54:37.852111,SC,Informática,124.49,12,4
ORD-01422,2025-08-24 00:54:37.852111,MG,Esportes,1857.4,5,4
ORD-01423,2026-08-01 00:54:37.852111,PR,Móveis,403.25,9,4
ORD-01424,2025-11-11 00:54:37.852111,RJ,Beleza e Saúde,1829.33,2,4
ORD-01425,2026-05-04 00:54:37.852111,AM,Móveis,159.64,27,1
ORD-01426,2026-06-30 00:54:37.852111,SP,Móveis,1899.03,3,5
ORD-01427,2025-10-12 00:54:37.852111,SP,Informática,441.56,6,5
ORD-01428,2026-07-27 00:54:37.852111,AM,Eletrônicos,640.29,23,2
ORD-01429,2025-09-17 00:54:37.852111,BA,Esportes,1007.34,15,2
ORD-01430,2026-06-17 00:54:37.852111,RJ,Informática,792.41,7,5
ORD-01431,2025-10-06 00:54:37.852111,RS,Beleza e Saúde,1351.68,12,2
ORD-01432,2025-10-14 00:54:37.852111,PR,Informática,1950.88,15,3
ORD-01433,2026-08-01 00:54:37.852111,BA,Informática,1232.53,15,3
ORD-01434,2025-09-29 00:54:37.852111,RJ,Informática,1456.9,2,5
ORD-01435,2026-05-25 00:54:37.852111,SC,Beleza e Saúde,221.61,8,5
ORD-01436,2026-01-09 00:54:37.852111,SP,Beleza e Saúde,1274.23,5,5
ORD-01437,2025-09-08 00:54:37.852111,BA,Informática,935.01,18,2
ORD-01438,2025-11-22 00:54:37.852111,CE,Informática,1777.28,16,3
ORD-01439,2026-03-17 00:54:37.852111,PR,Móveis,807.01,4,3
ORD-01440,2026-05-24 00:54:37.852111,PR,Esportes,1374.94,11,3
ORD-01441,2026-01-10 00:54:37.852111,RS,Móveis,494.9,15,3
ORD-01442,2026-01-27 00:54:37.852111,MG,Eletrônicos,555.78,5,4
ORD-01443,2026-01-25 00:54:37.852111,CE,Esportes,783.44,21,1
ORD-01444,2026-07-19 00:54:37.852111,PR,Eletrônicos,642.92,11,4
ORD-01445,2026-05-16 00:54:37.852111,PE,Esportes,545.06,19,3
ORD-01446,2025-11-18 00:54:37.852111,CE,Informática,146.85,22,2
ORD-01447,2026-03-23 00:54:37.852111,PR,Móveis,1681.66,11,5
ORD-01448,2026-06-15 00:54:37.852111,AM,Esportes,175.39,16,2
ORD-01449,2025-08-13 00:54:37.852111,CE,Eletrônicos,1780.36,14,3
ORD-01450,2026-07-18 00:54:37.852111,RJ,Esportes,294.66,4,4
ORD-01451,2026-06-27 00:54:37.852111,CE,Beleza e Saúde,177.26,19,2
ORD-01452,2025-10-29 00:54:37.852111,RS,Esportes,1147.86,9,3
ORD-01453,2025-11-20 00:54:37.852111,SC,Informática,1029.76,10,2
ORD-01454,2026-07-28 00:54:37.852111,SC,Cama Mesa Banho,1007.91,11,3
ORD-01455,2026-01-26 00:54:37.852111,SC,Beleza e Saúde,1170.28,12,3
ORD-01456,2025-11-04 00:54:37.852111,RJ,Cama Mesa Banho,609.76,7,5
ORD-01457,2026-05-19 00:54:37.852111,BA,Informática,1342.75,18,5
ORD-01458,2025-12-06 00:54:37.852111,SC,Cama Mesa Banho,1029.68,6,5
ORD-01459,2025-11-16 00:54:37.852111,SP,Esportes,702.75,4,4
ORD-01460,2025-09-12 00:54:37.852111,RJ,Cama Mesa Banho,1661.68,5,4
ORD-01461,2026-04-18 00:54:37.852111,BA,Móveis,1469.06,8,4
ORD-01462,2026-08-06 00:54:37.852111,SP,Informática,817.54,7,5
ORD-01463,2026-03-29 00:54:37.852111,SP,Móveis,1702.85,5,4
ORD-01464,2026-02-18 00:54:37.852111,SP,Cama Mesa Banho,1844.5,5,3
ORD-01465,2025-09-19 00:54:37.852111,PE,Móveis,1096.89,24,1
ORD-01466,2025-10-02 00:54:37.852111,RS,Beleza e Saúde,469.16,8,5
ORD-01467,2026-01-10 00:54:37.852111,RS,Cama Mesa Banho,1835.79,11,4
ORD-01468,2026-05-23 00:54:37.852111,RJ,Eletrônicos,419.49,4,4
ORD-01469,2026-01-02 00:54:37.852111,SP,Móveis,144.43,4,5
ORD-01470,2026-05-02 00:54:37.852111,AM,Esportes,688.6,14,1
ORD-01471,2025-11-13 00:54:37.852111,CE,Cama Mesa Banho,1467.58,26,1
ORD-01472,2026-07-30 00:54:37.852111,BA,Eletrônicos,1850.38,16,4
ORD-01473,2026-03-07 00:54:37.852111,RS,Beleza e Saúde,1292.71,12,2
ORD-01474,2026-03-14 00:54:37.852111,SC,Esportes,1906.09,4,4
ORD-01475,2026-04-27 00:54:37.852111,RJ,Cama Mesa Banho,230.12,7,2
ORD-01476,2026-02-06 00:54:37.852111,BA,Esportes,168.47,23,3
ORD-01477,2025-10-16 00:54:37.852111,RJ,Cama Mesa Banho,1228.17,5,4
ORD-01478,2026-05-07 00:54:37.852111,AM,Cama Mesa Banho,1933.93,16,3
ORD-01479,2026-04-04 00:54:37.852111,PE,Informática,1030.31,20,3
ORD-01480,2025-10-24 00:54:37.852111,PE,Móveis,150.45,29,3
ORD-01481,2026-02-23 00:54:37.852111,SP,Cama Mesa Banho,481.38,1,5
ORD-01482,2026-02-11 00:54:37.852111,PE,Beleza e Saúde,527.35,21,1
ORD-01483,2025-08-14 00:54:37.852111,RJ,Eletrônicos,708.82,3,5
ORD-01484,2026-07-05 00:54:37.852111,SC,Móveis,135.03,9,5
ORD-01485,2026-07-29 00:54:37.852111,SP,Informática,1814.54,4,4
ORD-01486,2026-08-09 00:54:37.852111,PR,Móveis,1055.35,8,3
ORD-01487,2025-08-29 00:54:37.852111,BA,Móveis,1358.32,17,1
ORD-01488,2026-01-15 00:54:37.852111,AM,Cama Mesa Banho,180.99,12,2
ORD-01489,2026-03-05 00:54:37.852111,SP,Beleza e Saúde,155.53,7,5
ORD-01490,2026-07-28 00:54:37.852111,RJ,Cama Mesa Banho,1193.61,1,5
ORD-01491,2026-04-27 00:54:37.852111,BA,Beleza e Saúde,1780.23,20,2
ORD-01492,2025-10-06 00:54:37.852111,SC,Beleza e Saúde,1080.54,9,3
ORD-01493,2025-12-29 00:54:37.852111,MG,Esportes,1761.75,2,5
ORD-01494,2026-02-24 00:54:37.852111,AM,Cama Mesa Banho,1631.43,19,2
ORD-01495,2026-07-10 00:54:37.852111,RJ,Informática,197.91,1,5
ORD-01496,2025-12-05 00:54:37.852111,AM,Eletrônicos,443.82,18,4
ORD-01497,2025-12-09 00:54:37.852111,RS,Móveis,1332.54,5,5
ORD-01498,2025-11-17 00:54:37.852111,MG,Esportes,914.83,5,3
ORD-01499,2026-03-25 00:54:37.852111,BA,Informática,616.86,13,3
ORD-01500,2025-11-12 00:54:37.852111,PE,Eletrônicos,866.34,15,2
ORD-01501,2026-05-09 00:54:37.852111,RJ,Eletrônicos,918.14,5,4
ORD-01502,2025-12-29 00:54:37.852111,AM,Cama Mesa Banho,1825.58,14,3
ORD-01503,2026-07-05 00:54:37.852111,BA,Beleza e Saúde,251.74,17,2
ORD-01504,2025-10-15 00:54:37.852111,PE,Cama Mesa Banho,595.47,10,4
ORD-01505,2026-07-15 00:54:37.852111,SC,Eletrônicos,1098.25,11,4
ORD-01506,2025-09-29 00:54:37.852111,SC,Cama Mesa Banho,1411.66,15,3
ORD-01507,2025-12-11 00:54:37.852111,AM,Esportes,1279.74,31,1
ORD-01508,2025-12-20 00:54:37.852111,SP,Informática,1886.2,5,4
ORD-01509,2026-02-09 00:54:37.852111,RS,Eletrônicos,1601.44,12,2
ORD-01510,2025-11-14 00:54:37.852111,SP,Esportes,1136.3,1,4
ORD-01511,2025-12-20 00:54:37.852111,RS,Informática,468.63,14,5
ORD-01512,2025-12-17 00:54:37.852111,RJ,Esportes,929.2,6,3
ORD-01513,2025-11-20 00:54:37.852111,PR,Móveis,1402.1,8,3
ORD-01514,2025-08-19 00:54:37.852111,AM,Beleza e Saúde,1684.03,24,2
ORD-01515,2025-09-07 00:54:37.852111,CE,Beleza e Saúde,1921.49,16,3
ORD-01516,2026-06-09 00:54:37.852111,AM,Beleza e Saúde,1230.63,15,3
ORD-01517,2026-02-17 00:54:37.852111,MG,Móveis,1077.49,5,5
ORD-01518,2026-08-10 00:54:37.852111,PE,Eletrônicos,84.5,12,4
ORD-01519,2026-03-24 00:54:37.852111,MG,Eletrônicos,190.59,7,3
ORD-01520,2026-03-08 00:54:37.852111,SC,Móveis,354.4,6,4
ORD-01521,2025-09-23 00:54:37.852111,RS,Beleza e Saúde,156.78,6,4
ORD-01522,2026-03-20 00:54:37.852111,PE,Beleza e Saúde,831.68,13,4
ORD-01523,2025-10-24 00:54:37.852111,SC,Informática,706.91,12,3
ORD-01524,2026-03-13 00:54:37.852111,PE,Informática,1292.84,14,1
ORD-01525,2026-02-01 00:54:37.852111,SP,Cama Mesa Banho,1094.55,2,5
ORD-01526,2026-06-01 00:54:37.852111,SC,Esportes,1212.14,8,2
ORD-01527,2025-10-12 00:54:37.852111,SP,Informática,970.36,4,5
ORD-01528,2025-09-03 00:54:37.852111,SP,Informática,591.59,2,4
ORD-01529,2026-03-26 00:54:37.852111,PE,Informática,1908.01,12,3
ORD-01530,2026-02-07 00:54:37.852111,BA,Informática,218.5,28,1
ORD-01531,2025-10-24 00:54:37.852111,MG,Móveis,1880.84,3,4
ORD-01532,2026-06-13 00:54:37.852111,SC,Cama Mesa Banho,656.91,9,3
ORD-01533,2026-01-27 00:54:37.852111,CE,Informática,1049.69,16,3
ORD-01534,2025-10-22 00:54:37.852111,BA,Eletrônicos,262.24,15,4
ORD-01535,2025-09-28 00:54:37.852111,MG,Esportes,188.32,6,5
ORD-01536,2025-10-15 00:54:37.852111,SC,Informática,887.61,12,5
ORD-01537,2025-09-03 00:54:37.852111,RS,Móveis,1496.31,9,3
ORD-01538,2026-08-02 00:54:37.852111,MG,Eletrônicos,575.26,2,5
ORD-01539,2026-06-12 00:54:37.852111,CE,Beleza e Saúde,1146.58,24,2
ORD-01540,2025-09-14 00:54:37.852111,AM,Beleza e Saúde,593.37,17,3
ORD-01541,2025-12-30 00:54:37.852111,RJ,Cama Mesa Banho,807.8,8,5
ORD-01542,2026-03-13 00:54:37.852111,SP,Beleza e Saúde,1817.57,1,5
ORD-01543,2026-01-26 00:54:37.852111,RJ,Informática,1718.89,5,4
ORD-01544,2026-06-22 00:54:37.852111,BA,Móveis,1056.23,27,2
ORD-01545,2025-11-26 00:54:37.852111,AM,Cama Mesa Banho,514.31,16,1
ORD-01546,2026-06-15 00:54:37.852111,SP,Eletrônicos,426.71,4,4
ORD-01547,2026-06-02 00:54:37.852111,SC,Informática,1910.47,10,3
ORD-01548,2026-03-18 00:54:37.852111,BA,Beleza e Saúde,445.3,15,2
ORD-01549,2025-08-29 00:54:37.852111,CE,Esportes,1625.93,16,4
ORD-01550,2026-06-11 00:54:37.852111,PE,Informática,769.49,16,2
ORD-01551,2025-10-07 00:54:37.852111,SC,Esportes,1972.04,8,4
ORD-01552,2025-12-13 00:54:37.852111,MG,Eletrônicos,767.9,7,4
ORD-01553,2025-09-17 00:54:37.852111,PE,Esportes,735.46,20,3
ORD-01554,2026-04-28 00:54:37.852111,BA,Eletrônicos,1293.05,19,2
ORD-01555,2025-12-30 00:54:37.852111,MG,Cama Mesa Banho,1924.96,6,5
ORD-01556,2025-10-04 00:54:37.852111,CE,Móveis,1953.61,16,3
ORD-01557,2026-01-07 00:54:37.852111,RJ,Beleza e Saúde,1429.05,3,5
ORD-01558,2025-12-15 00:54:37.852111,MG,Beleza e Saúde,1521.48,3,3
ORD-01559,2025-11-27 00:54:37.852111,RJ,Informática,1148.63,5,3
ORD-01560,2025-11-24 00:54:37.852111,SP,Beleza e Saúde,1523.76,2,5
ORD-01561,2026-08-08 00:54:37.852111,RS,Cama Mesa Banho,1726.57,8,3
ORD-01562,2025-11-25 00:54:37.852111,PR,Beleza e Saúde,997.89,8,5
ORD-01563,2026-06-20 00:54:37.852111,SC,Informática,1258.73,16,3
ORD-01564,2026-06-27 00:54:37.852111,PR,Beleza e Saúde,1097.77,1,5
ORD-01565,2026-01-10 00:54:37.852111,SP,Móveis,1146.82,4,3
ORD-01566,2026-02-17 00:54:37.852111,MG,Eletrônicos,1785.59,8,4
ORD-01567,2026-08-04 00:54:37.852111,SP,Esportes,743.45,5,3
ORD-01568,2026-05-06 00:54:37.852111,PR,Esportes,455.96,12,3
ORD-01569,2026-07-24 00:54:37.852111,PR,Eletrônicos,939.75,10,3
ORD-01570,2025-12-15 00:54:37.852111,SC,Esportes,455.77,7,4
ORD-01571,2026-06-13 00:54:37.852111,PE,Móveis,1021.88,6,5
ORD-01572,2026-02-16 00:54:37.852111,AM,Cama Mesa Banho,1811.84,19,2
ORD-01573,2025-09-09 00:54:37.852111,SP,Informática,1254.0,3,4
ORD-01574,2026-06-12 00:54:37.852111,RS,Móveis,1718.09,7,2
ORD-01575,2026-03-21 00:54:37.852111,AM,Informática,374.07,15,3
ORD-01576,2026-01-09 00:54:37.852111,SP,Cama Mesa Banho,1806.7,8,3
ORD-01577,2026-08-10 00:54:37.852111,CE,Móveis,1223.48,30,1
ORD-01578,2026-03-06 00:54:37.852111,BA,Beleza e Saúde,111.93,19,2
ORD-01579,2025-12-29 00:54:37.852111,BA,Cama Mesa Banho,1284.58,15,4
ORD-01580,2025-11-17 00:54:37.852111,PR,Esportes,1905.22,6,4
ORD-01581,2026-04-15 00:54:37.852111,BA,Móveis,204.38,20,2
ORD-01582,2026-05-16 00:54:37.852111,RJ,Cama Mesa Banho,1185.79,8,4
ORD-01583,2025-09-18 00:54:37.852111,RS,Cama Mesa Banho,1835.18,9,5
ORD-01584,2026-06-06 00:54:37.852111,BA,Móveis,68.91,6,5
ORD-01585,2025-08-21 00:54:37.852111,MG,Esportes,1280.28,6,4
ORD-01586,2026-05-07 00:54:37.852111,RJ,Eletrônicos,976.06,6,4
ORD-01587,2025-11-19 00:54:37.852111,AM,Esportes,726.63,10,3
ORD-01588,2026-04-30 00:54:37.852111,RJ,Cama Mesa Banho,1273.7,5,3
ORD-01589,2025-09-24 00:54:37.852111,SP,Informática,152.77,5,4
ORD-01590,2026-04-12 00:54:37.852111,PR,Eletrônicos,1518.47,9,3
ORD-01591,2026-07-15 00:54:37.852111,SC,Eletrônicos,58.73,7,5
ORD-01592,2026-03-29 00:54:37.852111,SC,Cama Mesa Banho,648.52,13,2
ORD-01593,2026-01-30 00:54:37.852111,CE,Móveis,1032.72,15,4
ORD-01594,2025-12-30 00:54:37.852111,RS,Móveis,785.19,5,5
ORD-01595,2025-09-15 00:54:37.852111,SP,Móveis,649.58,1,5
ORD-01596,2026-02-24 00:54:37.852111,SC,Esportes,1670.13,13,3
ORD-01597,2026-08-04 00:54:37.852111,PR,Beleza e Saúde,1872.92,11,3
ORD-01598,2026-07-04 00:54:37.852111,AM,Móveis,1753.74,18,3
ORD-01599,2026-07-19 00:54:37.852111,SC,Móveis,1068.74,8,5
ORD-01600,2025-11-25 00:54:37.852111,MG,Eletrônicos,1774.12,3,4
ORD-01601,2025-12-30 00:54:37.852111,RJ,Informática,1845.68,2,3
ORD-01602,2026-04-11 00:54:37.852111,SC,Informática,848.01,8,5
ORD-01603,2026-07-06 00:54:37.852111,SP,Cama Mesa Banho,602.72,1,5
ORD-01604,2025-09-19 00:54:37.852111,BA,Cama Mesa Banho,241.62,14,2
ORD-01605,2025-12-05 00:54:37.852111,BA,Cama Mesa Banho,984.23,16,2
ORD-01606,2026-02-18 00:54:37.852111,AM,Móveis,1895.28,21,1
ORD-01607,2026-05-15 00:54:37.852111,BA,Informática,1143.77,17,2
ORD-01608,2026-07-07 00:54:37.852111,AM,Cama Mesa Banho,1351.75,21,2
ORD-01609,2025-10-01 00:54:37.852111,SP,Informática,270.12,7,4
ORD-01610,2026-02-18 00:54:37.852111,RS,Móveis,329.86,13,2
ORD-01611,2025-11-02 00:54:37.852111,BA,Eletrônicos,955.72,20,1
ORD-01612,2026-05-24 00:54:37.852111,CE,Móveis,1904.97,18,2
ORD-01613,2026-04-21 00:54:37.852111,PR,Cama Mesa Banho,753.53,7,4
ORD-01614,2026-07-04 00:54:37.852111,RJ,Móveis,1761.09,6,4
ORD-01615,2025-10-16 00:54:37.852111,BA,Móveis,284.56,26,2
ORD-01616,2026-01-01 00:54:37.852111,AM,Informática,1253.18,19,3
ORD-01617,2025-09-29 00:54:37.852111,SP,Beleza e Saúde,1221.2,8,2
ORD-01618,2025-08-29 00:54:37.852111,BA,Esportes,1726.76,10,4
ORD-01619,2026-04-20 00:54:37.852111,SC,Cama Mesa Banho,56.47,6,5
ORD-01620,2026-02-08 00:54:37.852111,BA,Beleza e Saúde,420.37,22,1
ORD-01621,2025-09-24 00:54:37.852111,AM,Eletrônicos,478.39,19,1
ORD-01622,2026-06-18 00:54:37.852111,MG,Cama Mesa Banho,1902.43,7,4
ORD-01623,2026-07-04 00:54:37.852111,MG,Beleza e Saúde,349.7,4,4
ORD-01624,2025-08-24 00:54:37.852111,BA,Móveis,122.08,13,2
ORD-01625,2026-07-04 00:54:37.852111,RJ,Cama Mesa Banho,1092.2,4,3
ORD-01626,2025-08-31 00:54:37.852111,SP,Beleza e Saúde,1080.69,1,5
ORD-01627,2025-12-19 00:54:37.852111,CE,Esportes,1695.89,12,3
ORD-01628,2025-10-28 00:54:37.852111,CE,Móveis,1900.28,22,1
ORD-01629,2025-11-24 00:54:37.852111,BA,Cama Mesa Banho,1100.16,22,2
ORD-01630,2026-01-09 00:54:37.852111,BA,Eletrônicos,1863.49,19,1
ORD-01631,2026-03-19 00:54:37.852111,MG,Eletrônicos,1464.06,1,4
ORD-01632,2025-09-11 00:54:37.852111,AM,Cama Mesa Banho,565.89,16,3
ORD-01633,2026-02-26 00:54:37.852111,RJ,Beleza e Saúde,1860.42,2,4
ORD-01634,2026-05-13 00:54:37.852111,BA,Cama Mesa Banho,1351.51,23,1
ORD-01635,2025-08-25 00:54:37.852111,CE,Móveis,857.49,15,2
ORD-01636,2026-06-15 00:54:37.852111,SP,Informática,1376.47,2,4
ORD-01637,2026-06-15 00:54:37.852111,RS,Eletrônicos,832.56,10,4
ORD-01638,2025-10-13 00:54:37.852111,SC,Beleza e Saúde,272.66,8,4
ORD-01639,2026-02-25 00:54:37.852111,BA,Esportes,1452.01,25,1
ORD-01640,2025-11-17 00:54:37.852111,AM,Cama Mesa Banho,1656.97,14,4
ORD-01641,2025-08-15 00:54:37.852111,BA,Móveis,1471.17,11,2
ORD-01642,2026-06-29 00:54:37.852111,AM,Cama Mesa Banho,496.77,7,5
ORD-01643,2025-09-02 00:54:37.852111,RJ,Esportes,1915.44,4,4
ORD-01644,2026-02-13 00:54:37.852111,RS,Móveis,99.25,8,3
ORD-01645,2026-02-24 00:54:37.852111,PR,Esportes,698.74,5,3
ORD-01646,2025-08-22 00:54:37.852111,SP,Móveis,557.18,7,4
ORD-01647,2026-02-03 00:54:37.852111,SP,Informática,143.85,6,4
ORD-01648,2026-03-11 00:54:37.852111,AM,Eletrônicos,841.17,17,2
ORD-01649,2026-02-06 00:54:37.852111,MG,Móveis,1265.07,7,5
ORD-01650,2026-08-06 00:54:37.852111,AM,Esportes,1770.98,21,1
ORD-01651,2026-04-02 00:54:37.852111,MG,Beleza e Saúde,1979.89,3,5
ORD-01652,2025-12-21 00:54:37.852111,PE,Eletrônicos,1625.77,12,5
ORD-01653,2026-06-29 00:54:37.852111,CE,Informática,963.93,22,2
ORD-01654,2025-10-03 00:54:37.852111,SP,Cama Mesa Banho,1461.22,5,3
ORD-01655,2025-12-07 00:54:37.852111,RJ,Informática,1695.07,5,5
ORD-01656,2026-07-13 00:54:37.852111,AM,Informática,957.35,13,2
ORD-01657,2026-07-21 00:54:37.852111,RJ,Cama Mesa Banho,1580.86,6,5
ORD-01658,2026-03-06 00:54:37.852111,RS,Móveis,991.17,7,3
ORD-01659,2025-08-15 00:54:37.852111,RJ,Informática,803.67,4,5
ORD-01660,2026-03-08 00:54:37.852111,BA,Eletrônicos,1075.88,25,3
ORD-01661,2026-07-05 00:54:37.852111,CE,Informática,1367.92,14,2
ORD-01662,2026-05-23 00:54:37.852111,BA,Beleza e Saúde,1467.42,10,4
ORD-01663,2025-08-22 00:54:37.852111,SC,Eletrônicos,745.64,6,5
ORD-01664,2025-11-28 00:54:37.852111,AM,Beleza e Saúde,1164.07,22,3
ORD-01665,2026-01-19 00:54:37.852111,SP,Eletrônicos,1824.25,5,5
ORD-01666,2026-05-28 00:54:37.852111,AM,Esportes,1953.81,17,4
ORD-01667,2026-08-01 00:54:37.852111,CE,Cama Mesa Banho,493.13,15,3
ORD-01668,2025-10-22 00:54:37.852111,PR,Eletrônicos,426.02,11,3
ORD-01669,2026-01-01 00:54:37.852111,PR,Eletrônicos,1369.54,7,4
ORD-01670,2026-07-31 00:54:37.852111,SC,Móveis,858.63,10,4
ORD-01671,2026-06-28 00:54:37.852111,CE,Móveis,97.23,14,3
ORD-01672,2026-03-11 00:54:37.852111,PE,Esportes,726.38,13,3
ORD-01673,2026-04-22 00:54:37.852111,PE,Móveis,1623.15,14,4
ORD-01674,2025-12-23 00:54:37.852111,PE,Móveis,1604.98,16,1
ORD-01675,2026-07-27 00:54:37.852111,SP,Beleza e Saúde,1014.64,4,5
ORD-01676,2025-08-18 00:54:37.852111,SP,Móveis,971.53,5,5
ORD-01677,2026-01-02 00:54:37.852111,PE,Móveis,1180.04,1,5
ORD-01678,2025-08-24 00:54:37.852111,PR,Esportes,477.82,7,2
ORD-01679,2026-02-06 00:54:37.852111,CE,Esportes,1075.79,16,4
ORD-01680,2025-09-03 00:54:37.852111,RJ,Informática,71.54,8,4
ORD-01681,2025-08-13 00:54:37.852111,CE,Móveis,977.34,12,4
ORD-01682,2026-03-03 00:54:37.852111,PE,Móveis,705.3,18,4
ORD-01683,2025-09-21 00:54:37.852111,CE,Eletrônicos,1366.0,25,2
ORD-01684,2026-05-31 00:54:37.852111,RS,Móveis,1294.79,6,5
ORD-01685,2025-12-23 00:54:37.852111,SP,Beleza e Saúde,792.63,5,5
ORD-01686,2026-01-01 00:54:37.852111,SP,Eletrônicos,64.18,3,4
ORD-01687,2025-09-28 00:54:37.852111,PR,Móveis,541.93,8,4
ORD-01688,2026-06-14 00:54:37.852111,RJ,Beleza e Saúde,1285.03,3,4
ORD-01689,2025-09-12 00:54:37.852111,PE,Informática,191.13,14,3
ORD-01690,2026-01-03 00:54:37.852111,AM,Eletrônicos,259.9,31,1
ORD-01691,2026-07-07 00:54:37.852111,PR,Cama Mesa Banho,1311.72,12,4
ORD-01692,2025-11-08 00:54:37.852111,PR,Móveis,1523.75,13,3
ORD-01693,2026-01-29 00:54:37.852111,RJ,Eletrônicos,677.02,5,4
ORD-01694,2025-08-26 00:54:37.852111,BA,Esportes,1004.86,9,4
ORD-01695,2025-12-14 00:54:37.852111,PE,Eletrônicos,1894.14,19,1
ORD-01696,2025-09-23 00:54:37.852111,AM,Esportes,1893.81,23,4
ORD-01697,2026-01-06 00:54:37.852111,SP,Móveis,649.63,3,4
ORD-01698,2026-02-02 00:54:37.852111,RJ,Beleza e Saúde,1629.48,6,4
ORD-01699,2026-07-27 00:54:37.852111,AM,Esportes,1208.19,21,1
ORD-01700,2026-08-01 00:54:37.852111,RS,Eletrônicos,1952.19,15,3
ORD-01701,2026-02-01 00:54:37.852111,PR,Eletrônicos,981.35,8,5
ORD-01702,2026-07-22 00:54:37.852111,RJ,Esportes,1560.68,2,5
ORD-01703,2026-04-15 00:54:37.852111,SP,Informática,1547.87,4,5
ORD-01704,2026-01-15 00:54:37.852111,CE,Informática,1019.99,25,2
ORD-01705,2025-10-11 00:54:37.852111,SP,Informática,1601.48,1,4
ORD-01706,2025-11-16 00:54:37.852111,RS,Esportes,559.03,3,3
ORD-01707,2026-02-02 00:54:37.852111,RJ,Esportes,288.39,5,4
ORD-01708,2026-02-19 00:54:37.852111,RS,Eletrônicos,879.07,8,4
ORD-01709,2025-11-01 00:54:37.852111,PE,Móveis,1890.08,18,3
ORD-01710,2026-01-21 00:54:37.852111,PE,Móveis,1026.45,22,2
ORD-01711,2026-03-02 00:54:37.852111,CE,Beleza e Saúde,1288.76,15,4
ORD-01712,2025-12-05 00:54:37.852111,PR,Esportes,1267.12,4,5
ORD-01713,2025-12-29 00:54:37.852111,BA,Móveis,308.52,28,1
ORD-01714,2026-08-06 00:54:37.852111,MG,Móveis,811.08,3,3
ORD-01715,2026-07-15 00:54:37.852111,AM,Informática,1428.53,12,5
ORD-01716,2026-07-11 00:54:37.852111,RS,Informática,1945.38,13,5
ORD-01717,2026-04-01 00:54:37.852111,AM,Informática,377.63,16,1
ORD-01718,2026-05-26 00:54:37.852111,CE,Cama Mesa Banho,850.36,17,4
ORD-01719,2026-06-16 00:54:37.852111,AM,Móveis,235.43,20,3
ORD-01720,2026-07-18 00:54:37.852111,AM,Informática,522.63,23,2
ORD-01721,2025-12-30 00:54:37.852111,SP,Informática,784.68,4,5
ORD-01722,2025-11-01 00:54:37.852111,RJ,Esportes,1104.25,8,5
ORD-01723,2026-08-09 00:54:37.852111,PR,Eletrônicos,499.61,3,5
ORD-01724,2026-05-06 00:54:37.852111,MG,Informática,493.75,6,5
ORD-01725,2026-07-05 00:54:37.852111,RJ,Esportes,1566.77,3,5
ORD-01726,2025-11-15 00:54:37.852111,SP,Beleza e Saúde,1927.15,7,4
ORD-01727,2025-11-01 00:54:37.852111,AM,Informática,681.05,18,2
ORD-01728,2026-03-09 00:54:37.852111,MG,Eletrônicos,1391.58,3,4
ORD-01729,2026-05-30 00:54:37.852111,SP,Esportes,553.26,6,4
ORD-01730,2025-10-29 00:54:37.852111,SP,Eletrônicos,1859.51,6,4
ORD-01731,2026-04-05 00:54:37.852111,SP,Informática,1362.16,6,4
ORD-01732,2026-02-19 00:54:37.852111,PE,Beleza e Saúde,1615.22,12,3
ORD-01733,2026-05-21 00:54:37.852111,MG,Informática,146.24,4,4
ORD-01734,2026-07-22 00:54:37.852111,SP,Esportes,1217.09,4,5
ORD-01735,2026-07-17 00:54:37.852111,BA,Beleza e Saúde,1078.84,17,1
ORD-01736,2026-01-30 00:54:37.852111,AM,Beleza e Saúde,621.34,21,2
ORD-01737,2025-09-10 00:54:37.852111,MG,Beleza e Saúde,561.74,1,5
ORD-01738,2025-12-20 00:54:37.852111,PE,Cama Mesa Banho,1181.05,19,2
ORD-01739,2026-05-13 00:54:37.852111,RS,Esportes,1427.65,9,4
ORD-01740,2026-07-23 00:54:37.852111,RS,Cama Mesa Banho,114.69,7,2
ORD-01741,2025-10-14 00:54:37.852111,PR,Eletrônicos,1156.43,7,4
ORD-01742,2025-08-21 00:54:37.852111,SC,Beleza e Saúde,382.4,9,4
ORD-01743,2026-05-21 00:54:37.852111,BA,Cama Mesa Banho,323.71,1,5
ORD-01744,2025-11-24 00:54:37.852111,RS,Informática,1265.08,7,5
ORD-01745,2026-03-19 00:54:37.852111,PE,Cama Mesa Banho,656.2,13,3
ORD-01746,2025-11-29 00:54:37.852111,SC,Móveis,909.72,11,4
ORD-01747,2026-06-16 00:54:37.852111,SP,Eletrônicos,752.0,3,5
ORD-01748,2026-07-29 00:54:37.852111,SP,Beleza e Saúde,1314.26,4,5
ORD-01749,2026-03-04 00:54:37.852111,CE,Beleza e Saúde,966.73,25,1
ORD-01750,2026-03-03 00:54:37.852111,AM,Eletrônicos,1928.74,22,1
ORD-01751,2025-09-27 00:54:37.852111,SC,Eletrônicos,737.15,12,5
ORD-01752,2025-11-05 00:54:37.852111,AM,Esportes,1493.55,15,1
ORD-01753,2025-11-06 00:54:37.852111,PE,Informática,551.72,20,2
ORD-01754,2026-08-01 00:54:37.852111,BA,Eletrônicos,1042.07,16,4
ORD-01755,2025-11-12 00:54:37.852111,SC,Eletrônicos,1127.51,9,4
ORD-01756,2025-11-15 00:54:37.852111,RS,Esportes,691.76,11,3
ORD-01757,2026-01-17 00:54:37.852111,BA,Eletrônicos,969.97,15,3
ORD-01758,2026-07-17 00:54:37.852111,CE,Cama Mesa Banho,594.59,25,1
ORD-01759,2026-06-02 00:54:37.852111,AM,Móveis,61.7,17,3
ORD-01760,2026-06-14 00:54:37.852111,AM,Móveis,470.51,21,1
ORD-01761,2026-03-21 00:54:37.852111,BA,Móveis,1415.13,25,3
ORD-01762,2026-05-12 00:54:37.852111,SP,Eletrônicos,1553.38,7,5
ORD-01763,2025-10-08 00:54:37.852111,AM,Móveis,596.4,10,3
ORD-01764,2026-08-05 00:54:37.852111,CE,Informática,845.68,20,1
ORD-01765,2026-05-26 00:54:37.852111,RS,Cama Mesa Banho,122.86,12,3
ORD-01766,2026-07-17 00:54:37.852111,MG,Móveis,512.27,6,4
ORD-01767,2026-02-20 00:54:37.852111,RS,Beleza e Saúde,1569.48,6,5
ORD-01768,2026-06-24 00:54:37.852111,RS,Eletrônicos,1231.67,8,3
ORD-01769,2026-01-26 00:54:37.852111,AM,Cama Mesa Banho,451.25,22,1
ORD-01770,2025-08-29 00:54:37.852111,RJ,Informática,552.01,3,5
ORD-01771,2026-02-13 00:54:37.852111,SP,Móveis,1642.76,4,5
ORD-01772,2026-07-20 00:54:37.852111,AM,Informática,457.71,25,1
ORD-01773,2025-10-01 00:54:37.852111,SP,Eletrônicos,701.61,4,3
ORD-01774,2026-06-28 00:54:37.852111,PE,Móveis,1345.5,14,5
ORD-01775,2026-07-29 00:54:37.852111,RJ,Beleza e Saúde,1144.17,3,5
ORD-01776,2026-03-13 00:54:37.852111,AM,Cama Mesa Banho,948.7,19,2
ORD-01777,2026-01-03 00:54:37.852111,PR,Beleza e Saúde,1804.5,6,5
ORD-01778,2026-01-19 00:54:37.852111,RS,Móveis,478.44,9,4
ORD-01779,2025-11-13 00:54:37.852111,PE,Esportes,1495.77,19,3
ORD-01780,2025-12-20 00:54:37.852111,RJ,Cama Mesa Banho,360.17,7,4
ORD-01781,2025-09-07 00:54:37.852111,AM,Informática,1250.68,21,2
ORD-01782,2025-12-28 00:54:37.852111,CE,Móveis,1747.72,14,3
ORD-01783,2026-08-04 00:54:37.852111,BA,Beleza e Saúde,942.91,23,1
ORD-01784,2026-02-28 00:54:37.852111,BA,Eletrônicos,1462.37,16,5
ORD-01785,2025-09-28 00:54:37.852111,SP,Esportes,1649.77,2,4
ORD-01786,2026-01-11 00:54:37.852111,RJ,Eletrônicos,315.25,4,3
ORD-01787,2026-04-18 00:54:37.852111,RS,Móveis,1426.36,14,3
ORD-01788,2025-09-03 00:54:37.852111,RS,Informática,1843.69,10,3
ORD-01789,2026-06-02 00:54:37.852111,MG,Beleza e Saúde,1173.92,5,4
ORD-01790,2026-06-10 00:54:37.852111,BA,Cama Mesa Banho,412.94,26,2
ORD-01791,2026-01-20 00:54:37.852111,PE,Esportes,297.54,10,5
ORD-01792,2026-01-16 00:54:37.852111,RJ,Móveis,556.48,2,5
ORD-01793,2026-06-02 00:54:37.852111,RS,Móveis,251.85,5,4
ORD-01794,2025-11-09 00:54:37.852111,MG,Móveis,1051.12,5,4
ORD-01795,2025-11-12 00:54:37.852111,RJ,Móveis,185.92,5,5
ORD-01796,2025-09-27 00:54:37.852111,SC,Beleza e Saúde,485.64,14,1
ORD-01797,2025-09-09 00:54:37.852111,RS,Cama Mesa Banho,907.83,10,4
ORD-01798,2026-05-10 00:54:37.852111,SC,Informática,974.13,8,2
ORD-01799,2026-02-28 00:54:37.852111,RJ,Esportes,1152.53,5,5
ORD-01800,2026-07-12 00:54:37.852111,RS,Móveis,1425.95,10,3
ORD-01801,2026-08-02 00:54:37.852111,SC,Eletrônicos,142.1,4,4
ORD-01802,2025-10-16 00:54:37.852111,PR,Móveis,207.21,18,2
ORD-01803,2026-01-08 00:54:37.852111,MG,Cama Mesa Banho,168.68,6,4
ORD-01804,2025-10-28 00:54:37.852111,PE,Cama Mesa Banho,875.14,19,5
ORD-01805,2026-05-03 00:54:37.852111,BA,Beleza e Saúde,131.6,21,3
ORD-01806,2025-11-19 00:54:37.852111,MG,Beleza e Saúde,1504.86,6,3
ORD-01807,2026-01-11 00:54:37.852111,SC,Eletrônicos,484.85,9,5
ORD-01808,2026-02-15 00:54:37.852111,RS,Eletrônicos,1881.46,8,5
ORD-01809,2026-05-17 00:54:37.852111,PR,Beleza e Saúde,998.49,11,3
ORD-01810,2026-07-03 00:54:37.852111,PR,Esportes,920.34,11,4
ORD-01811,2026-05-29 00:54:37.852111,BA,Eletrônicos,1572.05,13,3
ORD-01812,2026-06-28 00:54:37.852111,PR,Beleza e Saúde,1440.65,14,5
ORD-01813,2026-03-06 00:54:37.852111,MG,Móveis,1234.25,5,3
ORD-01814,2026-05-25 00:54:37.852111,AM,Beleza e Saúde,1873.54,21,2
ORD-01815,2025-10-07 00:54:37.852111,PR,Esportes,873.41,14,3
ORD-01816,2026-05-19 00:54:37.852111,BA,Beleza e Saúde,1626.64,18,1
ORD-01817,2026-05-13 00:54:37.852111,PR,Beleza e Saúde,791.18,10,5
ORD-01818,2026-03-18 00:54:37.852111,PR,Móveis,1684.77,12,2
ORD-01819,2026-03-05 00:54:37.852111,CE,Eletrônicos,555.98,14,3
ORD-01820,2026-01-23 00:54:37.852111,MG,Móveis,614.07,5,3
ORD-01821,2025-12-14 00:54:37.852111,SC,Móveis,1371.85,10,3
ORD-01822,2025-08-25 00:54:37.852111,SP,Beleza e Saúde,464.79,3,5
ORD-01823,2026-08-11 00:54:37.852111,AM,Móveis,496.85,29,1
ORD-01824,2025-12-31 00:54:37.852111,PR,Cama Mesa Banho,645.26,5,5
ORD-01825,2025-10-28 00:54:37.852111,PE,Informática,1373.91,11,3
ORD-01826,2025-12-23 00:54:37.852111,PR,Informática,1784.31,13,4
ORD-01827,2026-05-28 00:54:37.852111,CE,Móveis,1365.41,21,3
ORD-01828,2026-04-19 00:54:37.852111,SC,Eletrônicos,1664.24,6,4
ORD-01829,2026-03-12 00:54:37.852111,PE,Esportes,1109.94,21,2
ORD-01830,2026-05-02 00:54:37.852111,AM,Móveis,184.4,25,2
ORD-01831,2026-01-31 00:54:37.852111,PE,Eletrônicos,245.91,17,3
ORD-01832,2026-02-28 00:54:37.852111,MG,Móveis,1131.06,10,4
ORD-01833,2025-08-19 00:54:37.852111,BA,Beleza e Saúde,689.21,9,4
ORD-01834,2026-05-15 00:54:37.852111,BA,Eletrônicos,480.11,21,2
ORD-01835,2026-02-20 00:54:37.852111,AM,Esportes,959.2,23,2
ORD-01836,2026-04-13 00:54:37.852111,SC,Móveis,1349.67,12,5
ORD-01837,2026-03-23 00:54:37.852111,BA,Cama Mesa Banho,800.73,16,3
ORD-01838,2026-04-29 00:54:37.852111,RJ,Eletrônicos,1614.96,4,5
ORD-01839,2025-10-12 00:54:37.852111,CE,Informática,1490.12,20,3
ORD-01840,2025-08-18 00:54:37.852111,AM,Eletrônicos,1483.08,22,2
ORD-01841,2025-09-30 00:54:37.852111,AM,Cama Mesa Banho,1971.12,21,2
ORD-01842,2026-04-12 00:54:37.852111,SP,Cama Mesa Banho,625.7,7,3
ORD-01843,2026-08-04 00:54:37.852111,SP,Cama Mesa Banho,1307.21,2,5
ORD-01844,2025-11-24 00:54:37.852111,MG,Esportes,1718.18,4,2
ORD-01845,2026-06-01 00:54:37.852111,MG,Esportes,1180.07,3,4
ORD-01846,2025-08-19 00:54:37.852111,SP,Eletrônicos,1589.53,4,5
ORD-01847,2026-01-02 00:54:37.852111,BA,Esportes,858.18,23,1
ORD-01848,2026-07-03 00:54:37.852111,RS,Informática,1201.46,10,4
ORD-01849,2026-01-21 00:54:37.852111,AM,Beleza e Saúde,158.55,31,1
ORD-01850,2025-11-22 00:54:37.852111,RJ,Eletrônicos,1972.25,5,4
ORD-01851,2025-09-19 00:54:37.852111,AM,Móveis,1610.04,18,3
ORD-01852,2026-02-16 00:54:37.852111,PR,Móveis,1744.18,10,4
ORD-01853,2025-08-30 00:54:37.852111,SC,Eletrônicos,1403.87,8,2
ORD-01854,2025-09-29 00:54:37.852111,CE,Beleza e Saúde,412.8,17,2
ORD-01855,2026-05-21 00:54:37.852111,RS,Móveis,110.51,13,4
ORD-01856,2025-09-29 00:54:37.852111,RJ,Eletrônicos,1736.08,5,5
ORD-01857,2026-04-24 00:54:37.852111,PR,Eletrônicos,822.84,7,5
ORD-01858,2025-12-05 00:54:37.852111,MG,Cama Mesa Banho,564.54,3,5
ORD-01859,2026-08-06 00:54:37.852111,RJ,Informática,1145.26,4,4
ORD-01860,2026-05-21 00:54:37.852111,SP,Móveis,870.75,5,5
ORD-01861,2026-01-17 00:54:37.852111,AM,Informática,1320.75,23,2
ORD-01862,2025-10-03 00:54:37.852111,RJ,Eletrônicos,993.4,2,4
ORD-01863,2026-07-22 00:54:37.852111,SC,Beleza e Saúde,1409.6,9,3
ORD-01864,2026-08-10 00:54:37.852111,PE,Eletrônicos,1714.18,18,1
ORD-01865,2026-04-08 00:54:37.852111,MG,Móveis,431.34,1,5
ORD-01866,2025-10-20 00:54:37.852111,CE,Informática,692.39,13,5
ORD-01867,2026-02-06 00:54:37.852111,CE,Cama Mesa Banho,901.79,14,2
ORD-01868,2025-08-16 00:54:37.852111,RJ,Cama Mesa Banho,1926.01,3,4
ORD-01869,2026-07-30 00:54:37.852111,PE,Eletrônicos,762.4,18,3
ORD-01870,2026-08-01 00:54:37.852111,AM,Beleza e Saúde,793.14,17,2
ORD-01871,2026-05-18 00:54:37.852111,PR,Esportes,1324.27,8,2
ORD-01872,2026-08-01 00:54:37.852111,RS,Móveis,867.44,11,3
ORD-01873,2026-07-19 00:54:37.852111,AM,Eletrônicos,1904.89,26,1
ORD-01874,2025-10-16 00:54:37.852111,PR,Cama Mesa Banho,1794.21,14,3
ORD-01875,2025-12-13 00:54:37.852111,RS,Cama Mesa Banho,1051.15,4,5
ORD-01876,2026-04-13 00:54:37.852111,PE,Beleza e Saúde,1307.31,20,4
ORD-01877,2026-03-19 00:54:37.852111,RS,Cama Mesa Banho,163.16,9,3
ORD-01878,2026-06-19 00:54:37.852111,AM,Móveis,1406.67,18,3
ORD-01879,2025-12-18 00:54:37.852111,SC,Beleza e Saúde,1429.04,8,5
ORD-01880,2025-08-22 00:54:37.852111,RJ,Informática,750.44,5,5
ORD-01881,2026-02-21 00:54:37.852111,PR,Beleza e Saúde,478.38,10,3
ORD-01882,2026-01-04 00:54:37.852111,SC,Móveis,1834.4,8,4
ORD-01883,2026-04-16 00:54:37.852111,PR,Móveis,882.07,7,5
ORD-01884,2025-10-08 00:54:37.852111,RJ,Informática,1324.73,4,3
ORD-01885,2026-02-11 00:54:37.852111,BA,Eletrônicos,114.99,19,4
ORD-01886,2025-10-29 00:54:37.852111,RS,Beleza e Saúde,857.43,11,5
ORD-01887,2025-10-10 00:54:37.852111,PE,Móveis,1643.65,22,1
ORD-01888,2025-10-17 00:54:37.852111,BA,Móveis,805.77,15,3
ORD-01889,2026-05-23 00:54:37.852111,BA,Informática,1226.16,19,3
ORD-01890,2026-01-14 00:54:37.852111,CE,Esportes,459.22,22,1
ORD-01891,2026-03-16 00:54:37.852111,SP,Beleza e Saúde,862.23,7,4
ORD-01892,2026-07-07 00:54:37.852111,AM,Móveis,1858.89,17,3
ORD-01893,2025-08-26 00:54:37.852111,SC,Cama Mesa Banho,1154.58,9,2
ORD-01894,2025-10-05 00:54:37.852111,SC,Informática,1808.77,10,4
ORD-01895,2025-08-17 00:54:37.852111,SC,Esportes,1808.94,6,3
ORD-01896,2026-06-15 00:54:37.852111,SC,Esportes,1891.09,9,5
ORD-01897,2026-04-04 00:54:37.852111,AM,Informática,1796.01,21,1
ORD-01898,2026-01-23 00:54:37.852111,BA,Esportes,56.4,21,2
ORD-01899,2025-12-13 00:54:37.852111,AM,Móveis,1871.33,16,4
ORD-01900,2026-07-09 00:54:37.852111,SC,Esportes,318.05,10,4
ORD-01901,2026-05-12 00:54:37.852111,SP,Beleza e Saúde,127.86,3,3
ORD-01902,2026-01-18 00:54:37.852111,MG,Cama Mesa Banho,158.01,6,3
ORD-01903,2025-08-25 00:54:37.852111,RJ,Móveis,730.39,4,4
ORD-01904,2025-09-15 00:54:37.852111,SC,Informática,1260.57,9,4
ORD-01905,2025-10-12 00:54:37.852111,PE,Cama Mesa Banho,834.51,16,3
ORD-01906,2025-08-28 00:54:37.852111,MG,Eletrônicos,99.83,4,4
ORD-01907,2026-01-12 00:54:37.852111,AM,Móveis,979.14,15,2
ORD-01908,2026-03-07 00:54:37.852111,PE,Cama Mesa Banho,912.15,21,2
ORD-01909,2026-07-20 00:54:37.852111,PE,Esportes,1525.86,16,3
ORD-01910,2025-10-24 00:54:37.852111,PR,Eletrônicos,595.25,14,5
ORD-01911,2026-08-09 00:54:37.852111,PE,Informática,474.19,25,1
ORD-01912,2026-01-05 00:54:37.852111,SC,Informática,549.08,7,5
ORD-01913,2025-08-14 00:54:37.852111,PR,Beleza e Saúde,642.29,10,2
ORD-01914,2026-07-24 00:54:37.852111,CE,Esportes,1218.37,14,1
ORD-01915,2026-03-14 00:54:37.852111,BA,Beleza e Saúde,969.47,16,2
ORD-01916,2026-06-24 00:54:37.852111,PE,Beleza e Saúde,706.94,28,2
ORD-01917,2026-02-17 00:54:37.852111,SP,Esportes,779.91,4,5
ORD-01918,2026-05-09 00:54:37.852111,RJ,Móveis,773.3,5,4
ORD-01919,2026-04-30 00:54:37.852111,PE,Eletrônicos,1946.19,20,2
ORD-01920,2025-12-06 00:54:37.852111,CE,Beleza e Saúde,504.34,12,2
ORD-01921,2026-04-18 00:54:37.852111,RS,Cama Mesa Banho,1645.22,7,2
ORD-01922,2025-08-24 00:54:37.852111,AM,Eletrônicos,1431.01,11,4
ORD-01923,2025-12-28 00:54:37.852111,AM,Móveis,60.86,13,3
ORD-01924,2026-06-08 00:54:37.852111,CE,Esportes,1986.69,3,5
ORD-01925,2025-09-12 00:54:37.852111,RS,Informática,1525.06,11,2
ORD-01926,2025-11-24 00:54:37.852111,AM,Móveis,1380.78,28,3
ORD-01927,2025-10-22 00:54:37.852111,AM,Beleza e Saúde,840.38,18,2
ORD-01928,2025-12-13 00:54:37.852111,AM,Cama Mesa Banho,1132.65,10,4
ORD-01929,2026-02-08 00:54:37.852111,CE,Eletrônicos,543.88,14,2
ORD-01930,2025-12-10 00:54:37.852111,BA,Esportes,119.19,15,3
ORD-01931,2026-04-10 00:54:37.852111,RJ,Informática,1680.24,2,5
ORD-01932,2025-11-18 00:54:37.852111,CE,Eletrônicos,1798.14,22,2
ORD-01933,2026-04-04 00:54:37.852111,RS,Cama Mesa Banho,366.82,12,3
ORD-01934,2025-12-19 00:54:37.852111,PE,Informática,1584.76,12,4
ORD-01935,2026-07-26 00:54:37.852111,BA,Esportes,1495.25,21,1
ORD-01936,2026-07-04 00:54:37.852111,BA,Eletrônicos,397.83,25,2
ORD-01937,2026-07-23 00:54:37.852111,PE,Móveis,872.57,27,1
ORD-01938,2025-12-31 00:54:37.852111,SP,Beleza e Saúde,874.38,10,4
ORD-01939,2025-08-23 00:54:37.852111,PR,Esportes,1531.93,7,4
ORD-01940,2025-11-04 00:54:37.852111,RJ,Cama Mesa Banho,1683.44,10,2
ORD-01941,2026-08-05 00:54:37.852111,RJ,Móveis,234.81,4,3
ORD-01942,2026-05-05 00:54:37.852111,SP,Eletrônicos,1147.79,3,2
ORD-01943,2025-12-16 00:54:37.852111,PR,Informática,1535.41,10,4
ORD-01944,2026-05-18 00:54:37.852111,RJ,Móveis,1583.07,3,5
ORD-01945,2025-10-19 00:54:37.852111,RS,Móveis,338.59,11,4
ORD-01946,2026-07-30 00:54:37.852111,MG,Cama Mesa Banho,1074.74,2,5
ORD-01947,2025-09-13 00:54:37.852111,MG,Beleza e Saúde,1722.24,4,2
ORD-01948,2026-08-11 00:54:37.852111,RJ,Móveis,671.11,7,3
ORD-01949,2025-10-24 00:54:37.852111,SC,Móveis,878.98,9,4
ORD-01950,2025-09-22 00:54:37.852111,RJ,Beleza e Saúde,1618.5,5,4
ORD-01951,2026-07-03 00:54:37.852111,PE,Beleza e Saúde,224.17,20,2
ORD-01952,2025-09-29 00:54:37.852111,PE,Informática,1726.01,23,2
ORD-01953,2025-10-01 00:54:37.852111,PR,Eletrônicos,656.76,5,4
ORD-01954,2026-04-24 00:54:37.852111,AM,Informática,52.83,20,2
ORD-01955,2026-07-30 00:54:37.852111,BA,Beleza e Saúde,506.61,16,2
ORD-01956,2025-12-25 00:54:37.852111,RS,Esportes,224.53,10,5
ORD-01957,2026-05-21 00:54:37.852111,SP,Beleza e Saúde,230.15,7,4
ORD-01958,2026-04-05 00:54:37.852111,RJ,Informática,1401.03,2,3
ORD-01959,2025-12-25 00:54:37.852111,AM,Cama Mesa Banho,467.25,12,3
ORD-01960,2025-09-21 00:54:37.852111,AM,Cama Mesa Banho,1872.75,8,4
ORD-01961,2026-03-21 00:54:37.852111,RS,Eletrônicos,1057.07,8,5
ORD-01962,2025-09-02 00:54:37.852111,SP,Móveis,947.19,7,4
ORD-01963,2026-07-16 00:54:37.852111,PE,Cama Mesa Banho,896.85,17,2
ORD-01964,2026-06-08 00:54:37.852111,CE,Informática,1400.55,11,2
ORD-01965,2026-03-03 00:54:37.852111,RS,Cama Mesa Banho,931.91,8,5
ORD-01966,2025-12-27 00:54:37.852111,AM,Esportes,300.77,10,3
ORD-01967,2025-11-25 00:54:37.852111,MG,Beleza e Saúde,1766.34,2,5
ORD-01968,2026-03-02 00:54:37.852111,RJ,Beleza e Saúde,885.37,5,5
ORD-01969,2025-10-16 00:54:37.852111,PR,Informática,194.31,6,5
ORD-01970,2025-10-14 00:54:37.852111,MG,Móveis,1082.26,7,2
ORD-01971,2025-10-30 00:54:37.852111,AM,Beleza e Saúde,1312.33,17,1
ORD-01972,2026-08-03 00:54:37.852111,BA,Cama Mesa Banho,587.39,18,2
ORD-01973,2026-01-30 00:54:37.852111,SC,Esportes,1610.66,9,3
ORD-01974,2026-04-17 00:54:37.852111,SP,Móveis,1356.06,6,5
ORD-01975,2025-11-16 00:54:37.852111,PE,Móveis,1318.17,21,2
ORD-01976,2026-05-25 00:54:37.852111,RJ,Móveis,870.61,5,4
ORD-01977,2026-05-12 00:54:37.852111,PR,Beleza e Saúde,1925.73,11,3
ORD-01978,2025-11-20 00:54:37.852111,CE,Eletrônicos,584.67,16,4
ORD-01979,2025-09-15 00:54:37.852111,PE,Móveis,1176.53,20,5
ORD-01980,2025-08-28 00:54:37.852111,RJ,Informática,652.66,4,4
ORD-01981,2025-08-17 00:54:37.852111,CE,Cama Mesa Banho,1502.37,18,3
ORD-01982,2025-11-29 00:54:37.852111,PR,Eletrônicos,143.19,9,4
ORD-01983,2026-04-02 00:54:37.852111,AM,Esportes,139.49,15,3
ORD-01984,2025-11-10 00:54:37.852111,SC,Cama Mesa Banho,1631.18,7,3
ORD-01985,2025-11-22 00:54:37.852111,MG,Informática,896.82,5,3
ORD-01986,2026-02-23 00:54:37.852111,MG,Informática,715.3,7,3
ORD-01987,2026-08-12 00:54:37.852111,AM,Eletrônicos,1234.68,23,2
ORD-01988,2025-10-04 00:54:37.852111,PE,Cama Mesa Banho,1418.7,11,3
ORD-01989,2026-06-10 00:54:37.852111,AM,Beleza e Saúde,442.34,24,1
ORD-01990,2025-11-02 00:54:37.852111,AM,Informática,411.59,16,3
ORD-01991,2026-04-14 00:54:37.852111,RJ,Móveis,1918.39,6,4
ORD-01992,2026-04-28 00:54:37.852111,RJ,Esportes,1199.85,3,5
ORD-01993,2026-02-19 00:54:37.852111,PR,Esportes,810.73,10,4
ORD-01994,2026-01-21 00:54:37.852111,SC,Informática,1612.81,10,2
ORD-01995,2026-03-01 00:54:37.852111,RJ,Móveis,1074.06,2,2
ORD-01996,2025-10-12 00:54:37.852111,PR,Cama Mesa Banho,521.24,11,3
ORD-01997,2026-04-15 00:54:37.852111,BA,Esportes,453.13,24,1
ORD-01998,2026-06-30 00:54:37.852111,AM,Móveis,823.88,17,4
ORD-01999,2025-10-05 00:54:37.852111,AM,Móveis,1726.8,24,2
ORD-02000,2026-03-10 00:54:37.852111,PE,Beleza e Saúde,169.82,17,4
ORD-02001,2026-01-18 00:54:37.852111,BA,Informática,476.13,22,1
ORD-02002,2026-04-27 00:54:37.852111,PE,Móveis,1791.65,6,5
ORD-02003,2025-12-05 00:54:37.852111,CE,Cama Mesa Banho,287.38,30,2
ORD-02004,2025-09-13 00:54:37.852111,PR,Esportes,1277.77,14,1
ORD-02005,2026-04-05 00:54:37.852111,PR,Beleza e Saúde,466.35,9,5
ORD-02006,2025-10-24 00:54:37.852111,AM,Cama Mesa Banho,1231.44,8,4
ORD-02007,2026-07-24 00:54:37.852111,RS,Esportes,797.05,10,4
ORD-02008,2025-11-04 00:54:37.852111,CE,Informática,248.27,10,3
ORD-02009,2025-11-01 00:54:37.852111,PR,Cama Mesa Banho,1185.83,11,5
ORD-02010,2026-08-12 00:54:37.852111,RJ,Esportes,1381.93,5,3
ORD-02011,2026-04-16 00:54:37.852111,AM,Beleza e Saúde,1376.53,13,4
ORD-02012,2026-07-09 00:54:37.852111,PE,Esportes,1292.22,23,3
ORD-02013,2026-01-27 00:54:37.852111,BA,Móveis,1025.44,22,1
ORD-02014,2025-12-11 00:54:37.852111,PE,Beleza e Saúde,1062.97,22,4
ORD-02015,2026-06-15 00:54:37.852111,MG,Cama Mesa Banho,1289.5,5,5
ORD-02016,2025-09-22 00:54:37.852111,RS,Eletrônicos,1396.01,5,5
ORD-02017,2026-03-05 00:54:37.852111,PR,Informática,1327.01,12,2
ORD-02018,2026-02-15 00:54:37.852111,SC,Beleza e Saúde,1194.54,9,5
ORD-02019,2026-01-19 00:54:37.852111,SP,Beleza e Saúde,353.89,2,3
ORD-02020,2026-08-01 00:54:37.852111,RS,Beleza e Saúde,460.7,14,4
ORD-02021,2025-11-10 00:54:37.852111,AM,Esportes,557.44,28,1
ORD-02022,2026-02-13 00:54:37.852111,PR,Móveis,1843.34,9,3
ORD-02023,2025-12-14 00:54:37.852111,BA,Eletrônicos,1530.82,28,2
ORD-02024,2026-01-09 00:54:37.852111,PR,Informática,1128.09,10,5
ORD-02025,2025-12-05 00:54:37.852111,SP,Informática,541.51,4,3
ORD-02026,2025-10-18 00:54:37.852111,BA,Móveis,266.24,14,4
ORD-02027,2026-04-09 00:54:37.852111,PE,Esportes,1802.58,26,2
ORD-02028,2026-01-08 00:54:37.852111,BA,Esportes,1790.7,14,2
ORD-02029,2025-10-11 00:54:37.852111,RS,Móveis,265.86,12,5
ORD-02030,2025-11-01 00:54:37.852111,PE,Móveis,1604.57,15,1
ORD-02031,2026-02-09 00:54:37.852111,PR,Cama Mesa Banho,920.96,8,3
ORD-02032,2026-07-05 00:54:37.852111,AM,Esportes,681.74,23,2
ORD-02033,2026-01-02 00:54:37.852111,CE,Beleza e Saúde,1491.25,16,2
ORD-02034,2026-02-10 00:54:37.852111,AM,Informática,1247.94,15,3
ORD-02035,2026-02-16 00:54:37.852111,PR,Esportes,1571.06,13,3
ORD-02036,2025-10-23 00:54:37.852111,SP,Móveis,194.94,8,4
ORD-02037,2025-09-07 00:54:37.852111,CE,Beleza e Saúde,671.24,21,3
ORD-02038,2026-03-15 00:54:37.852111,PR,Cama Mesa Banho,672.67,8,4
ORD-02039,2026-04-09 00:54:37.852111,SC,Eletrônicos,693.02,8,4
ORD-02040,2025-10-16 00:54:37.852111,RS,Cama Mesa Banho,1029.84,10,5
ORD-02041,2025-10-09 00:54:37.852111,SC,Beleza e Saúde,601.88,10,4
ORD-02042,2025-09-11 00:54:37.852111,PE,Beleza e Saúde,916.55,13,4
ORD-02043,2025-12-22 00:54:37.852111,MG,Móveis,767.17,6,3
ORD-02044,2026-08-05 00:54:37.852111,PR,Eletrônicos,1483.83,10,4
ORD-02045,2025-09-06 00:54:37.852111,RJ,Móveis,1226.83,1,4
ORD-02046,2026-04-06 00:54:37.852111,RJ,Informática,1324.58,3,3
ORD-02047,2025-11-22 00:54:37.852111,BA,Eletrônicos,460.64,15,3
ORD-02048,2026-03-09 00:54:37.852111,AM,Eletrônicos,684.73,17,2
ORD-02049,2025-08-26 00:54:37.852111,AM,Informática,91.27,27,2
ORD-02050,2025-08-20 00:54:37.852111,AM,Cama Mesa Banho,261.33,19,3
ORD-02051,2026-08-08 00:54:37.852111,SC,Beleza e Saúde,566.86,7,2
ORD-02052,2026-05-19 00:54:37.852111,RS,Cama Mesa Banho,177.65,10,3
ORD-02053,2026-02-19 00:54:37.852111,PR,Móveis,1225.13,8,2
ORD-02054,2025-10-27 00:54:37.852111,SP,Esportes,1996.35,5,4
ORD-02055,2026-02-01 00:54:37.852111,BA,Móveis,246.59,20,3
ORD-02056,2025-10-06 00:54:37.852111,PE,Esportes,1651.4,24,1
ORD-02057,2026-04-16 00:54:37.852111,CE,Beleza e Saúde,281.69,17,2
ORD-02058,2026-01-07 00:54:37.852111,PE,Beleza e Saúde,1356.33,26,3
ORD-02059,2026-04-21 00:54:37.852111,PR,Eletrônicos,1304.16,12,1
ORD-02060,2026-03-21 00:54:37.852111,MG,Beleza e Saúde,1810.3,3,5
ORD-02061,2026-07-18 00:54:37.852111,AM,Informática,272.19,29,1
ORD-02062,2026-03-30 00:54:37.852111,CE,Informática,665.12,19,2
ORD-02063,2025-10-14 00:54:37.852111,SC,Esportes,227.02,7,3
ORD-02064,2025-12-24 00:54:37.852111,PR,Cama Mesa Banho,844.4,14,5
ORD-02065,2026-05-29 00:54:37.852111,MG,Eletrônicos,1827.61,9,2
ORD-02066,2025-09-19 00:54:37.852111,SC,Cama Mesa Banho,1573.97,9,4
ORD-02067,2025-09-02 00:54:37.852111,MG,Esportes,1459.66,3,5
ORD-02068,2025-10-15 00:54:37.852111,AM,Informática,1089.4,17,1
ORD-02069,2025-10-28 00:54:37.852111,SC,Móveis,1772.8,12,2
ORD-02070,2026-08-12 00:54:37.852111,RS,Eletrônicos,926.41,13,3
ORD-02071,2026-03-19 00:54:37.852111,RJ,Esportes,341.89,6,3
ORD-02072,2025-10-30 00:54:37.852111,PE,Cama Mesa Banho,1683.29,18,2
ORD-02073,2026-03-24 00:54:37.852111,RS,Esportes,595.29,14,3
ORD-02074,2026-06-21 00:54:37.852111,CE,Esportes,154.59,16,3
ORD-02075,2025-10-13 00:54:37.852111,BA,Beleza e Saúde,295.77,23,1
ORD-02076,2026-06-05 00:54:37.852111,RJ,Informática,1237.66,4,5
ORD-02077,2025-08-17 00:54:37.852111,RS,Eletrônicos,1233.81,11,2
ORD-02078,2026-05-15 00:54:37.852111,PR,Beleza e Saúde,557.36,9,2
ORD-02079,2026-01-05 00:54:37.852111,MG,Informática,1468.0,4,5
ORD-02080,2026-02-02 00:54:37.852111,CE,Esportes,1558.6,16,2
ORD-02081,2026-06-11 00:54:37.852111,PR,Informática,1844.98,14,2
ORD-02082,2026-06-01 00:54:37.852111,RJ,Cama Mesa Banho,1190.63,3,3
ORD-02083,2026-03-05 00:54:37.852111,MG,Eletrônicos,1569.88,3,5
ORD-02084,2026-02-25 00:54:37.852111,CE,Beleza e Saúde,1518.54,28,1
ORD-02085,2026-05-16 00:54:37.852111,BA,Eletrônicos,552.73,22,2
ORD-02086,2026-02-18 00:54:37.852111,RJ,Esportes,654.94,1,5
ORD-02087,2025-11-17 00:54:37.852111,CE,Cama Mesa Banho,983.04,15,4
ORD-02088,2026-06-01 00:54:37.852111,RS,Informática,87.13,4,4
ORD-02089,2025-12-11 00:54:37.852111,CE,Informática,629.93,13,5
ORD-02090,2026-05-28 00:54:37.852111,RJ,Cama Mesa Banho,974.07,1,5
ORD-02091,2026-03-07 00:54:37.852111,AM,Informática,260.74,17,4
ORD-02092,2025-09-23 00:54:37.852111,RS,Beleza e Saúde,296.24,6,5
ORD-02093,2026-05-07 00:54:37.852111,PR,Móveis,953.31,10,4
ORD-02094,2026-05-03 00:54:37.852111,RJ,Informática,1475.38,1,4
ORD-02095,2026-04-03 00:54:37.852111,AM,Esportes,1675.81,18,3
ORD-02096,2026-05-03 00:54:37.852111,SP,Informática,1115.31,4,5
ORD-02097,2026-07-25 00:54:37.852111,BA,Eletrônicos,975.76,25,1
ORD-02098,2026-05-23 00:54:37.852111,AM,Esportes,799.35,25,2
ORD-02099,2025-11-07 00:54:37.852111,SP,Informática,426.25,6,5
ORD-02100,2025-09-08 00:54:37.852111,PE,Informática,335.8,16,5
ORD-02101,2025-08-13 00:54:37.852111,MG,Esportes,1594.2,8,5
ORD-02102,2025-09-16 00:54:37.852111,AM,Beleza e Saúde,956.76,10,5
ORD-02103,2026-04-06 00:54:37.852111,SC,Móveis,1591.12,5,4
ORD-02104,2025-09-03 00:54:37.852111,BA,Móveis,1422.96,17,3
ORD-02105,2025-10-07 00:54:37.852111,AM,Beleza e Saúde,428.1,29,2
ORD-02106,2026-05-16 00:54:37.852111,SP,Informática,1045.1,4,4
ORD-02107,2026-01-12 00:54:37.852111,SC,Móveis,915.83,9,3
ORD-02108,2026-03-23 00:54:37.852111,BA,Beleza e Saúde,876.55,10,5
ORD-02109,2026-06-09 00:54:37.852111,SC,Beleza e Saúde,1108.01,12,2
ORD-02110,2026-05-29 00:54:37.852111,RS,Móveis,1965.06,12,2
ORD-02111,2026-01-26 00:54:37.852111,SP,Esportes,1635.16,6,5
ORD-02112,2026-03-23 00:54:37.852111,CE,Cama Mesa Banho,1812.24,14,4
ORD-02113,2025-10-01 00:54:37.852111,RS,Esportes,107.8,7,4
ORD-02114,2026-05-12 00:54:37.852111,BA,Informática,323.66,11,3
ORD-02115,2025-10-12 00:54:37.852111,BA,Esportes,215.29,18,2
ORD-02116,2026-01-01 00:54:37.852111,RJ,Eletrônicos,563.3,2,5
ORD-02117,2025-10-26 00:54:37.852111,SP,Cama Mesa Banho,911.69,2,5
ORD-02118,2026-05-03 00:54:37.852111,PE,Cama Mesa Banho,1302.0,15,3
ORD-02119,2025-11-19 00:54:37.852111,PE,Beleza e Saúde,1026.62,15,5
ORD-02120,2025-08-23 00:54:37.852111,BA,Eletrônicos,1811.21,15,2
ORD-02121,2026-04-25 00:54:37.852111,PE,Informática,1882.72,20,2
ORD-02122,2025-09-17 00:54:37.852111,MG,Beleza e Saúde,368.87,5,4
ORD-02123,2025-11-21 00:54:37.852111,RJ,Esportes,1713.18,4,3
ORD-02124,2026-08-10 00:54:37.852111,BA,Esportes,989.36,18,2
ORD-02125,2026-05-20 00:54:37.852111,PE,Móveis,933.99,13,4
ORD-02126,2025-11-04 00:54:37.852111,SP,Beleza e Saúde,1580.63,5,5
ORD-02127,2025-09-19 00:54:37.852111,AM,Eletrônicos,231.62,18,5
ORD-02128,2025-10-13 00:54:37.852111,CE,Beleza e Saúde,1770.86,10,4
ORD-02129,2026-04-18 00:54:37.852111,RS,Beleza e Saúde,1358.18,12,4
ORD-02130,2026-01-04 00:54:37.852111,RS,Beleza e Saúde,1756.76,7,4
ORD-02131,2026-03-12 00:54:37.852111,MG,Cama Mesa Banho,1989.23,5,5
ORD-02132,2026-03-13 00:54:37.852111,SC,Móveis,1060.11,13,5
ORD-02133,2026-08-01 00:54:37.852111,SP,Informática,231.86,6,5
ORD-02134,2026-04-02 00:54:37.852111,SC,Informática,374.72,10,3
ORD-02135,2025-10-13 00:54:37.852111,RJ,Informática,681.06,4,4
ORD-02136,2025-10-24 00:54:37.852111,CE,Cama Mesa Banho,251.93,22,2
ORD-02137,2025-10-17 00:54:37.852111,RJ,Móveis,1639.92,6,5
ORD-02138,2025-12-28 00:54:37.852111,BA,Eletrônicos,628.89,14,4
ORD-02139,2025-11-15 00:54:37.852111,SP,Móveis,1952.98,3,5
ORD-02140,2026-07-01 00:54:37.852111,BA,Cama Mesa Banho,1420.05,7,4
ORD-02141,2025-09-04 00:54:37.852111,PR,Eletrônicos,388.19,10,3
ORD-02142,2025-09-21 00:54:37.852111,PE,Beleza e Saúde,978.28,17,3
ORD-02143,2025-10-15 00:54:37.852111,RS,Esportes,960.42,13,5
ORD-02144,2025-08-14 00:54:37.852111,AM,Beleza e Saúde,1010.4,19,3
ORD-02145,2026-07-23 00:54:37.852111,BA,Informática,1094.6,24,2
ORD-02146,2026-04-28 00:54:37.852111,SC,Beleza e Saúde,110.79,7,5
ORD-02147,2025-09-11 00:54:37.852111,PR,Cama Mesa Banho,1388.29,13,3
ORD-02148,2025-10-14 00:54:37.852111,RS,Informática,1000.02,8,3
ORD-02149,2026-04-18 00:54:37.852111,BA,Esportes,1592.38,21,1
ORD-02150,2026-04-11 00:54:37.852111,PR,Eletrônicos,1639.93,5,4
ORD-02151,2025-11-05 00:54:37.852111,PR,Eletrônicos,499.54,10,3
ORD-02152,2025-10-25 00:54:37.852111,SP,Informática,144.42,1,5
ORD-02153,2026-01-22 00:54:37.852111,RJ,Beleza e Saúde,1421.31,4,4
ORD-02154,2026-06-23 00:54:37.852111,PR,Móveis,1956.64,11,3
ORD-02155,2025-11-15 00:54:37.852111,MG,Móveis,920.98,3,5
ORD-02156,2025-09-23 00:54:37.852111,RJ,Eletrônicos,556.24,2,4
ORD-02157,2025-11-09 00:54:37.852111,RS,Móveis,355.51,12,3
ORD-02158,2026-03-25 00:54:37.852111,RS,Informática,610.52,9,4
ORD-02159,2025-11-11 00:54:37.852111,RS,Móveis,689.44,8,3
ORD-02160,2025-10-27 00:54:37.852111,RS,Cama Mesa Banho,876.56,10,5
ORD-02161,2025-09-13 00:54:37.852111,MG,Eletrônicos,1328.04,10,4
ORD-02162,2026-06-22 00:54:37.852111,BA,Esportes,582.67,23,3
ORD-02163,2026-07-17 00:54:37.852111,CE,Móveis,149.4,23,1
ORD-02164,2026-03-09 00:54:37.852111,PR,Cama Mesa Banho,777.89,11,4
ORD-02165,2025-12-17 00:54:37.852111,RS,Cama Mesa Banho,1718.48,10,4
ORD-02166,2026-03-10 00:54:37.852111,RJ,Informática,1021.79,1,5
ORD-02167,2025-10-26 00:54:37.852111,RJ,Eletrônicos,1931.33,3,3
ORD-02168,2026-03-30 00:54:37.852111,PR,Informática,1032.06,8,4
ORD-02169,2026-03-22 00:54:37.852111,BA,Esportes,588.0,8,2
ORD-02170,2026-04-29 00:54:37.852111,AM,Esportes,426.96,12,4
ORD-02171,2026-03-08 00:54:37.852111,AM,Beleza e Saúde,1404.32,8,2
ORD-02172,2026-03-20 00:54:37.852111,CE,Esportes,1095.94,17,1
ORD-02173,2026-08-11 00:54:37.852111,BA,Eletrônicos,1227.8,22,3
ORD-02174,2026-05-28 00:54:37.852111,PR,Eletrônicos,1522.5,13,3
ORD-02175,2026-04-03 00:54:37.852111,AM,Informática,1465.51,20,1
ORD-02176,2026-05-15 00:54:37.852111,AM,Cama Mesa Banho,134.56,13,4
ORD-02177,2025-09-02 00:54:37.852111,AM,Beleza e Saúde,1615.02,8,4
ORD-02178,2025-08-28 00:54:37.852111,SC,Esportes,1088.77,4,5
ORD-02179,2025-11-23 00:54:37.852111,MG,Cama Mesa Banho,813.83,2,5
ORD-02180,2025-08-27 00:54:37.852111,PR,Informática,1098.16,7,5
ORD-02181,2026-04-27 00:54:37.852111,PE,Móveis,1244.28,17,2
ORD-02182,2026-05-31 00:54:37.852111,SP,Beleza e Saúde,341.54,2,5
ORD-02183,2026-07-05 00:54:37.852111,SP,Eletrônicos,863.96,5,4
ORD-02184,2026-03-07 00:54:37.852111,BA,Cama Mesa Banho,704.39,16,1
ORD-02185,2026-06-03 00:54:37.852111,PR,Informática,733.3,10,4
ORD-02186,2025-10-05 00:54:37.852111,PR,Informática,228.1,13,3
ORD-02187,2025-12-15 00:54:37.852111,SP,Beleza e Saúde,361.69,2,4
ORD-02188,2025-10-19 00:54:37.852111,CE,Beleza e Saúde,365.57,20,1
ORD-02189,2026-07-08 00:54:37.852111,SP,Esportes,777.79,4,4
ORD-02190,2026-05-21 00:54:37.852111,PR,Esportes,1794.26,8,4
ORD-02191,2025-11-23 00:54:37.852111,AM,Eletrônicos,451.75,22,1
ORD-02192,2025-10-07 00:54:37.852111,CE,Eletrônicos,861.58,22,3
ORD-02193,2026-02-22 00:54:37.852111,RS,Beleza e Saúde,657.64,7,4
ORD-02194,2026-02-21 00:54:37.852111,PE,Beleza e Saúde,1585.4,17,1
ORD-02195,2025-08-16 00:54:37.852111,SC,Cama Mesa Banho,147.75,10,5
ORD-02196,2026-06-27 00:54:37.852111,MG,Esportes,433.26,4,4
ORD-02197,2026-03-25 00:54:37.852111,RS,Informática,460.75,11,5
ORD-02198,2026-04-17 00:54:37.852111,RJ,Esportes,1986.28,5,5
ORD-02199,2025-11-09 00:54:37.852111,SP,Esportes,1163.01,8,4
ORD-02200,2026-01-11 00:54:37.852111,PE,Beleza e Saúde,320.97,10,3
ORD-02201,2026-01-05 00:54:37.852111,SP,Beleza e Saúde,580.79,4,5
ORD-02202,2026-07-18 00:54:37.852111,SP,Esportes,377.25,3,4
ORD-02203,2026-08-04 00:54:37.852111,RS,Móveis,292.98,11,3
ORD-02204,2025-11-15 00:54:37.852111,AM,Móveis,1604.5,9,4
ORD-02205,2026-08-03 00:54:37.852111,AM,Eletrônicos,1016.72,19,2
ORD-02206,2026-04-14 00:54:37.852111,SC,Esportes,1280.86,8,4
ORD-02207,2026-04-10 00:54:37.852111,CE,Móveis,695.94,14,4
ORD-02208,2026-02-24 00:54:37.852111,SP,Eletrônicos,1129.71,2,5
ORD-02209,2026-06-02 00:54:37.852111,BA,Eletrônicos,552.26,15,3
ORD-02210,2026-03-14 00:54:37.852111,AM,Esportes,650.67,23,1
ORD-02211,2026-01-17 00:54:37.852111,PR,Eletrônicos,1321.86,9,4
ORD-02212,2026-06-25 00:54:37.852111,PE,Beleza e Saúde,343.18,21,2
ORD-02213,2026-03-12 00:54:37.852111,BA,Beleza e Saúde,1253.58,26,2
ORD-02214,2025-08-31 00:54:37.852111,RS,Beleza e Saúde,1711.86,10,3
ORD-02215,2025-10-24 00:54:37.852111,RS,Informática,284.83,8,3
ORD-02216,2026-06-06 00:54:37.852111,SC,Beleza e Saúde,1800.05,11,4
ORD-02217,2026-06-24 00:54:37.852111,SC,Beleza e Saúde,204.92,8,4
ORD-02218,2026-03-14 00:54:37.852111,CE,Esportes,730.37,15,2
ORD-02219,2026-07-25 00:54:37.852111,PR,Móveis,1240.49,5,5
ORD-02220,2026-05-05 00:54:37.852111,PE,Móveis,1140.86,22,1
ORD-02221,2026-06-14 00:54:37.852111,PR,Beleza e Saúde,237.96,8,5
ORD-02222,2026-02-27 00:54:37.852111,RJ,Beleza e Saúde,1607.88,5,3
ORD-02223,2026-01-23 00:54:37.852111,SC,Beleza e Saúde,1947.65,6,5
ORD-02224,2025-09-02 00:54:37.852111,CE,Eletrônicos,403.4,20,1
ORD-02225,2026-03-20 00:54:37.852111,MG,Esportes,1795.51,3,5
ORD-02226,2026-03-02 00:54:37.852111,SP,Esportes,1135.78,4,4
ORD-02227,2025-12-14 00:54:37.852111,SP,Esportes,1875.07,6,4
ORD-02228,2026-06-05 00:54:37.852111,MG,Móveis,393.37,6,4
ORD-02229,2026-02-19 00:54:37.852111,AM,Informática,1594.44,17,3
ORD-02230,2026-06-25 00:54:37.852111,PR,Móveis,166.57,4,4
ORD-02231,2026-04-27 00:54:37.852111,MG,Esportes,1772.23,10,3
ORD-02232,2025-12-30 00:54:37.852111,CE,Cama Mesa Banho,1364.61,26,2
ORD-02233,2026-03-05 00:54:37.852111,PE,Informática,772.0,21,1
ORD-02234,2026-04-16 00:54:37.852111,MG,Beleza e Saúde,421.41,3,4
ORD-02235,2026-03-17 00:54:37.852111,CE,Eletrônicos,1642.24,17,5
ORD-02236,2026-03-16 00:54:37.852111,SC,Móveis,1226.32,8,3
ORD-02237,2025-10-24 00:54:37.852111,BA,Eletrônicos,752.81,24,3
ORD-02238,2026-03-23 00:54:37.852111,RS,Informática,915.48,10,3
ORD-02239,2026-03-06 00:54:37.852111,RS,Cama Mesa Banho,1661.76,7,5
ORD-02240,2026-08-02 00:54:37.852111,RJ,Informática,710.91,4,5
ORD-02241,2026-03-28 00:54:37.852111,PR,Móveis,224.78,13,4
ORD-02242,2026-05-27 00:54:37.852111,PE,Esportes,1827.0,26,1
ORD-02243,2026-05-28 00:54:37.852111,BA,Beleza e Saúde,805.32,25,3
ORD-02244,2025-12-02 00:54:37.852111,BA,Esportes,729.36,21,1
ORD-02245,2025-11-28 00:54:37.852111,SC,Esportes,448.58,9,4
ORD-02246,2025-09-27 00:54:37.852111,MG,Móveis,1799.97,1,5
ORD-02247,2025-10-26 00:54:37.852111,PR,Esportes,474.14,10,2
ORD-02248,2025-11-23 00:54:37.852111,SP,Esportes,1291.51,4,4
ORD-02249,2026-05-20 00:54:37.852111,BA,Móveis,1767.49,18,3
ORD-02250,2026-03-20 00:54:37.852111,CE,Móveis,118.08,18,2
ORD-02251,2025-09-24 00:54:37.852111,SP,Cama Mesa Banho,1666.14,2,5
ORD-02252,2026-07-02 00:54:37.852111,RJ,Esportes,850.67,6,3
ORD-02253,2026-04-10 00:54:37.852111,MG,Informática,1333.05,6,5
ORD-02254,2026-02-27 00:54:37.852111,MG,Beleza e Saúde,776.19,6,5
ORD-02255,2025-12-15 00:54:37.852111,PE,Eletrônicos,1406.26,22,2
ORD-02256,2025-11-06 00:54:37.852111,BA,Beleza e Saúde,545.88,21,1
ORD-02257,2026-02-06 00:54:37.852111,SC,Móveis,92.76,8,3
ORD-02258,2025-10-15 00:54:37.852111,AM,Eletrônicos,1898.19,17,2
ORD-02259,2026-07-25 00:54:37.852111,AM,Móveis,81.92,18,1
ORD-02260,2026-06-06 00:54:37.852111,RS,Cama Mesa Banho,1656.99,10,3
ORD-02261,2026-01-07 00:54:37.852111,CE,Esportes,379.82,22,1
ORD-02262,2026-05-03 00:54:37.852111,SP,Móveis,814.83,6,5
ORD-02263,2026-07-02 00:54:37.852111,RJ,Móveis,1653.86,9,4
ORD-02264,2025-10-29 00:54:37.852111,RS,Beleza e Saúde,451.57,16,4
ORD-02265,2026-02-27 00:54:37.852111,MG,Esportes,1738.13,5,5
ORD-02266,2026-04-26 00:54:37.852111,SP,Cama Mesa Banho,1020.63,1,5
ORD-02267,2026-07-08 00:54:37.852111,PR,Móveis,764.0,13,5
ORD-02268,2025-12-24 00:54:37.852111,BA,Móveis,1341.75,15,2
ORD-02269,2025-12-27 00:54:37.852111,RJ,Móveis,715.71,3,5
ORD-02270,2025-08-25 00:54:37.852111,PR,Beleza e Saúde,727.21,8,5
ORD-02271,2026-03-02 00:54:37.852111,SC,Móveis,1480.38,8,3
ORD-02272,2026-06-01 00:54:37.852111,BA,Móveis,654.17,21,5
ORD-02273,2026-03-30 00:54:37.852111,SP,Beleza e Saúde,441.51,1,5
ORD-02274,2025-08-25 00:54:37.852111,BA,Móveis,1624.91,12,3
ORD-02275,2026-06-04 00:54:37.852111,RS,Esportes,1620.47,11,5
ORD-02276,2026-01-29 00:54:37.852111,PE,Esportes,1020.29,21,3
ORD-02277,2025-11-17 00:54:37.852111,RS,Beleza e Saúde,1076.98,11,3
ORD-02278,2026-06-25 00:54:37.852111,SC,Esportes,1407.35,7,4
ORD-02279,2025-10-01 00:54:37.852111,CE,Eletrônicos,1043.08,13,2
ORD-02280,2026-04-05 00:54:37.852111,PR,Eletrônicos,863.23,8,3
ORD-02281,2026-08-08 00:54:37.852111,RS,Eletrônicos,1990.04,10,4
ORD-02282,2026-07-17 00:54:37.852111,PE,Cama Mesa Banho,337.9,25,2
ORD-02283,2026-03-06 00:54:37.852111,CE,Móveis,1205.82,7,5
ORD-02284,2026-03-17 00:54:37.852111,RS,Cama Mesa Banho,1777.43,9,4
ORD-02285,2025-11-22 00:54:37.852111,MG,Esportes,1390.07,2,3
ORD-02286,2025-12-26 00:54:37.852111,PE,Beleza e Saúde,1767.8,9,5
ORD-02287,2026-01-25 00:54:37.852111,PR,Eletrônicos,705.85,12,5
ORD-02288,2026-06-24 00:54:37.852111,RJ,Beleza e Saúde,580.39,6,5
ORD-02289,2026-06-07 00:54:37.852111,AM,Cama Mesa Banho,1709.98,20,2
ORD-02290,2025-10-17 00:54:37.852111,CE,Esportes,818.52,22,3
ORD-02291,2026-06-16 00:54:37.852111,MG,Móveis,1433.88,4,5
ORD-02292,2025-11-27 00:54:37.852111,RJ,Esportes,338.11,4,5
ORD-02293,2025-09-05 00:54:37.852111,SP,Eletrônicos,1523.88,9,2
ORD-02294,2025-09-21 00:54:37.852111,PE,Esportes,1120.52,16,2
ORD-02295,2026-04-05 00:54:37.852111,MG,Beleza e Saúde,573.79,6,5
ORD-02296,2026-01-10 00:54:37.852111,BA,Informática,1014.28,18,1
ORD-02297,2026-02-22 00:54:37.852111,SP,Eletrônicos,1409.04,1,5
ORD-02298,2025-11-28 00:54:37.852111,SP,Móveis,73.18,1,5
ORD-02299,2026-05-03 00:54:37.852111,CE,Eletrônicos,1293.06,15,4
ORD-02300,2026-01-16 00:54:37.852111,PE,Eletrônicos,1106.1,23,3
ORD-02301,2025-10-26 00:54:37.852111,MG,Móveis,479.56,6,5
ORD-02302,2025-08-24 00:54:37.852111,SC,Eletrônicos,1518.31,12,1
ORD-02303,2025-10-31 00:54:37.852111,MG,Beleza e Saúde,641.75,3,5
ORD-02304,2026-04-19 00:54:37.852111,RS,Esportes,589.88,14,4
ORD-02305,2025-11-22 00:54:37.852111,SP,Beleza e Saúde,968.88,3,5
ORD-02306,2026-03-16 00:54:37.852111,PR,Esportes,1368.49,10,2
ORD-02307,2025-10-17 00:54:37.852111,SP,Informática,1861.25,4,4
ORD-02308,2026-07-08 00:54:37.852111,SP,Eletrônicos,325.65,4,3
ORD-02309,2025-09-14 00:54:37.852111,AM,Informática,823.11,24,1
ORD-02310,2025-10-30 00:54:37.852111,BA,Cama Mesa Banho,180.63,14,3
ORD-02311,2025-10-14 00:54:37.852111,SC,Esportes,1529.17,5,3
ORD-02312,2025-10-06 00:54:37.852111,RJ,Beleza e Saúde,923.08,5,5
ORD-02313,2026-01-17 00:54:37.852111,RJ,Beleza e Saúde,1428.51,4,4
ORD-02314,2026-04-29 00:54:37.852111,BA,Eletrônicos,678.28,34,2
ORD-02315,2026-03-08 00:54:37.852111,SP,Beleza e Saúde,1696.42,6,3
ORD-02316,2026-04-14 00:54:37.852111,RJ,Cama Mesa Banho,1092.91,4,4
ORD-02317,2026-06-19 00:54:37.852111,PE,Móveis,1890.04,12,3
ORD-02318,2026-08-01 00:54:37.852111,SC,Beleza e Saúde,203.69,4,4
ORD-02319,2026-03-21 00:54:37.852111,RJ,Eletrônicos,1052.84,2,4
ORD-02320,2026-03-30 00:54:37.852111,BA,Informática,1544.59,18,2
ORD-02321,2026-08-10 00:54:37.852111,RS,Beleza e Saúde,1220.3,14,3
ORD-02322,2026-03-22 00:54:37.852111,RJ,Beleza e Saúde,95.23,7,5
ORD-02323,2026-07-14 00:54:37.852111,SC,Beleza e Saúde,1946.06,10,4
ORD-02324,2025-12-19 00:54:37.852111,CE,Eletrônicos,631.61,16,3
ORD-02325,2025-11-07 00:54:37.852111,CE,Móveis,536.09,19,3
ORD-02326,2025-08-30 00:54:37.852111,PE,Beleza e Saúde,997.04,15,3
ORD-02327,2026-04-20 00:54:37.852111,MG,Móveis,1107.21,8,4
ORD-02328,2026-05-01 00:54:37.852111,MG,Móveis,1544.26,4,4
ORD-02329,2026-04-17 00:54:37.852111,RJ,Cama Mesa Banho,816.88,4,5
ORD-02330,2026-08-08 00:54:37.852111,PR,Informática,907.92,3,5
ORD-02331,2025-08-18 00:54:37.852111,RS,Beleza e Saúde,1093.17,9,5
ORD-02332,2025-12-08 00:54:37.852111,BA,Beleza e Saúde,819.05,22,2
ORD-02333,2025-08-14 00:54:37.852111,RS,Beleza e Saúde,1833.37,6,5
ORD-02334,2025-09-26 00:54:37.852111,CE,Móveis,1709.94,14,3
ORD-02335,2026-04-14 00:54:37.852111,RJ,Esportes,937.2,6,4
ORD-02336,2025-10-31 00:54:37.852111,SC,Informática,50.38,5,4
ORD-02337,2026-03-17 00:54:37.852111,BA,Eletrônicos,1806.82,23,2
ORD-02338,2026-05-21 00:54:37.852111,RS,Beleza e Saúde,292.46,8,5
ORD-02339,2025-12-25 00:54:37.852111,SC,Esportes,526.8,8,4
ORD-02340,2025-10-29 00:54:37.852111,BA,Esportes,347.1,12,3
ORD-02341,2026-03-05 00:54:37.852111,RS,Esportes,400.64,11,2
ORD-02342,2025-11-14 00:54:37.852111,PE,Informática,1615.61,30,1
ORD-02343,2026-07-06 00:54:37.852111,CE,Esportes,1180.03,21,2
ORD-02344,2025-12-30 00:54:37.852111,SP,Eletrônicos,1914.39,3,4
ORD-02345,2026-03-24 00:54:37.852111,BA,Beleza e Saúde,501.33,23,2
ORD-02346,2025-10-25 00:54:37.852111,CE,Eletrônicos,996.99,16,2
ORD-02347,2026-03-15 00:54:37.852111,AM,Beleza e Saúde,1955.99,24,2
ORD-02348,2026-04-21 00:54:37.852111,PR,Cama Mesa Banho,1661.56,12,3
ORD-02349,2025-12-19 00:54:37.852111,RJ,Móveis,1470.8,1,4
ORD-02350,2026-06-08 00:54:37.852111,AM,Esportes,418.5,12,3
ORD-02351,2025-08-17 00:54:37.852111,SC,Eletrônicos,1550.34,12,3
ORD-02352,2025-09-06 00:54:37.852111,BA,Móveis,727.75,18,4
ORD-02353,2025-11-28 00:54:37.852111,RJ,Móveis,1084.55,2,5
ORD-02354,2025-12-07 00:54:37.852111,RJ,Móveis,1237.86,3,4
ORD-02355,2025-09-16 00:54:37.852111,AM,Móveis,1238.26,8,4
ORD-02356,2025-09-24 00:54:37.852111,AM,Móveis,1466.72,17,4
ORD-02357,2026-02-14 00:54:37.852111,SP,Beleza e Saúde,1340.32,9,5
ORD-02358,2026-02-04 00:54:37.852111,RS,Informática,183.32,12,4
ORD-02359,2026-03-12 00:54:37.852111,BA,Esportes,941.83,28,2
ORD-02360,2026-01-29 00:54:37.852111,CE,Esportes,1344.84,22,3
ORD-02361,2025-10-06 00:54:37.852111,MG,Beleza e Saúde,627.19,7,5
ORD-02362,2025-11-24 00:54:37.852111,BA,Eletrônicos,660.46,27,2
ORD-02363,2026-03-23 00:54:37.852111,BA,Beleza e Saúde,292.91,19,3
ORD-02364,2025-09-05 00:54:37.852111,BA,Móveis,866.3,17,1
ORD-02365,2025-10-01 00:54:37.852111,RJ,Informática,1974.32,7,2
ORD-02366,2026-05-04 00:54:37.852111,SC,Esportes,606.37,14,3
ORD-02367,2025-12-12 00:54:37.852111,RJ,Eletrônicos,1086.3,4,4
ORD-02368,2026-08-01 00:54:37.852111,SC,Cama Mesa Banho,1499.31,7,3
ORD-02369,2025-12-17 00:54:37.852111,AM,Beleza e Saúde,76.32,18,3
ORD-02370,2026-06-25 00:54:37.852111,MG,Cama Mesa Banho,1805.86,6,2
ORD-02371,2026-07-02 00:54:37.852111,RJ,Esportes,803.77,6,4
ORD-02372,2026-02-28 00:54:37.852111,SC,Beleza e Saúde,1744.78,5,4
ORD-02373,2026-05-23 00:54:37.852111,RJ,Esportes,125.95,8,2
ORD-02374,2025-10-26 00:54:37.852111,PR,Beleza e Saúde,334.04,8,5
ORD-02375,2026-03-08 00:54:37.852111,RJ,Eletrônicos,678.93,4,3
ORD-02376,2026-01-09 00:54:37.852111,MG,Esportes,723.65,3,4
ORD-02377,2026-03-08 00:54:37.852111,MG,Cama Mesa Banho,1703.2,10,4
ORD-02378,2026-04-01 00:54:37.852111,SC,Informática,71.84,10,4
ORD-02379,2026-06-07 00:54:37.852111,SC,Eletrônicos,1300.17,7,3
ORD-02380,2025-09-11 00:54:37.852111,AM,Eletrônicos,306.06,22,3
ORD-02381,2026-08-06 00:54:37.852111,MG,Beleza e Saúde,1655.27,6,4
ORD-02382,2026-07-30 00:54:37.852111,MG,Cama Mesa Banho,1568.22,4,5
ORD-02383,2026-06-01 00:54:37.852111,SP,Esportes,1024.85,6,5
ORD-02384,2026-03-03 00:54:37.852111,BA,Cama Mesa Banho,464.74,13,3
ORD-02385,2026-06-08 00:54:37.852111,PE,Eletrônicos,1287.27,15,2
ORD-02386,2025-08-31 00:54:37.852111,RJ,Beleza e Saúde,354.7,1,4
ORD-02387,2026-04-05 00:54:37.852111,RS,Cama Mesa Banho,420.55,6,3
ORD-02388,2026-01-19 00:54:37.852111,AM,Esportes,1272.05,27,3
ORD-02389,2025-11-10 00:54:37.852111,BA,Móveis,1982.9,26,1
ORD-02390,2025-11-30 00:54:37.852111,PE,Eletrônicos,1787.57,18,3
ORD-02391,2025-11-20 00:54:37.852111,SP,Informática,1206.56,8,5
ORD-02392,2026-07-19 00:54:37.852111,RS,Informática,1100.15,9,1
ORD-02393,2025-11-05 00:54:37.852111,SC,Eletrônicos,1996.85,9,5
ORD-02394,2025-12-03 00:54:37.852111,MG,Móveis,1117.42,5,4
ORD-02395,2025-10-07 00:54:37.852111,PR,Beleza e Saúde,869.23,9,4
ORD-02396,2025-10-28 00:54:37.852111,AM,Cama Mesa Banho,1823.63,16,2
ORD-02397,2026-03-02 00:54:37.852111,CE,Cama Mesa Banho,506.66,23,1
ORD-02398,2026-05-10 00:54:37.852111,MG,Móveis,240.18,5,5
ORD-02399,2025-11-16 00:54:37.852111,PR,Móveis,1286.48,12,5
ORD-02400,2025-09-26 00:54:37.852111,PE,Esportes,236.91,23,3
ORD-02401,2026-04-25 00:54:37.852111,SC,Esportes,777.64,11,5
ORD-02402,2025-09-11 00:54:37.852111,RS,Informática,875.98,7,4
ORD-02403,2025-10-07 00:54:37.852111,PE,Beleza e Saúde,1117.7,11,3
ORD-02404,2025-12-18 00:54:37.852111,MG,Beleza e Saúde,1983.74,5,4
ORD-02405,2026-07-19 00:54:37.852111,MG,Móveis,480.91,4,4
ORD-02406,2026-03-25 00:54:37.852111,RS,Informática,782.72,10,2
ORD-02407,2026-04-18 00:54:37.852111,CE,Informática,307.87,17,2
ORD-02408,2026-07-19 00:54:37.852111,PR,Esportes,1234.85,17,2
ORD-02409,2026-05-26 00:54:37.852111,PE,Cama Mesa Banho,1468.96,11,3
ORD-02410,2026-06-06 00:54:37.852111,SC,Beleza e Saúde,990.05,4,5
ORD-02411,2026-02-21 00:54:37.852111,MG,Informática,529.37,5,5
ORD-02412,2026-08-01 00:54:37.852111,PE,Esportes,1260.73,16,3
ORD-02413,2025-10-29 00:54:37.852111,CE,Esportes,1101.36,19,2
ORD-02414,2026-04-07 00:54:37.852111,PE,Esportes,383.81,20,1
ORD-02415,2026-05-09 00:54:37.852111,RS,Cama Mesa Banho,841.08,13,3
ORD-02416,2026-05-13 00:54:37.852111,SC,Informática,898.63,5,3
ORD-02417,2026-03-25 00:54:37.852111,SP,Móveis,1966.1,3,5
ORD-02418,2026-07-13 00:54:37.852111,RS,Móveis,1706.11,11,4
ORD-02419,2025-09-13 00:54:37.852111,PE,Esportes,1482.02,21,3
ORD-02420,2026-07-24 00:54:37.852111,SP,Esportes,1783.12,9,4
ORD-02421,2026-03-20 00:54:37.852111,MG,Cama Mesa Banho,1484.19,6,4
ORD-02422,2025-10-01 00:54:37.852111,SP,Esportes,1811.63,4,4
ORD-02423,2026-03-06 00:54:37.852111,CE,Eletrônicos,156.38,13,2
ORD-02424,2025-08-29 00:54:37.852111,RJ,Informática,939.33,3,3
ORD-02425,2026-07-01 00:54:37.852111,CE,Esportes,1506.45,15,4
ORD-02426,2025-12-02 00:54:37.852111,RS,Esportes,1187.43,11,3
ORD-02427,2026-04-05 00:54:37.852111,RJ,Informática,391.57,5,3
ORD-02428,2026-06-14 00:54:37.852111,RS,Beleza e Saúde,713.96,6,3
ORD-02429,2026-03-15 00:54:37.852111,AM,Eletrônicos,669.66,15,2
ORD-02430,2025-10-30 00:54:37.852111,SC,Eletrônicos,559.63,12,3
ORD-02431,2026-08-08 00:54:37.852111,BA,Móveis,719.11,19,3
ORD-02432,2025-11-20 00:54:37.852111,MG,Esportes,1053.96,6,4
ORD-02433,2025-09-02 00:54:37.852111,MG,Informática,1716.99,5,2
ORD-02434,2026-04-05 00:54:37.852111,AM,Móveis,1496.96,26,1
ORD-02435,2025-11-19 00:54:37.852111,PE,Cama Mesa Banho,1678.74,19,2
ORD-02436,2026-02-16 00:54:37.852111,PR,Beleza e Saúde,1773.03,8,4
ORD-02437,2025-12-03 00:54:37.852111,RS,Esportes,861.49,7,3
ORD-02438,2026-06-18 00:54:37.852111,BA,Beleza e Saúde,724.75,19,3
ORD-02439,2026-05-22 00:54:37.852111,BA,Esportes,162.37,5,4
ORD-02440,2026-05-06 00:54:37.852111,CE,Esportes,1864.46,17,3
ORD-02441,2026-03-17 00:54:37.852111,CE,Esportes,178.35,16,3
ORD-02442,2025-09-18 00:54:37.852111,PR,Beleza e Saúde,1495.21,5,4
ORD-02443,2026-03-10 00:54:37.852111,PE,Eletrônicos,787.31,13,3
ORD-02444,2026-02-04 00:54:37.852111,AM,Cama Mesa Banho,1900.12,22,3
ORD-02445,2025-11-23 00:54:37.852111,SP,Eletrônicos,868.22,5,5
ORD-02446,2026-05-25 00:54:37.852111,CE,Informática,1642.39,18,3
ORD-02447,2025-12-04 00:54:37.852111,PE,Informática,601.18,19,4
ORD-02448,2026-05-08 00:54:37.852111,SC,Eletrônicos,633.22,10,4
ORD-02449,2025-11-26 00:54:37.852111,MG,Cama Mesa Banho,1211.26,7,5
ORD-02450,2025-11-26 00:54:37.852111,MG,Cama Mesa Banho,1996.07,5,3
ORD-02451,2026-05-02 00:54:37.852111,PE,Esportes,1059.27,10,4
ORD-02452,2026-07-04 00:54:37.852111,PR,Esportes,1875.8,14,3
ORD-02453,2025-11-13 00:54:37.852111,AM,Informática,1583.19,19,4
ORD-02454,2026-05-04 00:54:37.852111,BA,Esportes,1601.94,15,4
ORD-02455,2025-08-19 00:54:37.852111,PR,Esportes,900.12,6,4
ORD-02456,2025-10-09 00:54:37.852111,PE,Cama Mesa Banho,803.76,19,3
ORD-02457,2026-01-04 00:54:37.852111,AM,Beleza e Saúde,424.25,17,3
ORD-02458,2025-10-09 00:54:37.852111,AM,Eletrônicos,1929.69,25,2
ORD-02459,2026-04-11 00:54:37.852111,RS,Móveis,1920.82,8,3
ORD-02460,2025-12-25 00:54:37.852111,RJ,Móveis,1506.78,3,5
ORD-02461,2026-02-16 00:54:37.852111,MG,Esportes,627.69,6,4
ORD-02462,2026-06-11 00:54:37.852111,PE,Esportes,528.1,22,2
ORD-02463,2026-04-19 00:54:37.852111,BA,Eletrônicos,1977.79,18,2
ORD-02464,2026-02-03 00:54:37.852111,RJ,Móveis,179.76,6,4
ORD-02465,2026-06-12 00:54:37.852111,SC,Cama Mesa Banho,1694.95,9,5
ORD-02466,2025-11-30 00:54:37.852111,CE,Móveis,743.14,19,1
ORD-02467,2026-08-06 00:54:37.852111,RS,Móveis,866.8,13,2
ORD-02468,2026-03-11 00:54:37.852111,CE,Móveis,1672.36,21,2
ORD-02469,2026-05-13 00:54:37.852111,RJ,Esportes,226.68,4,4
ORD-02470,2026-07-30 00:54:37.852111,RJ,Esportes,740.63,7,3
ORD-02471,2025-12-27 00:54:37.852111,CE,Eletrônicos,1906.45,6,4
ORD-02472,2026-05-19 00:54:37.852111,BA,Móveis,1413.18,28,1
ORD-02473,2026-04-02 00:54:37.852111,BA,Esportes,1522.13,9,3
ORD-02474,2026-02-11 00:54:37.852111,SP,Eletrônicos,1527.14,3,5
ORD-02475,2026-06-12 00:54:37.852111,SC,Móveis,168.11,9,4
ORD-02476,2026-01-06 00:54:37.852111,BA,Cama Mesa Banho,446.25,17,2
ORD-02477,2025-12-10 00:54:37.852111,SC,Esportes,1007.96,13,4
ORD-02478,2025-12-26 00:54:37.852111,SC,Beleza e Saúde,767.89,6,5
ORD-02479,2026-05-26 00:54:37.852111,RJ,Eletrônicos,851.28,5,5
ORD-02480,2026-03-17 00:54:37.852111,SC,Esportes,1573.82,8,4
ORD-02481,2026-03-28 00:54:37.852111,RS,Cama Mesa Banho,78.62,10,5
ORD-02482,2025-10-03 00:54:37.852111,CE,Cama Mesa Banho,1337.96,17,1
ORD-02483,2026-06-09 00:54:37.852111,SP,Esportes,50.21,5,3
ORD-02484,2026-07-31 00:54:37.852111,PE,Informática,172.96,15,3
ORD-02485,2026-01-12 00:54:37.852111,PR,Eletrônicos,846.16,8,4
ORD-02486,2025-12-14 00:54:37.852111,SP,Móveis,1689.85,5,3
ORD-02487,2026-01-12 00:54:37.852111,RS,Móveis,332.74,12,4
ORD-02488,2026-02-13 00:54:37.852111,SP,Cama Mesa Banho,1131.51,3,4
ORD-02489,2025-09-09 00:54:37.852111,SC,Esportes,1373.09,7,4
ORD-02490,2026-02-21 00:54:37.852111,RJ,Informática,497.59,6,5
ORD-02491,2026-03-06 00:54:37.852111,PR,Eletrônicos,1049.04,9,5
ORD-02492,2026-03-02 00:54:37.852111,BA,Beleza e Saúde,1827.24,22,1
ORD-02493,2026-02-06 00:54:37.852111,RJ,Móveis,1048.85,3,4
ORD-02494,2026-02-03 00:54:37.852111,SC,Eletrônicos,356.78,4,4
ORD-02495,2025-10-09 00:54:37.852111,SC,Eletrônicos,1274.24,8,4
ORD-02496,2025-11-30 00:54:37.852111,PR,Informática,1204.79,7,3
ORD-02497,2026-02-11 00:54:37.852111,PR,Eletrônicos,102.56,9,5
ORD-02498,2026-04-18 00:54:37.852111,MG,Móveis,226.66,3,5
ORD-02499,2025-11-04 00:54:37.852111,AM,Esportes,355.72,21,2
ORD-02500,2026-01-29 00:54:37.852111,AM,Móveis,315.76,16,1
ORD-02501,2026-07-10 00:54:37.852111,RJ,Beleza e Saúde,555.96,5,5
ORD-02502,2026-06-22 00:54:37.852111,BA,Esportes,935.51,18,1
ORD-02503,2026-04-23 00:54:37.852111,SP,Cama Mesa Banho,774.85,5,5
ORD-02504,2025-12-04 00:54:37.852111,SC,Informática,1786.77,9,5
ORD-02505,2026-05-23 00:54:37.852111,SC,Móveis,1243.61,11,3
ORD-02506,2025-12-24 00:54:37.852111,MG,Esportes,1758.48,3,5
ORD-02507,2025-12-29 00:54:37.852111,RJ,Eletrônicos,1077.73,7,4
ORD-02508,2025-12-23 00:54:37.852111,RJ,Esportes,225.25,4,4
ORD-02509,2026-01-04 00:54:37.852111,CE,Móveis,953.41,11,4
ORD-02510,2026-07-02 00:54:37.852111,PR,Cama Mesa Banho,1652.96,10,5
ORD-02511,2026-07-23 00:54:37.852111,BA,Móveis,428.5,13,4
ORD-02512,2026-07-02 00:54:37.852111,PR,Cama Mesa Banho,227.87,11,4
ORD-02513,2026-04-22 00:54:37.852111,BA,Eletrônicos,692.4,29,1
ORD-02514,2026-04-30 00:54:37.852111,RS,Móveis,808.35,7,4
ORD-02515,2026-02-02 00:54:37.852111,PE,Esportes,647.2,19,1
ORD-02516,2026-07-27 00:54:37.852111,AM,Beleza e Saúde,313.72,9,5
ORD-02517,2026-04-15 00:54:37.852111,AM,Beleza e Saúde,539.14,20,2
ORD-02518,2026-04-06 00:54:37.852111,BA,Eletrônicos,1380.45,13,2
ORD-02519,2026-04-05 00:54:37.852111,AM,Esportes,802.56,14,3
ORD-02520,2026-06-14 00:54:37.852111,PR,Beleza e Saúde,1283.47,6,3
ORD-02521,2026-06-26 00:54:37.852111,SC,Eletrônicos,1095.79,12,3
ORD-02522,2026-07-15 00:54:37.852111,PR,Cama Mesa Banho,1120.65,13,2
ORD-02523,2026-05-08 00:54:37.852111,BA,Esportes,534.67,18,2
ORD-02524,2026-08-03 00:54:37.852111,RJ,Cama Mesa Banho,1067.01,3,5
ORD-02525,2025-12-14 00:54:37.852111,PR,Esportes,96.01,14,3
ORD-02526,2025-10-03 00:54:37.852111,AM,Cama Mesa Banho,891.9,14,3
ORD-02527,2025-12-24 00:54:37.852111,MG,Cama Mesa Banho,1166.61,1,5
ORD-02528,2025-11-09 00:54:37.852111,CE,Beleza e Saúde,404.89,20,3
ORD-02529,2025-11-02 00:54:37.852111,SC,Esportes,550.29,6,3
ORD-02530,2026-01-22 00:54:37.852111,AM,Móveis,478.09,22,2
ORD-02531,2025-12-09 00:54:37.852111,MG,Beleza e Saúde,187.59,4,5
ORD-02532,2025-10-27 00:54:37.852111,BA,Cama Mesa Banho,728.32,21,3
ORD-02533,2025-11-22 00:54:37.852111,RS,Cama Mesa Banho,1958.98,14,3
ORD-02534,2026-01-11 00:54:37.852111,MG,Móveis,740.07,2,5
ORD-02535,2026-01-25 00:54:37.852111,PE,Móveis,948.05,15,3
ORD-02536,2026-05-26 00:54:37.852111,RS,Cama Mesa Banho,1323.52,9,4
ORD-02537,2025-09-04 00:54:37.852111,SP,Móveis,1314.57,8,2
ORD-02538,2025-09-03 00:54:37.852111,SC,Informática,1902.3,8,2
ORD-02539,2026-02-21 00:54:37.852111,AM,Beleza e Saúde,1722.25,15,4
ORD-02540,2026-06-05 00:54:37.852111,SP,Esportes,1598.2,5,3
ORD-02541,2026-05-18 00:54:37.852111,PR,Móveis,1905.67,8,4
ORD-02542,2026-05-04 00:54:37.852111,BA,Móveis,499.99,18,2
ORD-02543,2026-08-05 00:54:37.852111,SC,Informática,1253.26,5,3
ORD-02544,2025-09-14 00:54:37.852111,RJ,Esportes,1780.03,9,4
ORD-02545,2026-01-25 00:54:37.852111,RS,Informática,1267.07,5,4
ORD-02546,2026-05-18 00:54:37.852111,RJ,Esportes,1955.97,4,5
ORD-02547,2026-07-01 00:54:37.852111,SP,Beleza e Saúde,245.69,4,4
ORD-02548,2026-04-26 00:54:37.852111,MG,Móveis,906.69,8,5
ORD-02549,2026-03-14 00:54:37.852111,MG,Beleza e Saúde,1955.86,2,5
ORD-02550,2026-07-27 00:54:37.852111,BA,Esportes,790.16,27,1
ORD-02551,2026-04-02 00:54:37.852111,SP,Móveis,1492.13,6,5
ORD-02552,2026-03-18 00:54:37.852111,CE,Informática,109.29,20,3
ORD-02553,2025-11-09 00:54:37.852111,SC,Cama Mesa Banho,1404.93,7,4
ORD-02554,2025-12-24 00:54:37.852111,RS,Informática,1872.52,11,4
ORD-02555,2025-10-03 00:54:37.852111,MG,Cama Mesa Banho,796.28,3,4
ORD-02556,2025-12-28 00:54:37.852111,MG,Informática,91.53,7,3
ORD-02557,2026-03-27 00:54:37.852111,RJ,Esportes,104.42,3,5
ORD-02558,2026-01-14 00:54:37.852111,RJ,Beleza e Saúde,1789.45,4,4
ORD-02559,2026-07-16 00:54:37.852111,AM,Cama Mesa Banho,1458.91,15,3
ORD-02560,2026-06-23 00:54:37.852111,PR,Esportes,258.04,7,4
ORD-02561,2025-11-25 00:54:37.852111,CE,Beleza e Saúde,156.45,21,2
ORD-02562,2025-11-25 00:54:37.852111,RJ,Beleza e Saúde,1619.41,6,3
ORD-02563,2025-08-28 00:54:37.852111,RJ,Móveis,1629.23,7,5
ORD-02564,2025-08-26 00:54:37.852111,SC,Móveis,285.02,4,5
ORD-02565,2026-08-05 00:54:37.852111,AM,Móveis,637.96,23,2
ORD-02566,2025-09-27 00:54:37.852111,RJ,Cama Mesa Banho,1571.05,10,4
ORD-02567,2026-03-28 00:54:37.852111,RS,Cama Mesa Banho,1074.55,8,4
ORD-02568,2026-07-06 00:54:37.852111,SC,Beleza e Saúde,1915.34,15,4
ORD-02569,2026-04-24 00:54:37.852111,PR,Cama Mesa Banho,988.07,9,4
ORD-02570,2026-01-05 00:54:37.852111,SP,Beleza e Saúde,1370.07,2,5
ORD-02571,2025-09-10 00:54:37.852111,SC,Esportes,1044.08,9,5
ORD-02572,2026-01-02 00:54:37.852111,SP,Informática,1888.78,7,5
ORD-02573,2026-03-30 00:54:37.852111,MG,Beleza e Saúde,827.39,3,4
ORD-02574,2025-11-30 00:54:37.852111,AM,Beleza e Saúde,498.1,14,2
ORD-02575,2025-08-18 00:54:37.852111,PR,Esportes,686.94,11,5
ORD-02576,2025-09-18 00:54:37.852111,AM,Móveis,1712.91,18,2
ORD-02577,2026-06-25 00:54:37.852111,PR,Eletrônicos,1020.98,11,3
ORD-02578,2025-10-25 00:54:37.852111,AM,Móveis,740.79,19,1
ORD-02579,2025-09-23 00:54:37.852111,SC,Móveis,1111.31,11,4
ORD-02580,2026-05-27 00:54:37.852111,AM,Beleza e Saúde,309.8,15,3
ORD-02581,2026-04-30 00:54:37.852111,PE,Beleza e Saúde,60.45,19,1
ORD-02582,2026-02-25 00:54:37.852111,PR,Cama Mesa Banho,597.14,7,4
ORD-02583,2026-01-08 00:54:37.852111,SP,Cama Mesa Banho,1229.76,7,4
ORD-02584,2026-04-16 00:54:37.852111,PR,Informática,1437.78,8,5
ORD-02585,2026-02-04 00:54:37.852111,MG,Informática,1661.89,7,3
ORD-02586,2025-12-01 00:54:37.852111,RS,Eletrônicos,1856.99,9,3
ORD-02587,2025-11-20 00:54:37.852111,PE,Cama Mesa Banho,853.62,19,1
ORD-02588,2026-03-17 00:54:37.852111,BA,Beleza e Saúde,1494.01,15,4
ORD-02589,2026-03-02 00:54:37.852111,PR,Esportes,195.61,6,4
ORD-02590,2026-03-26 00:54:37.852111,RJ,Cama Mesa Banho,162.18,1,4
ORD-02591,2025-08-31 00:54:37.852111,SC,Beleza e Saúde,293.36,6,5
ORD-02592,2025-11-28 00:54:37.852111,SC,Cama Mesa Banho,924.71,9,2
ORD-02593,2025-11-17 00:54:37.852111,AM,Móveis,462.0,19,3
ORD-02594,2026-02-13 00:54:37.852111,AM,Cama Mesa Banho,609.5,23,3
ORD-02595,2026-03-06 00:54:37.852111,SC,Eletrônicos,1313.37,8,4
ORD-02596,2025-08-27 00:54:37.852111,CE,Móveis,749.12,13,4
ORD-02597,2025-10-29 00:54:37.852111,PE,Beleza e Saúde,1136.87,10,4
ORD-02598,2025-10-29 00:54:37.852111,PE,Móveis,854.19,20,4
ORD-02599,2025-12-30 00:54:37.852111,SP,Cama Mesa Banho,379.49,7,5
ORD-02600,2026-08-02 00:54:37.852111,PR,Móveis,194.34,13,4
ORD-02601,2026-08-03 00:54:37.852111,BA,Eletrônicos,510.65,21,3
ORD-02602,2025-11-15 00:54:37.852111,SC,Esportes,162.52,11,3
ORD-02603,2025-11-13 00:54:37.852111,PR,Móveis,1256.29,15,4
ORD-02604,2026-02-11 00:54:37.852111,PE,Eletrônicos,1601.65,19,1
ORD-02605,2026-03-13 00:54:37.852111,MG,Móveis,712.49,6,4
ORD-02606,2025-10-02 00:54:37.852111,SC,Informática,804.87,9,1
ORD-02607,2025-09-13 00:54:37.852111,PR,Esportes,1641.57,5,5
ORD-02608,2026-04-11 00:54:37.852111,PE,Beleza e Saúde,484.1,14,2
ORD-02609,2026-04-21 00:54:37.852111,RS,Eletrônicos,282.36,9,5
ORD-02610,2025-11-08 00:54:37.852111,PE,Móveis,1027.18,18,3
ORD-02611,2026-01-12 00:54:37.852111,AM,Esportes,1310.07,27,2
ORD-02612,2026-02-22 00:54:37.852111,RJ,Beleza e Saúde,1219.33,5,3
ORD-02613,2025-10-29 00:54:37.852111,CE,Esportes,1442.05,23,3
ORD-02614,2026-02-20 00:54:37.852111,CE,Eletrônicos,160.66,15,5
ORD-02615,2026-04-22 00:54:37.852111,AM,Informática,884.99,16,3
ORD-02616,2026-04-13 00:54:37.852111,AM,Eletrônicos,515.21,11,4
ORD-02617,2026-07-12 00:54:37.852111,SC,Eletrônicos,1530.29,7,4
ORD-02618,2026-01-03 00:54:37.852111,RS,Beleza e Saúde,1751.82,11,3
ORD-02619,2026-04-16 00:54:37.852111,RS,Beleza e Saúde,598.6,10,4
ORD-02620,2026-07-05 00:54:37.852111,SC,Móveis,235.68,12,2
ORD-02621,2025-11-18 00:54:37.852111,PR,Cama Mesa Banho,544.18,10,3
ORD-02622,2025-12-23 00:54:37.852111,SC,Eletrônicos,252.82,8,2
ORD-02623,2026-07-26 00:54:37.852111,BA,Beleza e Saúde,678.72,28,1
ORD-02624,2026-03-17 00:54:37.852111,BA,Eletrônicos,1099.49,17,3
ORD-02625,2026-03-17 00:54:37.852111,CE,Eletrônicos,1948.68,23,2
ORD-02626,2026-04-09 00:54:37.852111,PE,Beleza e Saúde,828.77,15,3
ORD-02627,2025-10-15 00:54:37.852111,SC,Informática,479.08,12,3
ORD-02628,2025-08-18 00:54:37.852111,SC,Informática,375.26,12,1
ORD-02629,2025-12-18 00:54:37.852111,PR,Eletrônicos,387.43,10,3
ORD-02630,2026-03-31 00:54:37.852111,SP,Informática,425.57,1,4
ORD-02631,2026-03-15 00:54:37.852111,CE,Eletrônicos,1536.42,18,2
ORD-02632,2025-12-20 00:54:37.852111,CE,Móveis,169.0,24,2
ORD-02633,2026-01-01 00:54:37.852111,CE,Beleza e Saúde,1994.94,20,1
ORD-02634,2026-01-22 00:54:37.852111,PE,Eletrônicos,1069.24,20,2
ORD-02635,2025-11-30 00:54:37.852111,AM,Informática,1111.33,9,2
ORD-02636,2026-05-19 00:54:37.852111,MG,Informática,747.25,3,4
ORD-02637,2026-03-16 00:54:37.852111,SP,Esportes,1396.0,5,3
ORD-02638,2025-12-21 00:54:37.852111,PE,Esportes,969.34,20,2
ORD-02639,2025-09-02 00:54:37.852111,BA,Informática,691.67,24,1
ORD-02640,2026-07-22 00:54:37.852111,PR,Móveis,567.02,9,4
ORD-02641,2025-08-30 00:54:37.852111,AM,Cama Mesa Banho,1855.02,20,2
ORD-02642,2025-11-01 00:54:37.852111,BA,Eletrônicos,617.43,18,4
ORD-02643,2025-11-17 00:54:37.852111,AM,Esportes,900.97,13,4
ORD-02644,2025-11-28 00:54:37.852111,RS,Eletrônicos,733.17,3,3
ORD-02645,2026-07-15 00:54:37.852111,CE,Esportes,218.05,20,1
ORD-02646,2026-01-12 00:54:37.852111,AM,Beleza e Saúde,412.57,18,2
ORD-02647,2025-11-03 00:54:37.852111,RJ,Beleza e Saúde,419.53,3,4
ORD-02648,2026-06-24 00:54:37.852111,CE,Informática,1402.62,9,1
ORD-02649,2026-05-10 00:54:37.852111,CE,Beleza e Saúde,842.84,21,3
ORD-02650,2026-05-17 00:54:37.852111,PR,Beleza e Saúde,1574.84,9,4
ORD-02651,2026-06-30 00:54:37.852111,SP,Cama Mesa Banho,1432.45,6,5
ORD-02652,2025-11-08 00:54:37.852111,BA,Móveis,424.5,27,1
ORD-02653,2026-02-23 00:54:37.852111,AM,Informática,1147.69,7,4
ORD-02654,2026-02-05 00:54:37.852111,AM,Cama Mesa Banho,1498.67,14,2
ORD-02655,2025-08-25 00:54:37.852111,RS,Informática,1284.43,9,4
ORD-02656,2026-02-10 00:54:37.852111,CE,Móveis,1220.03,25,1
ORD-02657,2026-08-10 00:54:37.852111,SC,Informática,1492.24,5,5
ORD-02658,2026-02-03 00:54:37.852111,MG,Eletrônicos,160.72,8,2
ORD-02659,2026-04-17 00:54:37.852111,SC,Eletrônicos,1476.27,10,5
ORD-02660,2026-07-25 00:54:37.852111,AM,Eletrônicos,581.68,17,3
ORD-02661,2026-07-21 00:54:37.852111,SC,Beleza e Saúde,1165.15,9,3
ORD-02662,2026-07-14 00:54:37.852111,PR,Móveis,522.49,8,4
ORD-02663,2025-10-22 00:54:37.852111,RJ,Cama Mesa Banho,1685.69,7,5
ORD-02664,2026-04-27 00:54:37.852111,AM,Cama Mesa Banho,987.09,12,5
ORD-02665,2025-11-05 00:54:37.852111,AM,Esportes,1303.74,19,3
ORD-02666,2026-04-07 00:54:37.852111,RJ,Cama Mesa Banho,1598.46,4,4
ORD-02667,2025-12-27 00:54:37.852111,BA,Eletrônicos,1795.86,14,3
ORD-02668,2026-04-24 00:54:37.852111,RJ,Eletrônicos,1477.52,10,5
ORD-02669,2026-03-30 00:54:37.852111,SC,Esportes,340.1,11,5
ORD-02670,2025-08-16 00:54:37.852111,PR,Beleza e Saúde,1716.34,11,4
ORD-02671,2026-02-08 00:54:37.852111,RS,Cama Mesa Banho,1256.23,13,4
ORD-02672,2026-03-22 00:54:37.852111,BA,Móveis,1238.43,10,4
ORD-02673,2026-06-02 00:54:37.852111,PE,Esportes,1846.61,26,2
ORD-02674,2026-04-06 00:54:37.852111,RS,Cama Mesa Banho,535.22,2,4
ORD-02675,2025-08-14 00:54:37.852111,SP,Beleza e Saúde,517.2,3,3
ORD-02676,2025-11-25 00:54:37.852111,SP,Móveis,1050.73,4,4
ORD-02677,2026-08-10 00:54:37.852111,SP,Móveis,1514.18,6,3
ORD-02678,2026-05-01 00:54:37.852111,SP,Beleza e Saúde,922.12,5,3
ORD-02679,2026-01-01 00:54:37.852111,PR,Cama Mesa Banho,1286.09,9,3
ORD-02680,2025-09-27 00:54:37.852111,RS,Informática,932.42,9,5
ORD-02681,2025-08-16 00:54:37.852111,CE,Cama Mesa Banho,1240.26,13,3
ORD-02682,2025-08-24 00:54:37.852111,MG,Esportes,1653.41,2,5
ORD-02683,2026-08-03 00:54:37.852111,BA,Esportes,401.93,21,1
ORD-02684,2025-10-15 00:54:37.852111,PE,Cama Mesa Banho,1405.99,21,1
ORD-02685,2025-12-25 00:54:37.852111,SC,Eletrônicos,1585.48,14,2
ORD-02686,2026-01-06 00:54:37.852111,AM,Esportes,921.87,14,4
ORD-02687,2026-06-08 00:54:37.852111,SP,Informática,680.31,6,4
ORD-02688,2026-04-23 00:54:37.852111,PE,Eletrônicos,76.41,16,3
ORD-02689,2026-07-31 00:54:37.852111,AM,Informática,1604.35,23,2
ORD-02690,2026-05-19 00:54:37.852111,MG,Móveis,689.48,7,3
ORD-02691,2025-12-22 00:54:37.852111,PE,Esportes,746.75,19,4
ORD-02692,2026-05-15 00:54:37.852111,RS,Eletrônicos,705.21,8,3
ORD-02693,2025-10-03 00:54:37.852111,PE,Cama Mesa Banho,1022.54,22,3
ORD-02694,2026-06-20 00:54:37.852111,SP,Eletrônicos,1419.87,6,5
ORD-02695,2026-08-01 00:54:37.852111,MG,Móveis,1555.13,3,3
ORD-02696,2026-01-16 00:54:37.852111,SC,Informática,815.51,6,3
ORD-02697,2026-07-30 00:54:37.852111,CE,Móveis,1343.05,16,1
ORD-02698,2026-04-14 00:54:37.852111,RJ,Beleza e Saúde,1455.33,8,5
ORD-02699,2026-07-24 00:54:37.852111,SP,Esportes,628.99,7,4
ORD-02700,2026-05-30 00:54:37.852111,AM,Cama Mesa Banho,238.41,12,1
ORD-02701,2025-12-13 00:54:37.852111,MG,Informática,1794.6,2,5
ORD-02702,2026-01-02 00:54:37.852111,RS,Móveis,1370.38,13,3
ORD-02703,2026-06-04 00:54:37.852111,PR,Cama Mesa Banho,1313.82,6,3
ORD-02704,2025-10-05 00:54:37.852111,MG,Esportes,164.86,6,5
ORD-02705,2026-01-14 00:54:37.852111,AM,Cama Mesa Banho,1644.85,14,3
ORD-02706,2026-05-04 00:54:37.852111,RJ,Esportes,1153.81,8,4
ORD-02707,2026-02-08 00:54:37.852111,RJ,Esportes,1703.37,3,4
ORD-02708,2026-04-03 00:54:37.852111,BA,Esportes,1950.39,23,1
ORD-02709,2026-04-24 00:54:37.852111,CE,Móveis,1916.35,18,1
ORD-02710,2026-04-03 00:54:37.852111,AM,Esportes,1719.37,19,4
ORD-02711,2026-07-24 00:54:37.852111,RJ,Cama Mesa Banho,71.35,1,4
ORD-02712,2026-07-20 00:54:37.852111,BA,Beleza e Saúde,1777.17,6,4
ORD-02713,2025-12-29 00:54:37.852111,BA,Cama Mesa Banho,196.37,16,1
ORD-02714,2026-03-12 00:54:37.852111,BA,Móveis,1709.83,19,1
ORD-02715,2025-10-24 00:54:37.852111,MG,Esportes,596.34,2,5
ORD-02716,2025-12-26 00:54:37.852111,BA,Beleza e Saúde,1239.63,12,4
ORD-02717,2025-10-07 00:54:37.852111,SP,Móveis,124.23,6,5
ORD-02718,2025-08-19 00:54:37.852111,AM,Informática,1553.8,20,3
ORD-02719,2026-01-23 00:54:37.852111,SP,Informática,267.83,4,4
ORD-02720,2026-07-06 00:54:37.852111,PR,Informática,850.84,12,4
ORD-02721,2025-11-26 00:54:37.852111,RJ,Beleza e Saúde,1644.02,2,4
ORD-02722,2026-02-06 00:54:37.852111,CE,Cama Mesa Banho,1405.93,16,5
ORD-02723,2026-06-17 00:54:37.852111,BA,Beleza e Saúde,61.78,26,2
ORD-02724,2026-07-24 00:54:37.852111,RS,Beleza e Saúde,835.91,10,4
ORD-02725,2025-11-13 00:54:37.852111,RS,Beleza e Saúde,131.76,10,4
ORD-02726,2026-04-16 00:54:37.852111,RJ,Informática,1363.32,9,5
ORD-02727,2026-06-03 00:54:37.852111,PR,Eletrônicos,1939.45,5,5
ORD-02728,2026-08-09 00:54:37.852111,RS,Cama Mesa Banho,1327.76,12,5
ORD-02729,2026-01-04 00:54:37.852111,SP,Eletrônicos,487.53,8,2
ORD-02730,2026-07-30 00:54:37.852111,PE,Eletrônicos,742.7,16,3
ORD-02731,2026-08-10 00:54:37.852111,MG,Beleza e Saúde,1954.47,6,4
ORD-02732,2026-01-09 00:54:37.852111,SC,Cama Mesa Banho,486.9,7,5
ORD-02733,2025-12-27 00:54:37.852111,RS,Eletrônicos,1144.98,7,5
ORD-02734,2025-09-11 00:54:37.852111,CE,Esportes,830.88,19,2
ORD-02735,2026-02-08 00:54:37.852111,BA,Beleza e Saúde,1548.21,21,4
ORD-02736,2026-06-19 00:54:37.852111,CE,Beleza e Saúde,1741.41,23,3
ORD-02737,2025-12-02 00:54:37.852111,AM,Beleza e Saúde,714.63,25,2
ORD-02738,2026-07-20 00:54:37.852111,MG,Esportes,1337.77,4,5
ORD-02739,2026-03-04 00:54:37.852111,SP,Esportes,1120.64,7,4
ORD-02740,2026-03-08 00:54:37.852111,PR,Informática,592.97,8,4
ORD-02741,2026-05-23 00:54:37.852111,MG,Móveis,580.28,6,5
ORD-02742,2026-03-07 00:54:37.852111,SC,Cama Mesa Banho,1100.33,10,3
ORD-02743,2026-02-06 00:54:37.852111,PE,Móveis,350.31,20,2
ORD-02744,2026-06-14 00:54:37.852111,RS,Beleza e Saúde,1631.08,11,5
ORD-02745,2025-10-12 00:54:37.852111,PR,Eletrônicos,184.56,5,4
ORD-02746,2025-09-28 00:54:37.852111,PR,Beleza e Saúde,234.42,6,2
ORD-02747,2026-01-14 00:54:37.852111,RS,Eletrônicos,717.34,10,4
ORD-02748,2026-03-14 00:54:37.852111,RS,Informática,280.28,4,4
ORD-02749,2026-04-26 00:54:37.852111,RS,Móveis,977.62,12,4
ORD-02750,2026-05-29 00:54:37.852111,RS,Beleza e Saúde,829.37,12,4
ORD-02751,2026-07-14 00:54:37.852111,RS,Móveis,1457.53,10,5
ORD-02752,2025-10-03 00:54:37.852111,PR,Informática,1908.36,6,5
ORD-02753,2026-04-18 00:54:37.852111,RJ,Móveis,1519.44,7,5
ORD-02754,2025-08-22 00:54:37.852111,RJ,Eletrônicos,399.92,9,3
ORD-02755,2026-02-02 00:54:37.852111,CE,Cama Mesa Banho,1874.27,18,3
ORD-02756,2026-07-25 00:54:37.852111,RJ,Informática,814.66,6,5
ORD-02757,2026-02-21 00:54:37.852111,SC,Móveis,974.67,10,3
ORD-02758,2025-12-28 00:54:37.852111,RJ,Beleza e Saúde,872.07,6,5
ORD-02759,2025-08-28 00:54:37.852111,PR,Esportes,597.07,9,3
ORD-02760,2026-02-11 00:54:37.852111,RS,Esportes,1795.34,9,3
ORD-02761,2026-04-22 00:54:37.852111,BA,Informática,697.87,22,2
ORD-02762,2026-02-11 00:54:37.852111,BA,Esportes,1178.26,29,2
ORD-02763,2026-03-20 00:54:37.852111,SC,Cama Mesa Banho,518.07,5,5
ORD-02764,2025-09-28 00:54:37.852111,AM,Informática,1604.88,17,2
ORD-02765,2026-04-19 00:54:37.852111,PR,Beleza e Saúde,1559.69,6,5
ORD-02766,2026-04-22 00:54:37.852111,SP,Beleza e Saúde,627.81,8,3
ORD-02767,2025-12-05 00:54:37.852111,MG,Informática,1379.03,3,3
ORD-02768,2025-12-05 00:54:37.852111,CE,Esportes,1422.55,10,3
ORD-02769,2025-10-14 00:54:37.852111,SP,Esportes,1146.9,6,3
ORD-02770,2025-10-04 00:54:37.852111,PR,Beleza e Saúde,1221.17,15,3
ORD-02771,2026-04-17 00:54:37.852111,RJ,Cama Mesa Banho,1170.19,6,5
ORD-02772,2025-10-16 00:54:37.852111,RS,Eletrônicos,209.64,10,2
ORD-02773,2026-03-05 00:54:37.852111,SP,Esportes,1357.02,5,5
ORD-02774,2026-01-27 00:54:37.852111,MG,Cama Mesa Banho,966.06,7,3
ORD-02775,2025-11-26 00:54:37.852111,AM,Esportes,904.99,13,4
ORD-02776,2026-03-18 00:54:37.852111,BA,Eletrônicos,1727.0,17,2
ORD-02777,2025-12-16 00:54:37.852111,AM,Informática,95.29,15,2
ORD-02778,2026-06-27 00:54:37.852111,MG,Móveis,540.06,2,5
ORD-02779,2026-01-27 00:54:37.852111,RS,Beleza e Saúde,286.74,9,3
ORD-02780,2026-06-27 00:54:37.852111,RJ,Informática,118.92,7,4
ORD-02781,2026-05-27 00:54:37.852111,MG,Esportes,587.57,6,2
ORD-02782,2026-04-11 00:54:37.852111,CE,Eletrônicos,1977.53,21,3
ORD-02783,2026-05-30 00:54:37.852111,MG,Beleza e Saúde,576.95,5,5
ORD-02784,2025-08-19 00:54:37.852111,PR,Móveis,1344.23,11,3
ORD-02785,2026-03-29 00:54:37.852111,RJ,Móveis,280.68,3,3
ORD-02786,2026-05-15 00:54:37.852111,RS,Eletrônicos,1223.6,9,5
ORD-02787,2025-09-22 00:54:37.852111,BA,Eletrônicos,1969.74,18,2
ORD-02788,2026-06-13 00:54:37.852111,BA,Esportes,619.08,19,2
ORD-02789,2026-03-28 00:54:37.852111,MG,Beleza e Saúde,1703.75,5,5
ORD-02790,2026-06-24 00:54:37.852111,PR,Esportes,1995.26,9,3
ORD-02791,2025-11-27 00:54:37.852111,SP,Móveis,1197.68,4,5
ORD-02792,2026-04-28 00:54:37.852111,AM,Informática,653.33,33,2
ORD-02793,2026-04-22 00:54:37.852111,AM,Informática,1363.39,22,2
ORD-02794,2025-08-28 00:54:37.852111,AM,Cama Mesa Banho,1697.45,20,2
ORD-02795,2025-12-02 00:54:37.852111,SP,Móveis,384.13,4,5
ORD-02796,2026-04-17 00:54:37.852111,PR,Móveis,932.41,8,4
ORD-02797,2026-01-27 00:54:37.852111,AM,Esportes,672.42,17,3
ORD-02798,2025-09-10 00:54:37.852111,CE,Cama Mesa Banho,602.55,19,4
ORD-02799,2025-08-13 00:54:37.852111,SP,Eletrônicos,1728.6,1,4
ORD-02800,2026-06-23 00:54:37.852111,SP,Cama Mesa Banho,872.23,1,5
ORD-02801,2025-12-11 00:54:37.852111,RS,Beleza e Saúde,711.2,8,5
ORD-02802,2026-07-09 00:54:37.852111,RS,Esportes,1226.85,10,4
ORD-02803,2025-10-15 00:54:37.852111,RJ,Eletrônicos,477.83,4,5
ORD-02804,2026-06-05 00:54:37.852111,CE,Eletrônicos,498.29,25,1
ORD-02805,2025-08-29 00:54:37.852111,CE,Informática,1064.56,10,2
ORD-02806,2025-09-27 00:54:37.852111,RJ,Beleza e Saúde,848.08,3,4
ORD-02807,2026-06-25 00:54:37.852111,CE,Cama Mesa Banho,625.22,25,1
ORD-02808,2026-05-31 00:54:37.852111,SC,Informática,155.2,10,3
ORD-02809,2026-02-02 00:54:37.852111,PE,Móveis,1065.51,22,1
ORD-02810,2025-11-25 00:54:37.852111,AM,Esportes,1642.39,28,1
ORD-02811,2025-08-22 00:54:37.852111,RS,Cama Mesa Banho,1710.19,7,3
ORD-02812,2026-06-04 00:54:37.852111,RJ,Móveis,509.11,4,2
ORD-02813,2026-05-15 00:54:37.852111,RJ,Eletrônicos,1219.3,4,5
ORD-02814,2025-11-26 00:54:37.852111,CE,Cama Mesa Banho,1718.97,8,5
ORD-02815,2026-04-09 00:54:37.852111,SP,Informática,847.02,4,5
ORD-02816,2025-12-25 00:54:37.852111,BA,Beleza e Saúde,1867.67,22,2
ORD-02817,2025-10-22 00:54:37.852111,MG,Informática,1810.81,6,4
ORD-02818,2026-04-06 00:54:37.852111,MG,Esportes,455.86,6,4
ORD-02819,2025-11-06 00:54:37.852111,RJ,Esportes,554.98,4,5
ORD-02820,2025-10-04 00:54:37.852111,AM,Cama Mesa Banho,401.86,14,3
ORD-02821,2026-05-05 00:54:37.852111,SC,Informática,432.31,13,2
ORD-02822,2025-09-21 00:54:37.852111,AM,Beleza e Saúde,1820.33,15,5
ORD-02823,2025-10-20 00:54:37.852111,RJ,Eletrônicos,1865.72,5,3
ORD-02824,2026-02-12 00:54:37.852111,AM,Esportes,151.2,18,3
ORD-02825,2026-02-20 00:54:37.852111,RS,Beleza e Saúde,1207.53,14,3
ORD-02826,2025-10-01 00:54:37.852111,AM,Móveis,1150.25,22,4
ORD-02827,2025-08-14 00:54:37.852111,CE,Cama Mesa Banho,811.57,11,4
ORD-02828,2026-02-06 00:54:37.852111,CE,Beleza e Saúde,1281.81,12,3
ORD-02829,2026-06-17 00:54:37.852111,SC,Cama Mesa Banho,1897.37,11,3
ORD-02830,2026-07-13 00:54:37.852111,RS,Móveis,382.0,9,4
ORD-02831,2026-05-21 00:54:37.852111,BA,Beleza e Saúde,284.8,15,2
ORD-02832,2026-03-14 00:54:37.852111,SP,Beleza e Saúde,115.11,7,3
ORD-02833,2026-07-08 00:54:37.852111,RS,Eletrônicos,759.47,10,2
ORD-02834,2026-01-12 00:54:37.852111,PR,Móveis,708.38,10,3
ORD-02835,2025-08-14 00:54:37.852111,PE,Informática,890.1,21,2
ORD-02836,2026-04-29 00:54:37.852111,RJ,Beleza e Saúde,1031.45,4,5
ORD-02837,2025-09-05 00:54:37.852111,PR,Eletrônicos,1527.76,14,1
ORD-02838,2026-01-05 00:54:37.852111,SC,Beleza e Saúde,814.62,7,4
ORD-02839,2026-03-03 00:54:37.852111,PR,Eletrônicos,694.7,11,4
ORD-02840,2026-01-05 00:54:37.852111,CE,Esportes,1662.41,25,1
ORD-02841,2025-11-16 00:54:37.852111,AM,Informática,1707.1,11,3
ORD-02842,2026-04-15 00:54:37.852111,SP,Beleza e Saúde,503.89,4,4
ORD-02843,2025-09-11 00:54:37.852111,MG,Móveis,663.61,7,3
ORD-02844,2026-02-12 00:54:37.852111,RJ,Cama Mesa Banho,1658.98,7,3
ORD-02845,2026-04-29 00:54:37.852111,MG,Móveis,204.85,4,5
ORD-02846,2026-01-08 00:54:37.852111,AM,Informática,685.4,14,5
ORD-02847,2026-01-20 00:54:37.852111,CE,Esportes,924.28,22,1
ORD-02848,2026-06-04 00:54:37.852111,CE,Esportes,414.79,23,1
ORD-02849,2026-06-30 00:54:37.852111,AM,Esportes,400.83,12,3
ORD-02850,2025-09-18 00:54:37.852111,RJ,Eletrônicos,878.48,2,4
ORD-02851,2025-10-16 00:54:37.852111,MG,Móveis,1521.32,5,5
ORD-02852,2025-12-28 00:54:37.852111,RS,Cama Mesa Banho,1688.45,11,1
ORD-02853,2026-02-10 00:54:37.852111,CE,Cama Mesa Banho,1959.51,16,2
ORD-02854,2026-04-28 00:54:37.852111,MG,Eletrônicos,194.27,6,5
ORD-02855,2026-05-21 00:54:37.852111,BA,Beleza e Saúde,472.53,14,3
ORD-02856,2025-09-09 00:54:37.852111,MG,Eletrônicos,1525.43,1,4
ORD-02857,2025-12-06 00:54:37.852111,BA,Cama Mesa Banho,1104.17,15,3
ORD-02858,2025-08-15 00:54:37.852111,BA,Cama Mesa Banho,688.98,18,3
ORD-02859,2026-07-23 00:54:37.852111,CE,Beleza e Saúde,450.9,16,3
ORD-02860,2026-01-29 00:54:37.852111,RJ,Móveis,596.93,2,4
ORD-02861,2026-02-16 00:54:37.852111,SC,Móveis,887.11,4,5
ORD-02862,2026-08-06 00:54:37.852111,CE,Informática,395.44,15,2
ORD-02863,2026-06-04 00:54:37.852111,RJ,Móveis,1930.24,6,5
ORD-02864,2026-04-08 00:54:37.852111,RJ,Esportes,259.8,7,5
ORD-02865,2026-03-06 00:54:37.852111,PR,Esportes,1971.88,13,1
ORD-02866,2025-12-08 00:54:37.852111,AM,Informática,1691.69,13,3
ORD-02867,2026-01-22 00:54:37.852111,AM,Cama Mesa Banho,875.15,12,2
ORD-02868,2026-03-18 00:54:37.852111,AM,Informática,1492.64,20,5
ORD-02869,2026-03-23 00:54:37.852111,PE,Beleza e Saúde,1359.45,21,2
ORD-02870,2026-01-26 00:54:37.852111,CE,Informática,465.91,20,3
ORD-02871,2026-03-12 00:54:37.852111,RJ,Informática,711.19,1,5
ORD-02872,2026-03-24 00:54:37.852111,PR,Eletrônicos,1050.59,7,3
ORD-02873,2025-10-04 00:54:37.852111,BA,Esportes,1293.8,17,2
ORD-02874,2026-03-01 00:54:37.852111,SC,Beleza e Saúde,1108.65,11,5
ORD-02875,2025-10-03 00:54:37.852111,SC,Eletrônicos,972.33,12,4
ORD-02876,2026-07-23 00:54:37.852111,BA,Beleza e Saúde,914.15,18,4
ORD-02877,2026-05-23 00:54:37.852111,MG,Informática,1021.62,5,4
ORD-02878,2026-06-05 00:54:37.852111,MG,Eletrônicos,896.99,5,5
ORD-02879,2026-04-04 00:54:37.852111,AM,Eletrônicos,1105.59,21,2
ORD-02880,2026-05-18 00:54:37.852111,CE,Beleza e Saúde,1781.57,19,2
ORD-02881,2026-01-07 00:54:37.852111,PE,Beleza e Saúde,1284.02,18,1
ORD-02882,2025-10-12 00:54:37.852111,PR,Móveis,1459.11,9,4
ORD-02883,2025-09-02 00:54:37.852111,SC,Beleza e Saúde,1215.09,10,3
ORD-02884,2025-09-06 00:54:37.852111,AM,Eletrônicos,1303.88,20,3
ORD-02885,2026-03-05 00:54:37.852111,SP,Cama Mesa Banho,1177.78,5,4
ORD-02886,2026-02-16 00:54:37.852111,AM,Beleza e Saúde,102.39,19,3
ORD-02887,2026-04-18 00:54:37.852111,SP,Esportes,1999.22,7,5
ORD-02888,2026-01-29 00:54:37.852111,RS,Móveis,115.54,10,4
ORD-02889,2025-09-20 00:54:37.852111,RJ,Esportes,820.54,3,5
ORD-02890,2026-05-19 00:54:37.852111,BA,Esportes,254.98,22,4
ORD-02891,2025-10-28 00:54:37.852111,RJ,Cama Mesa Banho,239.01,2,5
ORD-02892,2026-05-24 00:54:37.852111,AM,Móveis,1597.38,12,4
ORD-02893,2026-03-14 00:54:37.852111,RJ,Informática,880.56,5,4
ORD-02894,2026-06-13 00:54:37.852111,PR,Eletrônicos,1612.22,11,4
ORD-02895,2026-06-13 00:54:37.852111,RS,Eletrônicos,581.93,6,3
ORD-02896,2025-08-24 00:54:37.852111,PE,Beleza e Saúde,550.1,16,3
ORD-02897,2026-07-16 00:54:37.852111,RS,Eletrônicos,539.9,8,4
ORD-02898,2026-07-01 00:54:37.852111,SC,Cama Mesa Banho,1251.48,8,4
ORD-02899,2026-02-25 00:54:37.852111,PR,Eletrônicos,1639.25,12,4
ORD-02900,2026-05-19 00:54:37.852111,RJ,Cama Mesa Banho,931.91,6,3
ORD-02901,2026-02-17 00:54:37.852111,PE,Informática,789.54,17,4
ORD-02902,2026-07-27 00:54:37.852111,RJ,Cama Mesa Banho,1948.48,3,5
ORD-02903,2026-05-07 00:54:37.852111,CE,Informática,277.67,11,3
ORD-02904,2026-01-27 00:54:37.852111,CE,Informática,998.93,25,1
ORD-02905,2026-05-07 00:54:37.852111,MG,Informática,846.55,6,5
ORD-02906,2026-06-09 00:54:37.852111,RS,Cama Mesa Banho,241.35,7,5
ORD-02907,2025-09-17 00:54:37.852111,PE,Informática,572.99,21,2
ORD-02908,2025-09-06 00:54:37.852111,CE,Cama Mesa Banho,105.46,17,3
ORD-02909,2026-08-08 00:54:37.852111,MG,Móveis,1760.06,4,4
ORD-02910,2026-08-11 00:54:37.852111,PR,Informática,1235.31,11,5
ORD-02911,2026-07-22 00:54:37.852111,PE,Cama Mesa Banho,1639.29,14,3
ORD-02912,2026-04-23 00:54:37.852111,MG,Cama Mesa Banho,1067.03,4,4
ORD-02913,2026-06-17 00:54:37.852111,BA,Cama Mesa Banho,1219.04,18,4
ORD-02914,2026-06-08 00:54:37.852111,PE,Beleza e Saúde,1416.67,15,3
ORD-02915,2025-09-17 00:54:37.852111,AM,Beleza e Saúde,1820.62,21,3
ORD-02916,2026-05-07 00:54:37.852111,MG,Informática,228.92,8,3
ORD-02917,2026-03-22 00:54:37.852111,RJ,Eletrônicos,695.35,3,4
ORD-02918,2026-04-10 00:54:37.852111,AM,Móveis,1432.6,9,5
ORD-02919,2026-02-27 00:54:37.852111,BA,Eletrônicos,1918.78,7,3
ORD-02920,2026-05-19 00:54:37.852111,CE,Informática,1962.57,17,2
ORD-02921,2026-05-29 00:54:37.852111,SP,Esportes,1294.3,3,5
ORD-02922,2025-09-03 00:54:37.852111,MG,Esportes,427.52,5,3
ORD-02923,2025-10-23 00:54:37.852111,PR,Móveis,282.46,10,3
ORD-02924,2026-06-15 00:54:37.852111,MG,Móveis,1894.79,1,5
ORD-02925,2026-03-28 00:54:37.852111,SP,Móveis,896.16,1,5
ORD-02926,2026-05-06 00:54:37.852111,BA,Beleza e Saúde,429.89,19,4
ORD-02927,2026-02-02 00:54:37.852111,BA,Beleza e Saúde,1871.09,18,4
ORD-02928,2025-12-13 00:54:37.852111,AM,Esportes,253.82,15,2
ORD-02929,2025-09-28 00:54:37.852111,PE,Móveis,1472.66,9,4
ORD-02930,2026-06-25 00:54:37.852111,PR,Cama Mesa Banho,1269.26,11,4
ORD-02931,2026-07-12 00:54:37.852111,AM,Eletrônicos,221.08,24,3
ORD-02932,2025-11-09 00:54:37.852111,PR,Esportes,710.56,10,4
ORD-02933,2026-07-24 00:54:37.852111,PR,Móveis,342.36,7,4
ORD-02934,2026-03-12 00:54:37.852111,SP,Cama Mesa Banho,1228.77,5,5
ORD-02935,2026-06-06 00:54:37.852111,AM,Móveis,980.37,11,4
ORD-02936,2026-01-11 00:54:37.852111,PR,Informática,58.34,13,2
ORD-02937,2026-03-23 00:54:37.852111,SC,Cama Mesa Banho,1952.64,10,4
ORD-02938,2025-12-24 00:54:37.852111,SP,Eletrônicos,731.69,1,5
ORD-02939,2026-01-12 00:54:37.852111,BA,Informática,553.5,16,3
ORD-02940,2026-05-26 00:54:37.852111,SP,Beleza e Saúde,483.76,5,4
ORD-02941,2026-01-11 00:54:37.852111,RJ,Esportes,359.69,4,4
ORD-02942,2026-04-19 00:54:37.852111,RJ,Móveis,1998.32,4,2
ORD-02943,2026-05-13 00:54:37.852111,PR,Esportes,625.46,6,4
ORD-02944,2025-11-16 00:54:37.852111,AM,Eletrônicos,840.75,20,2
ORD-02945,2026-02-26 00:54:37.852111,BA,Móveis,1749.14,14,2
ORD-02946,2026-06-16 00:54:37.852111,SP,Informática,1301.68,1,4
ORD-02947,2025-11-02 00:54:37.852111,AM,Cama Mesa Banho,768.95,16,2
ORD-02948,2026-07-18 00:54:37.852111,SP,Cama Mesa Banho,1801.74,6,5
ORD-02949,2026-06-08 00:54:37.852111,SP,Móveis,1511.96,4,5
ORD-02950,2025-12-08 00:54:37.852111,SC,Informática,494.41,15,4
ORD-02951,2025-12-02 00:54:37.852111,RJ,Móveis,1305.29,5,3
ORD-02952,2026-06-30 00:54:37.852111,SP,Móveis,1848.68,5,5
ORD-02953,2026-05-08 00:54:37.852111,SC,Móveis,1018.1,9,3
ORD-02954,2026-07-02 00:54:37.852111,RJ,Cama Mesa Banho,1480.54,4,4
ORD-02955,2025-12-29 00:54:37.852111,SC,Eletrônicos,1943.65,9,3
ORD-02956,2025-11-24 00:54:37.852111,AM,Móveis,1396.31,16,3
ORD-02957,2026-02-27 00:54:37.852111,PE,Cama Mesa Banho,249.76,20,3
ORD-02958,2025-11-07 00:54:37.852111,RJ,Beleza e Saúde,526.89,3,4
ORD-02959,2026-05-16 00:54:37.852111,CE,Informática,1210.44,12,3
ORD-02960,2026-02-16 00:54:37.852111,PE,Beleza e Saúde,587.33,12,4
ORD-02961,2026-01-28 00:54:37.852111,AM,Móveis,1917.21,28,2
ORD-02962,2025-10-10 00:54:37.852111,SP,Cama Mesa Banho,840.44,6,5
ORD-02963,2025-11-19 00:54:37.852111,BA,Informática,941.6,19,1
ORD-02964,2025-11-18 00:54:37.852111,AM,Esportes,1418.12,12,3
ORD-02965,2026-05-31 00:54:37.852111,SC,Informática,1072.29,11,2
ORD-02966,2026-08-05 00:54:37.852111,SC,Informática,795.18,9,4
ORD-02967,2025-10-20 00:54:37.852111,SC,Móveis,199.44,10,3
ORD-02968,2026-03-02 00:54:37.852111,SC,Beleza e Saúde,1213.07,7,4
ORD-02969,2026-05-20 00:54:37.852111,AM,Beleza e Saúde,1741.78,18,2
ORD-02970,2026-06-02 00:54:37.852111,BA,Esportes,1387.24,15,1
ORD-02971,2026-06-19 00:54:37.852111,MG,Móveis,793.92,3,2
ORD-02972,2026-06-27 00:54:37.852111,SC,Informática,299.07,12,3
ORD-02973,2025-12-18 00:54:37.852111,MG,Eletrônicos,1641.86,1,4
ORD-02974,2026-05-01 00:54:37.852111,BA,Beleza e Saúde,1886.41,20,1
ORD-02975,2026-01-15 00:54:37.852111,BA,Beleza e Saúde,807.13,21,3
ORD-02976,2026-07-02 00:54:37.852111,PE,Cama Mesa Banho,1470.85,13,2
ORD-02977,2025-10-01 00:54:37.852111,RJ,Informática,850.99,3,5
ORD-02978,2025-11-18 00:54:37.852111,CE,Móveis,1029.42,16,4
ORD-02979,2025-11-23 00:54:37.852111,PR,Beleza e Saúde,1681.13,10,2
ORD-02980,2025-09-11 00:54:37.852111,CE,Móveis,212.68,17,3
ORD-02981,2025-08-13 00:54:37.852111,AM,Informática,1084.15,20,2
ORD-02982,2025-11-27 00:54:37.852111,PR,Informática,468.51,15,1
ORD-02983,2025-11-03 00:54:37.852111,BA,Beleza e Saúde,712.62,15,1
ORD-02984,2026-04-21 00:54:37.852111,CE,Esportes,1306.64,9,4
ORD-02985,2025-08-15 00:54:37.852111,RS,Móveis,103.1,12,5
ORD-02986,2026-07-04 00:54:37.852111,RJ,Móveis,1207.96,8,5
ORD-02987,2026-01-05 00:54:37.852111,CE,Cama Mesa Banho,602.71,19,3
ORD-02988,2026-04-06 00:54:37.852111,RJ,Informática,1355.49,2,5
ORD-02989,2026-08-05 00:54:37.852111,MG,Informática,326.08,4,5
ORD-02990,2026-05-04 00:54:37.852111,AM,Beleza e Saúde,1484.83,12,5
ORD-02991,2026-02-18 00:54:37.852111,RJ,Beleza e Saúde,1309.0,6,4
ORD-02992,2026-04-28 00:54:37.852111,MG,Beleza e Saúde,1943.92,2,3
ORD-02993,2026-05-04 00:54:37.852111,SC,Cama Mesa Banho,1826.91,9,2
ORD-02994,2025-11-26 00:54:37.852111,MG,Esportes,602.44,2,5
ORD-02995,2025-12-10 00:54:37.852111,AM,Beleza e Saúde,103.27,18,2
ORD-02996,2025-11-11 00:54:37.852111,PE,Beleza e Saúde,1327.97,16,3
ORD-02997,2026-07-12 00:54:37.852111,SC,Eletrônicos,1225.63,10,2
ORD-02998,2026-03-29 00:54:37.852111,BA,Beleza e Saúde,103.49,18,2
ORD-02999,2026-08-01 00:54:37.852111,SP,Cama Mesa Banho,289.22,3,4
ORD-03000,2025-10-15 00:54:37.852111,MG,Móveis,1190.17,6,4
ORD-03001,2026-07-28 00:54:37.852111,MG,Esportes,1828.06,4,4
ORD-03002,2026-04-06 00:54:37.852111,RJ,Móveis,1817.68,3,4
ORD-03003,2026-06-11 00:54:37.852111,BA,Eletrônicos,345.4,29,1
ORD-03004,2026-04-26 00:54:37.852111,CE,Informática,799.92,20,3
ORD-03005,2026-07-23 00:54:37.852111,RS,Informática,134.25,9,4
ORD-03006,2026-03-08 00:54:37.852111,PR,Beleza e Saúde,965.08,14,4
ORD-03007,2025-11-17 00:54:37.852111,MG,Eletrônicos,1518.51,8,3
ORD-03008,2026-03-04 00:54:37.852111,CE,Móveis,1590.45,17,1
ORD-03009,2025-11-26 00:54:37.852111,RS,Cama Mesa Banho,1023.03,11,3
ORD-03010,2026-05-03 00:54:37.852111,PR,Esportes,236.95,7,3
ORD-03011,2026-01-02 00:54:37.852111,SP,Móveis,793.66,4,5
ORD-03012,2026-06-15 00:54:37.852111,RJ,Eletrônicos,1867.6,4,5
ORD-03013,2025-12-09 00:54:37.852111,CE,Eletrônicos,497.74,18,3
ORD-03014,2026-04-07 00:54:37.852111,RJ,Móveis,673.52,5,5
ORD-03015,2025-11-03 00:54:37.852111,PR,Esportes,1506.31,11,4
ORD-03016,2025-09-22 00:54:37.852111,PE,Móveis,1480.48,19,2
ORD-03017,2026-07-19 00:54:37.852111,MG,Móveis,1828.79,2,5
ORD-03018,2026-04-04 00:54:37.852111,SC,Esportes,806.83,7,5
ORD-03019,2025-08-25 00:54:37.852111,RS,Cama Mesa Banho,1053.47,8,5
ORD-03020,2026-01-29 00:54:37.852111,BA,Eletrônicos,961.42,16,2
ORD-03021,2025-11-05 00:54:37.852111,AM,Esportes,1859.12,23,2
ORD-03022,2026-03-12 00:54:37.852111,MG,Beleza e Saúde,1550.19,2,3
ORD-03023,2026-04-02 00:54:37.852111,SC,Beleza e Saúde,1671.31,8,5
ORD-03024,2025-12-29 00:54:37.852111,AM,Beleza e Saúde,309.54,22,3
ORD-03025,2026-02-05 00:54:37.852111,CE,Beleza e Saúde,1594.1,16,3
ORD-03026,2025-11-21 00:54:37.852111,AM,Informática,894.31,20,1
ORD-03027,2026-04-01 00:54:37.852111,SP,Cama Mesa Banho,95.51,4,5
ORD-03028,2026-01-14 00:54:37.852111,MG,Informática,167.17,5,5
ORD-03029,2026-06-14 00:54:37.852111,RJ,Móveis,1371.92,4,5
ORD-03030,2025-08-14 00:54:37.852111,PE,Móveis,775.42,21,2
ORD-03031,2025-08-14 00:54:37.852111,BA,Esportes,1742.83,10,3
ORD-03032,2026-01-12 00:54:37.852111,RJ,Beleza e Saúde,1481.83,4,5
ORD-03033,2026-01-09 00:54:37.852111,SC,Esportes,92.28,10,4
ORD-03034,2025-12-30 00:54:37.852111,MG,Móveis,1389.43,6,3
ORD-03035,2026-04-04 00:54:37.852111,PE,Beleza e Saúde,425.09,25,1
ORD-03036,2026-05-29 00:54:37.852111,AM,Eletrônicos,874.04,16,2
ORD-03037,2025-10-31 00:54:37.852111,MG,Cama Mesa Banho,1268.23,7,5
ORD-03038,2025-11-09 00:54:37.852111,AM,Móveis,1751.8,14,3
ORD-03039,2026-03-10 00:54:37.852111,CE,Eletrônicos,939.39,24,1
ORD-03040,2025-12-08 00:54:37.852111,SP,Esportes,1626.56,6,4
ORD-03041,2026-01-07 00:54:37.852111,PR,Eletrônicos,1576.78,7,4
ORD-03042,2026-02-04 00:54:37.852111,MG,Esportes,858.35,5,5
ORD-03043,2026-03-03 00:54:37.852111,SC,Móveis,1026.91,9,4
ORD-03044,2026-02-14 00:54:37.852111,AM,Informática,1415.95,21,2
ORD-03045,2026-07-10 00:54:37.852111,RJ,Cama Mesa Banho,110.74,4,5
ORD-03046,2026-07-03 00:54:37.852111,CE,Eletrônicos,1787.08,16,4
ORD-03047,2025-10-10 00:54:37.852111,SC,Eletrônicos,1551.14,14,2
ORD-03048,2025-09-09 00:54:37.852111,BA,Móveis,536.36,17,3
ORD-03049,2025-10-03 00:54:37.852111,PR,Móveis,1963.3,12,3
ORD-03050,2026-05-30 00:54:37.852111,CE,Esportes,399.81,16,3
ORD-03051,2025-11-07 00:54:37.852111,SP,Beleza e Saúde,1832.47,8,3
ORD-03052,2026-02-18 00:54:37.852111,PR,Beleza e Saúde,682.72,7,4
ORD-03053,2026-03-16 00:54:37.852111,AM,Beleza e Saúde,1538.14,14,4
ORD-03054,2025-11-13 00:54:37.852111,SC,Esportes,939.93,14,2
ORD-03055,2025-09-22 00:54:37.852111,BA,Beleza e Saúde,1486.11,15,2
ORD-03056,2026-04-27 00:54:37.852111,RS,Móveis,353.78,14,2
ORD-03057,2026-03-27 00:54:37.852111,SP,Informática,575.54,6,3
ORD-03058,2025-08-28 00:54:37.852111,PE,Informática,244.72,17,3
ORD-03059,2025-11-15 00:54:37.852111,AM,Informática,1737.03,8,2
ORD-03060,2025-08-31 00:54:37.852111,RS,Beleza e Saúde,627.77,9,3
ORD-03061,2025-10-28 00:54:37.852111,MG,Informática,1404.23,5,5
ORD-03062,2026-01-13 00:54:37.852111,BA,Eletrônicos,1649.43,23,2
ORD-03063,2025-11-14 00:54:37.852111,RJ,Beleza e Saúde,1807.77,8,3
ORD-03064,2026-06-08 00:54:37.852111,PE,Eletrônicos,257.28,14,3
ORD-03065,2025-12-08 00:54:37.852111,SC,Móveis,1791.38,12,3
ORD-03066,2026-03-10 00:54:37.852111,BA,Eletrônicos,434.64,21,2
ORD-03067,2026-06-27 00:54:37.852111,PR,Móveis,1486.96,13,3
ORD-03068,2026-01-24 00:54:37.852111,CE,Esportes,1471.26,20,4
ORD-03069,2026-03-18 00:54:37.852111,PR,Esportes,66.58,4,5
ORD-03070,2026-04-11 00:54:37.852111,PR,Eletrônicos,480.22,9,5
ORD-03071,2026-08-12 00:54:37.852111,MG,Cama Mesa Banho,1009.22,2,4
ORD-03072,2025-12-09 00:54:37.852111,SP,Móveis,869.07,4,4
ORD-03073,2025-09-04 00:54:37.852111,RJ,Beleza e Saúde,1841.22,6,3
ORD-03074,2026-04-07 00:54:37.852111,PE,Cama Mesa Banho,751.49,19,1
ORD-03075,2026-02-03 00:54:37.852111,SP,Móveis,1877.12,7,5
ORD-03076,2026-06-07 00:54:37.852111,BA,Beleza e Saúde,945.89,19,2
ORD-03077,2026-08-09 00:54:37.852111,PR,Móveis,1930.49,6,5
ORD-03078,2025-10-14 00:54:37.852111,MG,Móveis,1487.84,1,4
ORD-03079,2025-10-23 00:54:37.852111,BA,Beleza e Saúde,1667.2,18,1
ORD-03080,2026-03-23 00:54:37.852111,CE,Móveis,254.51,16,2
ORD-03081,2026-02-03 00:54:37.852111,RJ,Móveis,1192.98,3,5
ORD-03082,2026-07-23 00:54:37.852111,PE,Móveis,328.27,9,5
ORD-03083,2025-12-29 00:54:37.852111,CE,Esportes,630.36,14,3
ORD-03084,2025-10-04 00:54:37.852111,MG,Informática,1265.95,4,4
ORD-03085,2026-04-18 00:54:37.852111,RJ,Móveis,1466.14,6,4
ORD-03086,2025-10-15 00:54:37.852111,BA,Beleza e Saúde,126.41,18,2
ORD-03087,2026-03-24 00:54:37.852111,PR,Eletrônicos,1085.34,14,2
ORD-03088,2026-07-05 00:54:37.852111,PR,Móveis,1152.36,6,3
ORD-03089,2025-08-23 00:54:37.852111,AM,Esportes,203.71,22,3
ORD-03090,2025-12-04 00:54:37.852111,PR,Esportes,1026.34,10,2
ORD-03091,2025-09-14 00:54:37.852111,RS,Eletrônicos,1441.99,12,5
ORD-03092,2026-01-18 00:54:37.852111,PR,Móveis,153.79,8,4
ORD-03093,2026-01-15 00:54:37.852111,RS,Cama Mesa Banho,1532.52,13,2
ORD-03094,2026-04-20 00:54:37.852111,SC,Eletrônicos,1174.03,10,4
ORD-03095,2025-12-31 00:54:37.852111,RS,Informática,1674.79,7,5
ORD-03096,2026-04-01 00:54:37.852111,RJ,Beleza e Saúde,475.22,4,5
ORD-03097,2025-12-05 00:54:37.852111,CE,Beleza e Saúde,1674.88,16,3
ORD-03098,2026-01-06 00:54:37.852111,RJ,Beleza e Saúde,234.39,5,5
ORD-03099,2026-05-14 00:54:37.852111,CE,Beleza e Saúde,837.47,12,2
ORD-03100,2025-08-24 00:54:37.852111,AM,Esportes,439.0,17,2
ORD-03101,2026-06-28 00:54:37.852111,SC,Informática,1758.24,11,3
ORD-03102,2026-07-06 00:54:37.852111,CE,Móveis,1424.59,18,4
ORD-03103,2026-03-24 00:54:37.852111,CE,Móveis,99.46,24,1
ORD-03104,2026-05-05 00:54:37.852111,MG,Cama Mesa Banho,68.57,6,5
ORD-03105,2025-09-19 00:54:37.852111,SP,Móveis,617.94,4,5
ORD-03106,2026-02-04 00:54:37.852111,SP,Informática,329.4,5,3
ORD-03107,2026-07-09 00:54:37.852111,MG,Móveis,1279.09,5,4
ORD-03108,2026-03-19 00:54:37.852111,PR,Esportes,1344.4,11,5
ORD-03109,2026-07-14 00:54:37.852111,MG,Eletrônicos,1886.8,1,4
ORD-03110,2025-09-13 00:54:37.852111,CE,Móveis,1906.48,16,3
ORD-03111,2026-05-21 00:54:37.852111,CE,Beleza e Saúde,1334.85,10,3
ORD-03112,2025-11-05 00:54:37.852111,MG,Beleza e Saúde,61.07,7,4
ORD-03113,2025-09-03 00:54:37.852111,MG,Eletrônicos,750.05,4,4
ORD-03114,2025-11-16 00:54:37.852111,PR,Beleza e Saúde,1050.63,9,3
ORD-03115,2026-03-12 00:54:37.852111,RJ,Beleza e Saúde,1023.4,6,3
ORD-03116,2026-05-03 00:54:37.852111,SC,Esportes,1226.51,11,4
ORD-03117,2026-01-10 00:54:37.852111,BA,Esportes,1923.08,12,2
ORD-03118,2026-03-16 00:54:37.852111,CE,Esportes,1776.13,17,2
ORD-03119,2026-05-22 00:54:37.852111,SC,Móveis,262.37,8,3
ORD-03120,2026-04-25 00:54:37.852111,MG,Eletrônicos,568.66,1,5
ORD-03121,2025-11-11 00:54:37.852111,PR,Beleza e Saúde,1674.56,7,5
ORD-03122,2026-01-24 00:54:37.852111,RS,Cama Mesa Banho,1657.4,9,5
ORD-03123,2025-11-02 00:54:37.852111,PR,Eletrônicos,586.97,9,3
ORD-03124,2026-02-21 00:54:37.852111,PE,Cama Mesa Banho,1474.65,10,5
ORD-03125,2025-09-20 00:54:37.852111,PE,Beleza e Saúde,1360.47,23,1
ORD-03126,2026-01-19 00:54:37.852111,SC,Informática,973.37,9,5
ORD-03127,2026-06-11 00:54:37.852111,SP,Eletrônicos,442.84,5,4
ORD-03128,2026-06-01 00:54:37.852111,PE,Móveis,1782.85,20,1
ORD-03129,2025-12-05 00:54:37.852111,PE,Cama Mesa Banho,1371.81,14,2
ORD-03130,2026-04-11 00:54:37.852111,RJ,Eletrônicos,379.54,5,4
ORD-03131,2026-04-14 00:54:37.852111,RS,Eletrônicos,1424.36,8,4
ORD-03132,2025-11-11 00:54:37.852111,RJ,Esportes,1495.8,3,5
ORD-03133,2026-04-15 00:54:37.852111,RS,Informática,1779.42,11,2
ORD-03134,2025-09-30 00:54:37.852111,AM,Esportes,484.54,25,1
ORD-03135,2026-03-02 00:54:37.852111,BA,Informática,1978.07,21,1
ORD-03136,2025-10-31 00:54:37.852111,CE,Informática,349.12,22,2
ORD-03137,2025-11-21 00:54:37.852111,PE,Móveis,1221.34,15,3
ORD-03138,2025-09-27 00:54:37.852111,CE,Eletrônicos,1331.49,10,3
ORD-03139,2026-03-05 00:54:37.852111,PE,Esportes,866.96,25,2
ORD-03140,2025-10-09 00:54:37.852111,RJ,Esportes,976.32,9,5
ORD-03141,2026-05-16 00:54:37.852111,BA,Cama Mesa Banho,1787.27,25,1
ORD-03142,2026-03-24 00:54:37.852111,RJ,Eletrônicos,1308.28,4,4
ORD-03143,2026-01-22 00:54:37.852111,RJ,Beleza e Saúde,1019.15,2,5
ORD-03144,2025-10-08 00:54:37.852111,RS,Beleza e Saúde,300.28,6,4
ORD-03145,2025-12-29 00:54:37.852111,SP,Cama Mesa Banho,64.31,1,5
ORD-03146,2025-09-13 00:54:37.852111,PR,Informática,293.69,9,3
ORD-03147,2026-01-03 00:54:37.852111,SC,Cama Mesa Banho,1914.56,14,5
ORD-03148,2026-07-03 00:54:37.852111,CE,Cama Mesa Banho,1539.97,17,3
ORD-03149,2026-01-29 00:54:37.852111,AM,Esportes,1935.88,19,2
ORD-03150,2026-06-06 00:54:37.852111,PE,Cama Mesa Banho,119.63,24,1
ORD-03151,2025-11-22 00:54:37.852111,RJ,Informática,1376.43,4,4
ORD-03152,2026-08-11 00:54:37.852111,SP,Beleza e Saúde,136.37,9,5
ORD-03153,2025-08-17 00:54:37.852111,RJ,Móveis,1575.01,8,3
ORD-03154,2026-04-10 00:54:37.852111,BA,Eletrônicos,792.85,17,2
ORD-03155,2026-04-25 00:54:37.852111,RS,Cama Mesa Banho,236.74,8,3
ORD-03156,2026-05-19 00:54:37.852111,AM,Eletrônicos,1157.69,21,2
ORD-03157,2026-04-15 00:54:37.852111,PR,Cama Mesa Banho,596.23,8,4
ORD-03158,2026-04-08 00:54:37.852111,BA,Eletrônicos,1336.17,12,2
ORD-03159,2025-12-01 00:54:37.852111,MG,Esportes,1333.44,7,4
ORD-03160,2026-02-11 00:54:37.852111,AM,Esportes,1424.76,24,1
ORD-03161,2026-07-28 00:54:37.852111,RJ,Eletrônicos,1985.31,5,4
ORD-03162,2026-06-12 00:54:37.852111,BA,Cama Mesa Banho,804.06,11,4
ORD-03163,2026-03-08 00:54:37.852111,PR,Cama Mesa Banho,957.37,6,5
ORD-03164,2025-11-18 00:54:37.852111,SP,Informática,1618.99,5,4
ORD-03165,2026-07-09 00:54:37.852111,SP,Beleza e Saúde,1177.82,4,5
ORD-03166,2025-11-19 00:54:37.852111,CE,Beleza e Saúde,122.65,16,1
ORD-03167,2026-06-10 00:54:37.852111,PR,Móveis,1694.0,13,3
ORD-03168,2026-06-24 00:54:37.852111,SP,Beleza e Saúde,150.42,6,5
ORD-03169,2025-12-01 00:54:37.852111,BA,Móveis,383.1,24,1
ORD-03170,2026-03-17 00:54:37.852111,CE,Esportes,249.06,13,2
ORD-03171,2025-09-22 00:54:37.852111,SP,Móveis,201.96,4,5
ORD-03172,2025-10-13 00:54:37.852111,AM,Móveis,100.09,21,4
ORD-03173,2025-11-10 00:54:37.852111,RS,Beleza e Saúde,157.3,11,4
ORD-03174,2025-08-21 00:54:37.852111,MG,Cama Mesa Banho,912.76,8,5
ORD-03175,2026-02-22 00:54:37.852111,PR,Esportes,543.06,11,1
ORD-03176,2026-01-24 00:54:37.852111,BA,Informática,296.75,27,1
ORD-03177,2025-09-23 00:54:37.852111,PE,Móveis,1334.48,20,2
ORD-03178,2026-07-09 00:54:37.852111,RJ,Móveis,490.92,7,4
ORD-03179,2026-01-09 00:54:37.852111,BA,Eletrônicos,86.95,16,2
ORD-03180,2026-06-09 00:54:37.852111,SP,Móveis,865.92,5,2
ORD-03181,2026-08-05 00:54:37.852111,BA,Cama Mesa Banho,655.34,22,2
ORD-03182,2025-10-16 00:54:37.852111,PE,Informática,671.28,26,2
ORD-03183,2025-09-04 00:54:37.852111,RJ,Eletrônicos,918.28,6,5
ORD-03184,2025-09-15 00:54:37.852111,CE,Beleza e Saúde,1354.38,17,2
ORD-03185,2026-05-29 00:54:37.852111,SP,Esportes,1252.13,7,3
ORD-03186,2026-02-20 00:54:37.852111,SC,Cama Mesa Banho,1877.66,3,2
ORD-03187,2026-06-27 00:54:37.852111,SP,Informática,1059.55,2,4
ORD-03188,2026-07-29 00:54:37.852111,MG,Esportes,971.51,6,5
ORD-03189,2025-08-17 00:54:37.852111,SC,Beleza e Saúde,466.16,10,3
ORD-03190,2026-03-19 00:54:37.852111,MG,Esportes,1522.99,6,5
ORD-03191,2026-07-18 00:54:37.852111,PE,Eletrônicos,324.51,18,2
ORD-03192,2025-10-09 00:54:37.852111,PR,Móveis,1007.71,11,4
ORD-03193,2026-05-12 00:54:37.852111,RJ,Móveis,871.58,3,3
ORD-03194,2025-12-24 00:54:37.852111,RS,Cama Mesa Banho,1333.69,11,4
ORD-03195,2026-07-23 00:54:37.852111,CE,Esportes,1839.36,22,1
ORD-03196,2025-10-10 00:54:37.852111,RS,Móveis,1895.86,13,4
ORD-03197,2026-07-06 00:54:37.852111,AM,Cama Mesa Banho,377.21,28,2
ORD-03198,2025-11-10 00:54:37.852111,AM,Cama Mesa Banho,560.54,19,4
ORD-03199,2026-03-09 00:54:37.852111,PE,Eletrônicos,1632.69,19,1
ORD-03200,2026-02-15 00:54:37.852111,PR,Cama Mesa Banho,1060.65,5,4
ORD-03201,2026-04-03 00:54:37.852111,AM,Beleza e Saúde,933.42,15,3
ORD-03202,2025-10-06 00:54:37.852111,SP,Móveis,1435.72,4,5
ORD-03203,2025-08-30 00:54:37.852111,BA,Móveis,1223.75,23,1
ORD-03204,2026-07-16 00:54:37.852111,MG,Informática,1942.89,3,2
ORD-03205,2025-11-26 00:54:37.852111,AM,Beleza e Saúde,1188.75,21,2
ORD-03206,2026-05-29 00:54:37.852111,PE,Móveis,958.65,17,2
ORD-03207,2026-06-07 00:54:37.852111,MG,Eletrônicos,1108.49,4,4
ORD-03208,2025-09-05 00:54:37.852111,SP,Móveis,1626.65,5,5
ORD-03209,2026-01-31 00:54:37.852111,PR,Informática,1244.72,8,4
ORD-03210,2026-03-04 00:54:37.852111,RJ,Esportes,1311.74,4,3
ORD-03211,2025-08-31 00:54:37.852111,RS,Esportes,1944.31,4,2
ORD-03212,2025-08-17 00:54:37.852111,SP,Beleza e Saúde,1255.87,4,3
ORD-03213,2025-11-29 00:54:37.852111,CE,Cama Mesa Banho,791.56,15,5
ORD-03214,2026-06-02 00:54:37.852111,SC,Informática,1398.09,8,5
ORD-03215,2026-05-18 00:54:37.852111,PE,Informática,1335.95,20,2
ORD-03216,2025-11-24 00:54:37.852111,RS,Móveis,77.0,11,3
ORD-03217,2026-01-11 00:54:37.852111,CE,Eletrônicos,961.29,19,2
ORD-03218,2026-03-13 00:54:37.852111,RJ,Móveis,1498.66,6,5
ORD-03219,2026-01-15 00:54:37.852111,CE,Eletrônicos,1023.13,20,2
ORD-03220,2026-06-13 00:54:37.852111,PR,Informática,1570.26,9,4
ORD-03221,2025-11-18 00:54:37.852111,SC,Cama Mesa Banho,929.22,8,4
ORD-03222,2025-11-24 00:54:37.852111,MG,Esportes,1967.48,5,5
ORD-03223,2026-01-07 00:54:37.852111,RS,Beleza e Saúde,621.14,11,4
ORD-03224,2025-11-03 00:54:37.852111,SC,Eletrônicos,229.64,14,4
ORD-03225,2026-03-30 00:54:37.852111,BA,Esportes,888.52,23,1
ORD-03226,2025-08-16 00:54:37.852111,SP,Beleza e Saúde,1106.33,3,5
ORD-03227,2026-05-12 00:54:37.852111,BA,Cama Mesa Banho,730.73,17,2
ORD-03228,2026-04-26 00:54:37.852111,SP,Informática,522.45,6,4
ORD-03229,2025-12-15 00:54:37.852111,PR,Cama Mesa Banho,1360.51,13,5
ORD-03230,2025-08-23 00:54:37.852111,SC,Eletrônicos,785.39,12,2
ORD-03231,2026-03-24 00:54:37.852111,RJ,Informática,1281.17,4,5
ORD-03232,2025-10-26 00:54:37.852111,AM,Móveis,1569.19,11,4
ORD-03233,2025-12-19 00:54:37.852111,CE,Beleza e Saúde,1533.96,13,4
ORD-03234,2025-09-07 00:54:37.852111,AM,Móveis,781.85,19,2
ORD-03235,2025-10-05 00:54:37.852111,SC,Informática,1157.4,11,5
ORD-03236,2026-02-17 00:54:37.852111,BA,Beleza e Saúde,926.83,12,2
ORD-03237,2026-03-25 00:54:37.852111,AM,Beleza e Saúde,1748.07,18,4
ORD-03238,2026-02-05 00:54:37.852111,PE,Móveis,1763.58,21,3
ORD-03239,2026-06-25 00:54:37.852111,AM,Beleza e Saúde,720.3,12,5
ORD-03240,2025-10-15 00:54:37.852111,SP,Informática,228.89,7,2
ORD-03241,2026-02-04 00:54:37.852111,PE,Eletrônicos,376.79,16,2
ORD-03242,2026-03-30 00:54:37.852111,RS,Eletrônicos,765.65,13,5
ORD-03243,2026-07-01 00:54:37.852111,AM,Informática,1150.29,15,1
ORD-03244,2025-08-25 00:54:37.852111,PE,Móveis,1330.73,12,2
ORD-03245,2026-05-15 00:54:37.852111,SC,Cama Mesa Banho,696.17,8,3
ORD-03246,2025-10-22 00:54:37.852111,CE,Informática,1351.62,17,3
ORD-03247,2025-09-06 00:54:37.852111,RS,Eletrônicos,1878.59,8,5
ORD-03248,2025-12-11 00:54:37.852111,RJ,Informática,1321.43,4,4
ORD-03249,2026-02-02 00:54:37.852111,RJ,Beleza e Saúde,359.2,5,4
ORD-03250,2025-09-29 00:54:37.852111,PR,Beleza e Saúde,1180.35,9,4
ORD-03251,2026-04-29 00:54:37.852111,AM,Informática,1106.7,17,3
ORD-03252,2025-08-15 00:54:37.852111,CE,Móveis,1747.87,9,4
ORD-03253,2025-10-07 00:54:37.852111,MG,Cama Mesa Banho,733.09,5,4
ORD-03254,2025-12-23 00:54:37.852111,PE,Beleza e Saúde,874.74,17,1
ORD-03255,2025-11-21 00:54:37.852111,RS,Eletrônicos,1217.39,14,2
ORD-03256,2025-09-03 00:54:37.852111,SC,Beleza e Saúde,1072.63,7,5
ORD-03257,2026-07-07 00:54:37.852111,AM,Eletrônicos,1452.08,8,4
ORD-03258,2025-10-12 00:54:37.852111,SC,Cama Mesa Banho,128.76,11,3
ORD-03259,2026-07-03 00:54:37.852111,MG,Beleza e Saúde,1148.86,5,5
ORD-03260,2026-07-27 00:54:37.852111,PR,Móveis,287.26,6,3
ORD-03261,2025-09-03 00:54:37.852111,MG,Eletrônicos,664.66,1,5
ORD-03262,2025-11-09 00:54:37.852111,SP,Beleza e Saúde,1340.17,8,4
ORD-03263,2025-10-10 00:54:37.852111,BA,Beleza e Saúde,356.96,25,1
ORD-03264,2026-06-15 00:54:37.852111,RS,Informática,652.24,2,5
ORD-03265,2026-02-11 00:54:37.852111,BA,Móveis,1420.86,15,3
ORD-03266,2026-07-03 00:54:37.852111,MG,Móveis,1319.07,8,2
ORD-03267,2026-07-05 00:54:37.852111,PR,Informática,227.53,8,4
ORD-03268,2026-02-02 00:54:37.852111,PR,Eletrônicos,1175.67,8,3
ORD-03269,2025-11-19 00:54:37.852111,RJ,Esportes,337.15,4,5
ORD-03270,2026-03-19 00:54:37.852111,AM,Cama Mesa Banho,541.93,12,5
ORD-03271,2025-09-14 00:54:37.852111,RJ,Móveis,945.46,1,5
ORD-03272,2026-04-08 00:54:37.852111,RS,Esportes,263.23,13,2
ORD-03273,2026-06-28 00:54:37.852111,RS,Eletrônicos,1987.61,4,4
ORD-03274,2026-06-29 00:54:37.852111,RS,Cama Mesa Banho,372.47,10,3
ORD-03275,2026-08-12 00:54:37.852111,SC,Móveis,1573.56,12,4
ORD-03276,2026-02-26 00:54:37.852111,RJ,Beleza e Saúde,1668.19,2,5
ORD-03277,2026-04-27 00:54:37.852111,SC,Móveis,1989.2,7,5
ORD-03278,2026-07-25 00:54:37.852111,BA,Cama Mesa Banho,885.87,24,3
ORD-03279,2025-09-15 00:54:37.852111,AM,Esportes,1754.48,20,2
ORD-03280,2026-06-02 00:54:37.852111,MG,Beleza e Saúde,1917.2,3,5
ORD-03281,2026-04-26 00:54:37.852111,PE,Cama Mesa Banho,387.14,24,1
ORD-03282,2025-11-18 00:54:37.852111,RJ,Eletrônicos,984.9,7,4
ORD-03283,2025-12-16 00:54:37.852111,PE,Cama Mesa Banho,167.02,19,2
ORD-03284,2025-10-16 00:54:37.852111,PR,Móveis,1260.41,7,5
ORD-03285,2026-05-15 00:54:37.852111,RJ,Eletrônicos,1183.74,4,5
ORD-03286,2026-05-02 00:54:37.852111,BA,Informática,448.05,19,3
ORD-03287,2025-12-06 00:54:37.852111,RJ,Informática,1605.91,4,5
ORD-03288,2026-08-05 00:54:37.852111,SC,Beleza e Saúde,122.67,12,4
ORD-03289,2026-03-13 00:54:37.852111,AM,Cama Mesa Banho,1622.14,10,4
ORD-03290,2025-08-31 00:54:37.852111,MG,Esportes,101.96,2,4
ORD-03291,2026-02-20 00:54:37.852111,CE,Beleza e Saúde,1330.82,18,4
ORD-03292,2025-09-04 00:54:37.852111,MG,Eletrônicos,203.6,4,5
ORD-03293,2026-03-08 00:54:37.852111,MG,Beleza e Saúde,539.89,3,4
ORD-03294,2026-01-10 00:54:37.852111,PR,Móveis,1457.73,4,4
ORD-03295,2026-02-17 00:54:37.852111,BA,Eletrônicos,596.79,18,3
ORD-03296,2026-02-19 00:54:37.852111,PE,Esportes,1046.79,17,3
ORD-03297,2025-09-07 00:54:37.852111,BA,Cama Mesa Banho,1834.73,21,2
ORD-03298,2025-09-09 00:54:37.852111,CE,Eletrônicos,146.79,18,1
ORD-03299,2026-03-20 00:54:37.852111,PR,Cama Mesa Banho,1631.61,9,4
ORD-03300,2025-09-23 00:54:37.852111,AM,Cama Mesa Banho,177.28,23,2
ORD-03301,2026-03-05 00:54:37.852111,MG,Beleza e Saúde,297.25,2,5
ORD-03302,2026-04-08 00:54:37.852111,SC,Móveis,282.67,11,4
ORD-03303,2026-05-23 00:54:37.852111,PR,Beleza e Saúde,1988.5,4,4
ORD-03304,2026-03-19 00:54:37.852111,RS,Informática,401.36,7,5
ORD-03305,2025-12-17 00:54:37.852111,RJ,Informática,1798.69,2,5
ORD-03306,2026-05-21 00:54:37.852111,BA,Cama Mesa Banho,1982.32,21,2
ORD-03307,2026-04-22 00:54:37.852111,PR,Móveis,798.38,9,4
ORD-03308,2025-12-31 00:54:37.852111,RS,Eletrônicos,1280.54,9,2
ORD-03309,2025-09-15 00:54:37.852111,PE,Cama Mesa Banho,1569.23,12,3
ORD-03310,2025-12-13 00:54:37.852111,CE,Eletrônicos,815.66,16,3
ORD-03311,2026-03-23 00:54:37.852111,CE,Cama Mesa Banho,365.54,14,3
ORD-03312,2026-07-03 00:54:37.852111,MG,Beleza e Saúde,895.84,5,5
ORD-03313,2025-11-28 00:54:37.852111,MG,Cama Mesa Banho,1555.18,3,4
ORD-03314,2025-11-01 00:54:37.852111,PR,Cama Mesa Banho,1572.49,13,4
ORD-03315,2026-04-30 00:54:37.852111,PR,Móveis,499.55,4,5
ORD-03316,2026-01-23 00:54:37.852111,AM,Móveis,391.18,13,5
ORD-03317,2025-10-10 00:54:37.852111,RJ,Eletrônicos,1845.09,8,4
ORD-03318,2025-09-16 00:54:37.852111,SP,Móveis,135.8,4,3
ORD-03319,2025-11-20 00:54:37.852111,PE,Cama Mesa Banho,1482.74,11,4
ORD-03320,2026-01-15 00:54:37.852111,MG,Móveis,140.52,5,5
ORD-03321,2026-06-23 00:54:37.852111,SP,Móveis,1683.91,4,4
ORD-03322,2026-04-17 00:54:37.852111,SP,Esportes,1815.56,3,5
ORD-03323,2026-01-24 00:54:37.852111,RJ,Esportes,629.97,2,5
ORD-03324,2026-07-05 00:54:37.852111,SC,Informática,194.17,18,3
ORD-03325,2026-07-16 00:54:37.852111,SC,Beleza e Saúde,987.33,9,4
ORD-03326,2025-11-27 00:54:37.852111,MG,Beleza e Saúde,632.0,1,4
ORD-03327,2026-05-21 00:54:37.852111,RS,Móveis,863.42,14,3
ORD-03328,2026-03-11 00:54:37.852111,RJ,Informática,1346.72,6,5
ORD-03329,2026-04-18 00:54:37.852111,RJ,Informática,459.16,3,5
ORD-03330,2026-08-11 00:54:37.852111,BA,Eletrônicos,746.06,13,3
ORD-03331,2026-05-12 00:54:37.852111,SP,Esportes,1576.0,6,4
ORD-03332,2026-02-28 00:54:37.852111,BA,Informática,1305.34,16,3
ORD-03333,2025-08-28 00:54:37.852111,SP,Cama Mesa Banho,686.24,1,5
ORD-03334,2025-10-21 00:54:37.852111,SC,Eletrônicos,1345.39,15,3
ORD-03335,2025-11-28 00:54:37.852111,MG,Móveis,1542.36,4,4
ORD-03336,2026-05-24 00:54:37.852111,PE,Cama Mesa Banho,1205.35,25,1
ORD-03337,2025-11-18 00:54:37.852111,SC,Beleza e Saúde,517.02,13,4
ORD-03338,2025-12-21 00:54:37.852111,RJ,Esportes,50.48,2,3
ORD-03339,2025-09-26 00:54:37.852111,PE,Cama Mesa Banho,1615.56,23,1
ORD-03340,2025-10-06 00:54:37.852111,PR,Móveis,1654.14,8,5
ORD-03341,2025-10-16 00:54:37.852111,PE,Cama Mesa Banho,1410.33,8,4
ORD-03342,2025-08-21 00:54:37.852111,PE,Cama Mesa Banho,199.33,15,3
ORD-03343,2026-01-12 00:54:37.852111,SC,Informática,1191.18,11,2
ORD-03344,2026-06-12 00:54:37.852111,RJ,Esportes,1650.99,4,5
ORD-03345,2026-06-25 00:54:37.852111,PE,Beleza e Saúde,809.85,16,3
ORD-03346,2026-04-08 00:54:37.852111,SC,Móveis,436.1,13,2
ORD-03347,2026-01-02 00:54:37.852111,SC,Eletrônicos,1195.87,10,5
ORD-03348,2025-11-07 00:54:37.852111,PE,Eletrônicos,1661.3,13,3
ORD-03349,2025-10-23 00:54:37.852111,SP,Móveis,145.3,6,4
ORD-03350,2025-11-02 00:54:37.852111,RJ,Beleza e Saúde,1214.05,5,4
ORD-03351,2025-11-09 00:54:37.852111,CE,Móveis,1304.19,5,2
ORD-03352,2026-04-28 00:54:37.852111,PE,Informática,1224.62,20,3
ORD-03353,2026-03-20 00:54:37.852111,BA,Eletrônicos,1317.57,19,3
ORD-03354,2026-05-06 00:54:37.852111,BA,Eletrônicos,1281.18,18,2
ORD-03355,2026-06-01 00:54:37.852111,PR,Cama Mesa Banho,304.29,12,5
ORD-03356,2026-04-13 00:54:37.852111,RJ,Informática,508.13,3,3
ORD-03357,2026-07-14 00:54:37.852111,SC,Eletrônicos,1257.04,11,3
ORD-03358,2026-02-06 00:54:37.852111,AM,Informática,84.5,10,3
ORD-03359,2025-08-14 00:54:37.852111,MG,Informática,1287.75,5,4
ORD-03360,2025-08-24 00:54:37.852111,RS,Beleza e Saúde,1347.5,15,3
ORD-03361,2025-10-29 00:54:37.852111,AM,Eletrônicos,516.39,13,4
ORD-03362,2026-01-30 00:54:37.852111,RJ,Esportes,1216.36,3,4
ORD-03363,2026-03-10 00:54:37.852111,RJ,Beleza e Saúde,1091.48,3,4
ORD-03364,2026-02-22 00:54:37.852111,PE,Beleza e Saúde,558.35,18,4
ORD-03365,2025-09-12 00:54:37.852111,PE,Informática,952.8,12,5
ORD-03366,2026-07-03 00:54:37.852111,AM,Esportes,1823.77,20,2
ORD-03367,2026-06-11 00:54:37.852111,SC,Beleza e Saúde,881.88,12,3
ORD-03368,2026-07-21 00:54:37.852111,PR,Esportes,1278.2,11,5
ORD-03369,2025-08-18 00:54:37.852111,PE,Eletrônicos,118.93,9,2
ORD-03370,2026-05-30 00:54:37.852111,RS,Informática,201.71,12,3
ORD-03371,2026-06-26 00:54:37.852111,RS,Beleza e Saúde,208.55,12,3
ORD-03372,2026-03-06 00:54:37.852111,PR,Esportes,1567.57,12,2
ORD-03373,2025-10-04 00:54:37.852111,SP,Móveis,733.0,5,4
ORD-03374,2026-04-17 00:54:37.852111,SP,Beleza e Saúde,493.84,5,3
ORD-03375,2026-05-05 00:54:37.852111,RJ,Beleza e Saúde,1507.28,7,4
ORD-03376,2026-02-27 00:54:37.852111,PE,Beleza e Saúde,381.42,27,1
ORD-03377,2025-10-27 00:54:37.852111,BA,Esportes,530.66,13,3
ORD-03378,2026-03-10 00:54:37.852111,AM,Cama Mesa Banho,890.32,23,1
ORD-03379,2026-08-06 00:54:37.852111,CE,Eletrônicos,696.3,17,2
ORD-03380,2026-01-29 00:54:37.852111,PR,Beleza e Saúde,1191.51,9,5
ORD-03381,2026-06-18 00:54:37.852111,RJ,Móveis,708.79,1,5
ORD-03382,2025-09-26 00:54:37.852111,BA,Móveis,816.26,16,4
ORD-03383,2026-02-01 00:54:37.852111,PE,Informática,1732.63,13,4
ORD-03384,2026-06-27 00:54:37.852111,BA,Cama Mesa Banho,1774.84,15,3
ORD-03385,2026-03-18 00:54:37.852111,BA,Cama Mesa Banho,1664.04,12,5
ORD-03386,2025-11-11 00:54:37.852111,PR,Esportes,1736.42,8,3
ORD-03387,2026-03-09 00:54:37.852111,RJ,Informática,1160.97,4,4
ORD-03388,2026-01-23 00:54:37.852111,SC,Esportes,1310.15,10,5
ORD-03389,2026-04-09 00:54:37.852111,RS,Informática,1136.49,5,4
ORD-03390,2025-10-12 00:54:37.852111,AM,Eletrônicos,1581.9,10,1
ORD-03391,2025-10-23 00:54:37.852111,RJ,Cama Mesa Banho,1124.45,5,4
ORD-03392,2026-06-10 00:54:37.852111,CE,Eletrônicos,266.6,14,3
ORD-03393,2025-09-22 00:54:37.852111,BA,Esportes,1628.68,23,1
ORD-03394,2026-02-18 00:54:37.852111,SC,Informática,1533.14,10,5
ORD-03395,2026-04-19 00:54:37.852111,PR,Cama Mesa Banho,1649.59,11,3
ORD-03396,2026-01-21 00:54:37.852111,MG,Cama Mesa Banho,421.34,7,4
ORD-03397,2025-09-26 00:54:37.852111,AM,Beleza e Saúde,579.65,16,2
ORD-03398,2026-07-13 00:54:37.852111,AM,Esportes,626.72,15,2
ORD-03399,2026-04-22 00:54:37.852111,RS,Beleza e Saúde,1040.76,12,2
ORD-03400,2025-08-13 00:54:37.852111,MG,Cama Mesa Banho,311.06,6,3
ORD-03401,2025-09-22 00:54:37.852111,PE,Esportes,801.49,17,4
ORD-03402,2025-09-03 00:54:37.852111,MG,Esportes,405.21,7,4
ORD-03403,2026-06-07 00:54:37.852111,BA,Eletrônicos,566.29,16,2
ORD-03404,2026-05-30 00:54:37.852111,BA,Móveis,1427.46,18,1
ORD-03405,2026-06-29 00:54:37.852111,BA,Informática,1716.88,18,4
ORD-03406,2025-11-26 00:54:37.852111,BA,Móveis,94.67,13,5
ORD-03407,2026-03-12 00:54:37.852111,RJ,Móveis,1153.5,5,5
ORD-03408,2026-03-11 00:54:37.852111,AM,Cama Mesa Banho,120.32,24,2
ORD-03409,2025-08-15 00:54:37.852111,MG,Eletrônicos,216.24,5,5
ORD-03410,2025-12-22 00:54:37.852111,AM,Informática,1424.91,18,1
ORD-03411,2026-06-23 00:54:37.852111,CE,Móveis,1484.44,17,2
ORD-03412,2025-10-11 00:54:37.852111,MG,Móveis,1637.26,5,4
ORD-03413,2025-11-24 00:54:37.852111,RJ,Esportes,974.77,6,2
ORD-03414,2025-10-02 00:54:37.852111,CE,Cama Mesa Banho,1726.62,21,3
ORD-03415,2026-04-10 00:54:37.852111,AM,Móveis,375.33,16,2
ORD-03416,2025-12-11 00:54:37.852111,CE,Informática,536.95,19,3
ORD-03417,2026-07-14 00:54:37.852111,RS,Beleza e Saúde,312.28,11,4
ORD-03418,2026-04-13 00:54:37.852111,CE,Beleza e Saúde,1605.2,12,4
ORD-03419,2026-04-10 00:54:37.852111,MG,Cama Mesa Banho,495.92,5,5
ORD-03420,2026-07-07 00:54:37.852111,BA,Beleza e Saúde,353.25,7,3
ORD-03421,2026-02-24 00:54:37.852111,BA,Esportes,1265.07,20,4
ORD-03422,2026-04-11 00:54:37.852111,PE,Esportes,200.31,21,2
ORD-03423,2025-08-21 00:54:37.852111,AM,Informática,137.56,21,2
ORD-03424,2026-07-09 00:54:37.852111,RS,Eletrônicos,258.1,8,3
ORD-03425,2026-05-18 00:54:37.852111,MG,Cama Mesa Banho,50.47,5,3
ORD-03426,2026-04-01 00:54:37.852111,MG,Cama Mesa Banho,1409.13,7,4
ORD-03427,2026-01-29 00:54:37.852111,PR,Beleza e Saúde,1146.36,14,3
ORD-03428,2025-11-12 00:54:37.852111,SP,Móveis,459.26,4,4
ORD-03429,2026-01-24 00:54:37.852111,AM,Móveis,504.36,18,1
ORD-03430,2025-11-01 00:54:37.852111,MG,Eletrônicos,1631.39,7,3
ORD-03431,2026-05-28 00:54:37.852111,SC,Móveis,1028.55,5,5
ORD-03432,2026-06-15 00:54:37.852111,MG,Eletrônicos,1412.13,4,4
ORD-03433,2026-04-09 00:54:37.852111,PR,Informática,932.87,14,3
ORD-03434,2026-04-26 00:54:37.852111,CE,Cama Mesa Banho,513.55,22,3
ORD-03435,2026-01-01 00:54:37.852111,RJ,Beleza e Saúde,1942.29,5,3
ORD-03436,2025-11-08 00:54:37.852111,RJ,Informática,1153.01,1,4
ORD-03437,2026-06-06 00:54:37.852111,SC,Esportes,305.41,9,3
ORD-03438,2026-06-05 00:54:37.852111,SC,Esportes,841.88,8,5
ORD-03439,2026-03-01 00:54:37.852111,PE,Esportes,692.21,19,4
ORD-03440,2025-10-12 00:54:37.852111,RJ,Eletrônicos,467.47,3,5
ORD-03441,2026-03-04 00:54:37.852111,CE,Eletrônicos,1870.21,12,4
ORD-03442,2025-08-13 00:54:37.852111,RJ,Cama Mesa Banho,1767.79,1,4
ORD-03443,2025-09-05 00:54:37.852111,SP,Esportes,438.34,7,5
ORD-03444,2025-10-08 00:54:37.852111,AM,Eletrônicos,736.69,16,3
ORD-03445,2025-09-04 00:54:37.852111,RJ,Eletrônicos,1536.52,5,5
ORD-03446,2026-07-02 00:54:37.852111,BA,Móveis,456.59,17,2
ORD-03447,2025-08-24 00:54:37.852111,PE,Eletrônicos,1203.55,12,3
ORD-03448,2026-04-26 00:54:37.852111,PR,Esportes,1414.6,6,5
ORD-03449,2026-06-23 00:54:37.852111,SC,Informática,1325.25,6,5
ORD-03450,2025-12-06 00:54:37.852111,SP,Esportes,1427.5,3,5
ORD-03451,2025-09-06 00:54:37.852111,SC,Móveis,1428.06,11,4
ORD-03452,2026-07-23 00:54:37.852111,PE,Esportes,1931.37,14,2
ORD-03453,2025-10-17 00:54:37.852111,MG,Beleza e Saúde,725.67,8,3
ORD-03454,2026-03-27 00:54:37.852111,SP,Móveis,1763.25,7,4
ORD-03455,2025-08-19 00:54:37.852111,RS,Cama Mesa Banho,92.52,12,3
ORD-03456,2025-09-23 00:54:37.852111,SP,Esportes,612.0,4,3
ORD-03457,2026-05-13 00:54:37.852111,PE,Eletrônicos,144.88,25,3
ORD-03458,2025-11-06 00:54:37.852111,PR,Informática,1319.85,9,3
ORD-03459,2026-04-10 00:54:37.852111,SP,Esportes,246.54,4,5
ORD-03460,2026-04-24 00:54:37.852111,PE,Informática,1699.13,18,3
ORD-03461,2025-08-24 00:54:37.852111,CE,Beleza e Saúde,1310.85,21,1
ORD-03462,2026-03-27 00:54:37.852111,AM,Cama Mesa Banho,106.19,21,3
ORD-03463,2025-11-13 00:54:37.852111,RJ,Eletrônicos,1443.82,4,3
ORD-03464,2026-05-06 00:54:37.852111,CE,Móveis,1730.97,15,3
ORD-03465,2025-12-04 00:54:37.852111,PE,Móveis,1339.19,21,2
ORD-03466,2025-09-09 00:54:37.852111,BA,Cama Mesa Banho,109.52,21,2
ORD-03467,2026-05-01 00:54:37.852111,MG,Beleza e Saúde,1722.94,4,3
ORD-03468,2026-01-11 00:54:37.852111,RJ,Beleza e Saúde,1478.3,1,5
ORD-03469,2025-12-07 00:54:37.852111,BA,Esportes,787.98,16,3
ORD-03470,2026-03-14 00:54:37.852111,PR,Beleza e Saúde,690.83,11,3
ORD-03471,2025-12-06 00:54:37.852111,SC,Esportes,985.65,15,4
ORD-03472,2025-11-11 00:54:37.852111,RS,Informática,1740.85,6,5
ORD-03473,2026-03-01 00:54:37.852111,RJ,Cama Mesa Banho,541.52,4,3
ORD-03474,2025-09-06 00:54:37.852111,CE,Informática,246.88,16,2
ORD-03475,2026-08-05 00:54:37.852111,MG,Informática,1736.04,7,5
ORD-03476,2025-11-02 00:54:37.852111,BA,Informática,101.27,17,3
ORD-03477,2026-08-08 00:54:37.852111,PE,Informática,1826.44,13,3
ORD-03478,2026-03-21 00:54:37.852111,RJ,Móveis,646.2,6,3
ORD-03479,2026-05-04 00:54:37.852111,SC,Beleza e Saúde,1041.03,8,3
ORD-03480,2026-03-02 00:54:37.852111,PE,Cama Mesa Banho,307.98,11,3
ORD-03481,2026-03-19 00:54:37.852111,BA,Cama Mesa Banho,1809.4,13,2
ORD-03482,2026-06-10 00:54:37.852111,MG,Eletrônicos,1512.18,8,2
ORD-03483,2026-05-14 00:54:37.852111,SP,Informática,1852.1,5,5
ORD-03484,2026-04-18 00:54:37.852111,SC,Cama Mesa Banho,1382.3,10,5
ORD-03485,2025-08-24 00:54:37.852111,PE,Esportes,410.15,16,1
ORD-03486,2025-11-19 00:54:37.852111,SC,Cama Mesa Banho,651.12,10,4
ORD-03487,2025-10-07 00:54:37.852111,PR,Informática,999.35,10,3
ORD-03488,2026-02-21 00:54:37.852111,PE,Cama Mesa Banho,1234.15,19,2
ORD-03489,2026-06-27 00:54:37.852111,RJ,Beleza e Saúde,1856.6,5,4
ORD-03490,2026-03-26 00:54:37.852111,SP,Informática,798.71,6,4
ORD-03491,2025-12-10 00:54:37.852111,SP,Móveis,1420.99,5,5
ORD-03492,2026-03-17 00:54:37.852111,RS,Beleza e Saúde,1923.97,7,4
ORD-03493,2025-12-10 00:54:37.852111,SC,Cama Mesa Banho,347.13,8,3
ORD-03494,2026-08-08 00:54:37.852111,CE,Móveis,1732.28,8,3
ORD-03495,2026-02-10 00:54:37.852111,SP,Eletrônicos,870.38,9,5
ORD-03496,2026-07-24 00:54:37.852111,SP,Beleza e Saúde,1478.22,6,2
ORD-03497,2026-06-28 00:54:37.852111,PR,Eletrônicos,622.4,7,3
ORD-03498,2026-08-01 00:54:37.852111,AM,Esportes,701.27,16,4
ORD-03499,2026-06-04 00:54:37.852111,PR,Beleza e Saúde,102.91,8,4
ORD-03500,2026-07-27 00:54:37.852111,PR,Móveis,1944.24,14,3
ORD-03501,2026-03-19 00:54:37.852111,AM,Eletrônicos,1636.23,10,5
ORD-03502,2026-03-12 00:54:37.852111,SC,Esportes,233.14,10,4
ORD-03503,2025-10-13 00:54:37.852111,PE,Eletrônicos,1999.04,17,2
ORD-03504,2026-04-27 00:54:37.852111,MG,Cama Mesa Banho,1229.8,6,4
ORD-03505,2025-12-20 00:54:37.852111,CE,Informática,1714.77,17,1
ORD-03506,2025-10-09 00:54:37.852111,SP,Eletrônicos,179.99,1,5
ORD-03507,2025-08-26 00:54:37.852111,RS,Cama Mesa Banho,809.43,9,4
ORD-03508,2026-06-04 00:54:37.852111,CE,Informática,1355.82,13,4
ORD-03509,2026-02-11 00:54:37.852111,PE,Informática,257.55,18,4
ORD-03510,2025-12-06 00:54:37.852111,AM,Móveis,1003.36,25,1
ORD-03511,2025-12-28 00:54:37.852111,CE,Esportes,913.22,9,3
ORD-03512,2026-05-03 00:54:37.852111,SP,Esportes,471.28,3,5
ORD-03513,2026-05-30 00:54:37.852111,CE,Beleza e Saúde,635.53,15,2
ORD-03514,2026-01-09 00:54:37.852111,MG,Cama Mesa Banho,1935.88,4,5
ORD-03515,2026-01-22 00:54:37.852111,AM,Móveis,612.86,21,3
ORD-03516,2026-02-02 00:54:37.852111,CE,Eletrônicos,466.18,17,2
ORD-03517,2025-12-07 00:54:37.852111,SP,Cama Mesa Banho,1095.61,5,4
ORD-03518,2025-12-14 00:54:37.852111,SP,Eletrônicos,1358.37,3,4
ORD-03519,2026-02-15 00:54:37.852111,CE,Eletrônicos,1463.93,19,3
ORD-03520,2026-01-06 00:54:37.852111,SC,Eletrônicos,1520.78,12,3
ORD-03521,2026-05-23 00:54:37.852111,RS,Beleza e Saúde,121.82,7,2
ORD-03522,2026-05-13 00:54:37.852111,BA,Beleza e Saúde,817.83,21,2
ORD-03523,2026-02-19 00:54:37.852111,PR,Móveis,1559.22,10,5
ORD-03524,2025-12-17 00:54:37.852111,AM,Beleza e Saúde,1814.46,23,2
ORD-03525,2025-11-26 00:54:37.852111,BA,Móveis,1224.29,16,2
ORD-03526,2025-08-13 00:54:37.852111,PE,Beleza e Saúde,152.0,19,1
ORD-03527,2026-03-03 00:54:37.852111,PE,Esportes,823.46,17,3
ORD-03528,2026-06-26 00:54:37.852111,SP,Móveis,194.74,4,5
ORD-03529,2025-09-18 00:54:37.852111,PE,Esportes,1509.65,19,2
ORD-03530,2025-09-19 00:54:37.852111,SC,Esportes,173.84,11,5
ORD-03531,2026-04-19 00:54:37.852111,RS,Móveis,412.18,6,3
ORD-03532,2025-09-10 00:54:37.852111,PE,Cama Mesa Banho,863.07,25,3
ORD-03533,2025-09-10 00:54:37.852111,MG,Informática,952.16,1,5
ORD-03534,2025-12-31 00:54:37.852111,RS,Beleza e Saúde,842.64,7,2
ORD-03535,2025-08-26 00:54:37.852111,SC,Eletrônicos,953.62,9,4
ORD-03536,2025-09-19 00:54:37.852111,BA,Beleza e Saúde,1440.82,20,3
ORD-03537,2026-03-19 00:54:37.852111,RS,Eletrônicos,770.07,14,3
ORD-03538,2026-06-11 00:54:37.852111,RS,Cama Mesa Banho,1118.11,4,3
ORD-03539,2025-10-23 00:54:37.852111,BA,Informática,641.57,15,3
ORD-03540,2025-09-24 00:54:37.852111,SC,Cama Mesa Banho,739.57,3,4
ORD-03541,2025-09-22 00:54:37.852111,PE,Informática,1246.91,18,3
ORD-03542,2026-07-31 00:54:37.852111,SP,Móveis,1006.46,5,5
ORD-03543,2026-02-05 00:54:37.852111,AM,Móveis,1459.92,25,1
ORD-03544,2025-10-30 00:54:37.852111,BA,Eletrônicos,1143.05,18,2
ORD-03545,2026-01-17 00:54:37.852111,BA,Esportes,1616.97,23,2
ORD-03546,2026-04-21 00:54:37.852111,BA,Esportes,914.65,20,1
ORD-03547,2026-07-22 00:54:37.852111,BA,Eletrônicos,1007.52,15,2
ORD-03548,2025-08-29 00:54:37.852111,AM,Móveis,1356.44,10,2
ORD-03549,2026-01-11 00:54:37.852111,AM,Eletrônicos,481.43,19,3
ORD-03550,2026-02-23 00:54:37.852111,PE,Esportes,802.56,10,4
ORD-03551,2025-09-24 00:54:37.852111,CE,Eletrônicos,1268.44,24,1
ORD-03552,2026-06-20 00:54:37.852111,CE,Móveis,106.31,17,3
ORD-03553,2025-10-19 00:54:37.852111,RJ,Cama Mesa Banho,902.09,7,5
ORD-03554,2025-09-27 00:54:37.852111,BA,Beleza e Saúde,1217.76,15,2
ORD-03555,2026-04-09 00:54:37.852111,BA,Móveis,1936.38,19,1
ORD-03556,2025-11-09 00:54:37.852111,RS,Eletrônicos,1760.18,10,4
ORD-03557,2026-01-21 00:54:37.852111,CE,Móveis,597.45,17,2
ORD-03558,2026-01-31 00:54:37.852111,PE,Móveis,1039.06,15,2
ORD-03559,2026-02-25 00:54:37.852111,SP,Esportes,160.01,5,5
ORD-03560,2026-03-14 00:54:37.852111,RJ,Eletrônicos,519.47,3,5
ORD-03561,2026-07-09 00:54:37.852111,RJ,Esportes,1560.97,2,3
ORD-03562,2026-02-10 00:54:37.852111,PE,Eletrônicos,290.46,24,1
ORD-03563,2025-10-31 00:54:37.852111,SP,Esportes,552.5,6,5
ORD-03564,2026-06-17 00:54:37.852111,RS,Esportes,1890.88,10,4
ORD-03565,2026-01-03 00:54:37.852111,AM,Cama Mesa Banho,1656.52,26,2
ORD-03566,2025-10-14 00:54:37.852111,PR,Móveis,1574.56,9,5
ORD-03567,2026-03-03 00:54:37.852111,CE,Cama Mesa Banho,1735.89,24,2
ORD-03568,2026-07-25 00:54:37.852111,BA,Esportes,1511.73,18,3
ORD-03569,2025-11-22 00:54:37.852111,PE,Cama Mesa Banho,285.14,12,4
ORD-03570,2025-11-04 00:54:37.852111,CE,Móveis,1057.29,27,2
ORD-03571,2026-04-22 00:54:37.852111,BA,Móveis,916.28,22,2
ORD-03572,2025-09-20 00:54:37.852111,PR,Esportes,656.75,9,4
ORD-03573,2026-07-14 00:54:37.852111,PR,Móveis,1676.38,12,3
ORD-03574,2026-03-31 00:54:37.852111,AM,Cama Mesa Banho,955.07,15,3
ORD-03575,2026-06-07 00:54:37.852111,SC,Informática,167.58,12,2
ORD-03576,2026-06-09 00:54:37.852111,PR,Móveis,586.18,2,4
ORD-03577,2025-10-25 00:54:37.852111,CE,Cama Mesa Banho,495.81,12,3
ORD-03578,2026-07-19 00:54:37.852111,MG,Cama Mesa Banho,1780.58,6,3
ORD-03579,2026-07-07 00:54:37.852111,MG,Cama Mesa Banho,1312.5,4,4
ORD-03580,2026-08-12 00:54:37.852111,BA,Móveis,1142.73,19,2
ORD-03581,2026-07-07 00:54:37.852111,BA,Informática,1037.97,11,4
ORD-03582,2026-03-25 00:54:37.852111,SC,Esportes,1317.72,15,4
ORD-03583,2025-12-24 00:54:37.852111,MG,Esportes,1522.01,7,4
ORD-03584,2026-03-30 00:54:37.852111,BA,Móveis,1131.05,16,4
ORD-03585,2026-02-06 00:54:37.852111,PR,Móveis,1879.66,8,5
ORD-03586,2026-04-07 00:54:37.852111,BA,Beleza e Saúde,1954.83,23,2
ORD-03587,2026-01-24 00:54:37.852111,RJ,Eletrônicos,1990.92,8,4
ORD-03588,2026-04-08 00:54:37.852111,SC,Informática,1355.31,12,4
ORD-03589,2025-11-29 00:54:37.852111,PE,Cama Mesa Banho,1868.61,28,2
ORD-03590,2026-03-02 00:54:37.852111,SP,Eletrônicos,838.74,3,5
ORD-03591,2026-07-09 00:54:37.852111,RS,Cama Mesa Banho,1726.21,7,5
ORD-03592,2026-01-31 00:54:37.852111,SP,Eletrônicos,1822.89,2,5
ORD-03593,2026-02-03 00:54:37.852111,SP,Esportes,1813.07,5,5
ORD-03594,2026-05-01 00:54:37.852111,AM,Eletrônicos,1670.15,18,4
ORD-03595,2026-07-21 00:54:37.852111,PE,Móveis,842.87,17,2
ORD-03596,2025-11-21 00:54:37.852111,BA,Informática,359.87,22,2
ORD-03597,2025-10-27 00:54:37.852111,AM,Esportes,701.21,24,2
ORD-03598,2025-11-26 00:54:37.852111,SP,Eletrônicos,1546.21,1,5
ORD-03599,2025-08-20 00:54:37.852111,RJ,Informática,504.13,3,5
ORD-03600,2026-05-30 00:54:37.852111,RS,Móveis,982.63,12,3
ORD-03601,2025-08-23 00:54:37.852111,SP,Cama Mesa Banho,1152.53,4,3
ORD-03602,2026-06-02 00:54:37.852111,MG,Beleza e Saúde,1227.52,3,5
ORD-03603,2025-11-27 00:54:37.852111,PE,Informática,1874.66,23,1
ORD-03604,2026-02-06 00:54:37.852111,PE,Cama Mesa Banho,1339.91,11,2
ORD-03605,2026-02-21 00:54:37.852111,PE,Informática,1583.28,16,1
ORD-03606,2025-10-27 00:54:37.852111,SC,Informática,1184.66,10,4
ORD-03607,2026-06-29 00:54:37.852111,SC,Informática,1675.48,8,5
ORD-03608,2026-06-13 00:54:37.852111,PR,Móveis,564.14,12,3
ORD-03609,2026-05-22 00:54:37.852111,CE,Esportes,459.26,15,3
ORD-03610,2026-04-12 00:54:37.852111,RS,Informática,1856.32,14,4
ORD-03611,2025-08-20 00:54:37.852111,AM,Móveis,1402.29,17,1
ORD-03612,2026-07-28 00:54:37.852111,BA,Beleza e Saúde,1359.47,21,3
ORD-03613,2026-06-08 00:54:37.852111,SP,Esportes,961.23,6,4
ORD-03614,2026-03-21 00:54:37.852111,CE,Móveis,784.56,14,4
ORD-03615,2026-03-04 00:54:37.852111,BA,Beleza e Saúde,1133.6,7,4
ORD-03616,2025-12-22 00:54:37.852111,AM,Esportes,285.1,19,1
ORD-03617,2026-03-22 00:54:37.852111,CE,Móveis,936.69,18,3
ORD-03618,2025-08-20 00:54:37.852111,BA,Beleza e Saúde,937.97,20,4
ORD-03619,2026-02-06 00:54:37.852111,RJ,Móveis,1099.76,4,5
ORD-03620,2025-09-25 00:54:37.852111,SC,Beleza e Saúde,1287.64,8,3
ORD-03621,2026-07-31 00:54:37.852111,AM,Informática,1916.77,28,1
ORD-03622,2026-02-10 00:54:37.852111,RS,Informática,1321.73,5,3
ORD-03623,2026-04-24 00:54:37.852111,MG,Esportes,1773.26,6,5
ORD-03624,2025-10-27 00:54:37.852111,RJ,Beleza e Saúde,1134.79,3,4
ORD-03625,2025-10-22 00:54:37.852111,SC,Informática,1272.51,8,4
ORD-03626,2026-01-10 00:54:37.852111,PE,Esportes,186.18,16,4
ORD-03627,2026-04-15 00:54:37.852111,SC,Cama Mesa Banho,309.86,7,2
ORD-03628,2026-06-19 00:54:37.852111,CE,Informática,1180.36,20,4
ORD-03629,2026-07-17 00:54:37.852111,PR,Informática,821.64,14,3
ORD-03630,2026-04-17 00:54:37.852111,RJ,Eletrônicos,1607.68,5,3
ORD-03631,2026-01-04 00:54:37.852111,PE,Móveis,1109.2,18,2
ORD-03632,2025-12-25 00:54:37.852111,CE,Cama Mesa Banho,1770.47,13,2
ORD-03633,2026-06-21 00:54:37.852111,AM,Beleza e Saúde,1946.05,20,3
ORD-03634,2025-10-22 00:54:37.852111,RS,Esportes,337.89,16,2
ORD-03635,2025-09-26 00:54:37.852111,SC,Cama Mesa Banho,819.91,8,2
ORD-03636,2025-12-23 00:54:37.852111,AM,Beleza e Saúde,1346.71,16,2
ORD-03637,2026-03-08 00:54:37.852111,PE,Informática,645.7,15,2
ORD-03638,2025-11-17 00:54:37.852111,CE,Eletrônicos,570.71,15,3
ORD-03639,2026-07-23 00:54:37.852111,PR,Esportes,1636.79,1,4
ORD-03640,2026-06-21 00:54:37.852111,SC,Esportes,1961.74,11,3
ORD-03641,2025-11-11 00:54:37.852111,RS,Cama Mesa Banho,1558.92,7,4
ORD-03642,2025-10-04 00:54:37.852111,PR,Móveis,1071.17,5,4
ORD-03643,2025-11-05 00:54:37.852111,BA,Beleza e Saúde,912.9,21,2
ORD-03644,2026-01-11 00:54:37.852111,CE,Eletrônicos,1102.31,12,4
ORD-03645,2026-07-13 00:54:37.852111,AM,Eletrônicos,952.54,16,2
ORD-03646,2025-09-10 00:54:37.852111,SC,Cama Mesa Banho,1030.63,14,3
ORD-03647,2026-02-11 00:54:37.852111,SC,Móveis,446.73,5,1
ORD-03648,2026-07-21 00:54:37.852111,PE,Móveis,1812.3,10,4
ORD-03649,2026-07-12 00:54:37.852111,RS,Móveis,1521.34,10,3
ORD-03650,2026-05-31 00:54:37.852111,MG,Esportes,1377.91,7,3
ORD-03651,2026-08-03 00:54:37.852111,BA,Beleza e Saúde,1902.35,10,4
ORD-03652,2026-06-20 00:54:37.852111,PR,Beleza e Saúde,604.57,11,5
ORD-03653,2026-06-22 00:54:37.852111,RJ,Cama Mesa Banho,208.26,6,4
ORD-03654,2026-03-18 00:54:37.852111,RJ,Informática,1660.97,1,4
ORD-03655,2026-03-06 00:54:37.852111,SC,Cama Mesa Banho,1996.91,12,3
ORD-03656,2026-07-30 00:54:37.852111,PE,Beleza e Saúde,1177.94,22,1
ORD-03657,2026-02-16 00:54:37.852111,SP,Esportes,164.68,4,4
ORD-03658,2026-06-21 00:54:37.852111,SC,Cama Mesa Banho,1571.91,13,4
ORD-03659,2025-09-12 00:54:37.852111,RJ,Informática,193.81,7,4
ORD-03660,2026-07-22 00:54:37.852111,RJ,Eletrônicos,1103.03,5,2
ORD-03661,2026-07-14 00:54:37.852111,BA,Cama Mesa Banho,591.19,15,1
ORD-03662,2026-02-03 00:54:37.852111,AM,Móveis,1834.3,13,3
ORD-03663,2025-11-26 00:54:37.852111,SP,Informática,930.1,4,5
ORD-03664,2026-01-20 00:54:37.852111,SC,Móveis,1802.0,11,2
ORD-03665,2026-06-15 00:54:37.852111,BA,Esportes,633.21,16,3
ORD-03666,2025-11-22 00:54:37.852111,PE,Beleza e Saúde,805.36,7,5
ORD-03667,2026-08-01 00:54:37.852111,BA,Cama Mesa Banho,1896.88,24,3
ORD-03668,2026-04-16 00:54:37.852111,SC,Cama Mesa Banho,442.56,10,4
ORD-03669,2025-10-27 00:54:37.852111,CE,Móveis,1178.08,16,3
ORD-03670,2025-09-09 00:54:37.852111,MG,Móveis,807.6,6,2
ORD-03671,2025-12-08 00:54:37.852111,SC,Beleza e Saúde,1559.63,14,5
ORD-03672,2025-08-24 00:54:37.852111,RS,Cama Mesa Banho,302.13,1,4
ORD-03673,2026-04-08 00:54:37.852111,RJ,Beleza e Saúde,902.57,5,3
ORD-03674,2026-05-30 00:54:37.852111,SP,Móveis,1412.92,2,4
ORD-03675,2025-08-17 00:54:37.852111,SP,Eletrônicos,843.68,5,5
ORD-03676,2026-01-21 00:54:37.852111,AM,Móveis,164.14,18,5
ORD-03677,2026-06-25 00:54:37.852111,MG,Informática,1424.97,6,4
ORD-03678,2026-05-26 00:54:37.852111,RS,Móveis,1031.24,8,5
ORD-03679,2025-12-15 00:54:37.852111,RJ,Móveis,72.05,1,5
ORD-03680,2025-08-29 00:54:37.852111,SP,Eletrônicos,1244.68,4,3
ORD-03681,2026-03-12 00:54:37.852111,RS,Beleza e Saúde,1843.77,11,5
ORD-03682,2025-11-12 00:54:37.852111,BA,Informática,266.5,23,1
ORD-03683,2026-05-09 00:54:37.852111,AM,Informática,1201.81,12,5
ORD-03684,2026-01-11 00:54:37.852111,SC,Cama Mesa Banho,1470.9,13,4
ORD-03685,2025-10-23 00:54:37.852111,SC,Eletrônicos,188.01,8,4
ORD-03686,2026-01-16 00:54:37.852111,CE,Esportes,94.1,19,4
ORD-03687,2025-09-04 00:54:37.852111,RJ,Cama Mesa Banho,955.18,3,5
ORD-03688,2026-05-17 00:54:37.852111,RS,Cama Mesa Banho,1592.81,10,3
ORD-03689,2025-10-11 00:54:37.852111,PR,Cama Mesa Banho,363.4,12,2
ORD-03690,2025-11-22 00:54:37.852111,SP,Informática,1681.44,2,3
ORD-03691,2025-09-22 00:54:37.852111,PE,Beleza e Saúde,1330.33,14,5
ORD-03692,2025-09-27 00:54:37.852111,PE,Móveis,697.74,18,2
ORD-03693,2026-03-09 00:54:37.852111,SC,Informática,1055.86,17,4
ORD-03694,2026-03-10 00:54:37.852111,PR,Móveis,1932.87,7,3
ORD-03695,2026-03-27 00:54:37.852111,PE,Móveis,472.05,28,3
ORD-03696,2026-04-14 00:54:37.852111,MG,Esportes,1024.09,9,3
ORD-03697,2026-06-09 00:54:37.852111,MG,Cama Mesa Banho,1267.75,4,3
ORD-03698,2026-04-28 00:54:37.852111,RJ,Esportes,319.13,4,4
ORD-03699,2026-03-19 00:54:37.852111,PR,Cama Mesa Banho,134.87,7,3
ORD-03700,2026-03-29 00:54:37.852111,MG,Informática,76.25,4,5
ORD-03701,2026-03-04 00:54:37.852111,MG,Móveis,683.15,2,5
ORD-03702,2026-05-05 00:54:37.852111,SC,Esportes,194.2,9,4
ORD-03703,2025-09-09 00:54:37.852111,PE,Eletrônicos,1617.35,25,1
ORD-03704,2025-10-10 00:54:37.852111,RJ,Informática,1994.77,3,4
ORD-03705,2026-03-25 00:54:37.852111,RS,Informática,169.54,9,3
ORD-03706,2026-05-22 00:54:37.852111,BA,Eletrônicos,893.82,9,5
ORD-03707,2026-02-17 00:54:37.852111,SP,Cama Mesa Banho,100.18,5,5
ORD-03708,2026-01-27 00:54:37.852111,SP,Móveis,311.28,5,2
ORD-03709,2026-04-23 00:54:37.852111,AM,Cama Mesa Banho,679.7,18,2
ORD-03710,2026-06-18 00:54:37.852111,BA,Cama Mesa Banho,817.71,16,3
ORD-03711,2026-02-15 00:54:37.852111,BA,Informática,1882.58,16,5
ORD-03712,2026-02-08 00:54:37.852111,SP,Cama Mesa Banho,821.88,6,5
ORD-03713,2026-01-07 00:54:37.852111,SP,Beleza e Saúde,1017.74,4,4
ORD-03714,2025-10-01 00:54:37.852111,RS,Eletrônicos,528.89,10,5
ORD-03715,2026-01-08 00:54:37.852111,PR,Eletrônicos,50.24,10,4
ORD-03716,2026-04-15 00:54:37.852111,PR,Móveis,1803.7,13,4
ORD-03717,2026-02-19 00:54:37.852111,RS,Eletrônicos,209.34,12,2
ORD-03718,2026-07-21 00:54:37.852111,PE,Cama Mesa Banho,1930.29,18,1
ORD-03719,2026-01-12 00:54:37.852111,BA,Cama Mesa Banho,305.15,25,1
ORD-03720,2025-12-21 00:54:37.852111,CE,Esportes,1229.51,20,1
ORD-03721,2026-07-31 00:54:37.852111,BA,Móveis,1998.85,24,4
ORD-03722,2026-05-04 00:54:37.852111,AM,Móveis,320.01,21,2
ORD-03723,2026-07-20 00:54:37.852111,SP,Eletrônicos,876.69,1,4
ORD-03724,2025-08-14 00:54:37.852111,BA,Cama Mesa Banho,1571.83,24,2
ORD-03725,2026-08-02 00:54:37.852111,SP,Beleza e Saúde,112.77,5,4
ORD-03726,2025-11-13 00:54:37.852111,BA,Esportes,1395.08,17,3
ORD-03727,2025-11-05 00:54:37.852111,AM,Beleza e Saúde,206.73,19,3
ORD-03728,2026-05-11 00:54:37.852111,PE,Cama Mesa Banho,511.21,16,2
ORD-03729,2026-01-24 00:54:37.852111,CE,Móveis,362.15,19,1
ORD-03730,2026-07-23 00:54:37.852111,MG,Móveis,1819.31,3,5
ORD-03731,2025-09-07 00:54:37.852111,RS,Beleza e Saúde,401.89,13,4
ORD-03732,2026-01-14 00:54:37.852111,RS,Informática,128.85,9,4
ORD-03733,2026-03-26 00:54:37.852111,CE,Cama Mesa Banho,1195.87,16,5
ORD-03734,2025-10-24 00:54:37.852111,BA,Móveis,725.05,13,3
ORD-03735,2025-10-19 00:54:37.852111,MG,Eletrônicos,841.13,5,3
ORD-03736,2026-05-04 00:54:37.852111,AM,Informática,282.17,18,3
ORD-03737,2025-10-13 00:54:37.852111,PR,Móveis,1509.06,11,3
ORD-03738,2025-08-19 00:54:37.852111,BA,Eletrônicos,1223.03,12,4
ORD-03739,2026-07-16 00:54:37.852111,PE,Móveis,760.22,9,3
ORD-03740,2026-07-03 00:54:37.852111,SP,Informática,384.57,6,4
ORD-03741,2025-08-23 00:54:37.852111,RJ,Beleza e Saúde,1207.23,7,5
ORD-03742,2025-10-14 00:54:37.852111,BA,Cama Mesa Banho,1568.26,12,3
ORD-03743,2026-03-20 00:54:37.852111,RJ,Informática,659.17,8,3
ORD-03744,2025-11-30 00:54:37.852111,BA,Informática,100.43,19,3
ORD-03745,2025-12-29 00:54:37.852111,CE,Móveis,467.97,17,2
ORD-03746,2025-12-20 00:54:37.852111,RJ,Eletrônicos,1380.68,4,4
ORD-03747,2025-08-17 00:54:37.852111,BA,Informática,1978.74,11,4
ORD-03748,2026-07-31 00:54:37.852111,RS,Cama Mesa Banho,76.08,12,4
ORD-03749,2026-01-15 00:54:37.852111,RJ,Beleza e Saúde,647.0,3,5
ORD-03750,2025-12-27 00:54:37.852111,BA,Eletrônicos,170.94,14,2
ORD-03751,2026-05-05 00:54:37.852111,PR,Beleza e Saúde,666.88,12,4
ORD-03752,2026-07-13 00:54:37.852111,SP,Beleza e Saúde,841.53,1,4
ORD-03753,2026-07-28 00:54:37.852111,PR,Cama Mesa Banho,1845.68,5,4
ORD-03754,2026-03-29 00:54:37.852111,MG,Móveis,207.09,4,5
ORD-03755,2025-09-18 00:54:37.852111,BA,Eletrônicos,1565.41,19,2
ORD-03756,2026-02-28 00:54:37.852111,SC,Eletrônicos,821.29,11,4
ORD-03757,2025-10-07 00:54:37.852111,PE,Cama Mesa Banho,1631.96,16,3
ORD-03758,2026-05-05 00:54:37.852111,PR,Eletrônicos,1051.13,17,2
ORD-03759,2026-04-26 00:54:37.852111,RJ,Informática,126.6,4,5
ORD-03760,2025-09-04 00:54:37.852111,CE,Esportes,1895.1,16,3
ORD-03761,2026-02-21 00:54:37.852111,PE,Esportes,211.33,14,1
ORD-03762,2025-12-19 00:54:37.852111,SC,Esportes,1215.48,10,4
ORD-03763,2026-03-04 00:54:37.852111,AM,Beleza e Saúde,1761.45,21,1
ORD-03764,2026-01-09 00:54:37.852111,BA,Eletrônicos,205.55,24,3
ORD-03765,2025-11-22 00:54:37.852111,CE,Cama Mesa Banho,1130.09,10,2
ORD-03766,2025-11-23 00:54:37.852111,BA,Eletrônicos,1657.37,16,2
ORD-03767,2025-10-25 00:54:37.852111,MG,Cama Mesa Banho,1973.33,5,5
ORD-03768,2025-11-12 00:54:37.852111,SC,Eletrônicos,1462.44,11,3
ORD-03769,2026-08-10 00:54:37.852111,BA,Beleza e Saúde,592.75,18,3
ORD-03770,2026-07-16 00:54:37.852111,RJ,Informática,1414.16,6,3
ORD-03771,2025-09-21 00:54:37.852111,MG,Esportes,1426.25,3,5
ORD-03772,2026-03-17 00:54:37.852111,RS,Esportes,1414.93,14,4
ORD-03773,2026-07-16 00:54:37.852111,AM,Eletrônicos,1715.81,22,3
ORD-03774,2025-10-07 00:54:37.852111,SC,Beleza e Saúde,220.39,5,5
ORD-03775,2026-06-09 00:54:37.852111,SP,Esportes,261.42,2,5
ORD-03776,2025-08-22 00:54:37.852111,CE,Eletrônicos,1299.2,12,2
ORD-03777,2026-07-23 00:54:37.852111,PR,Móveis,1910.07,12,3
ORD-03778,2025-12-04 00:54:37.852111,BA,Eletrônicos,958.39,11,5
ORD-03779,2025-12-21 00:54:37.852111,CE,Cama Mesa Banho,1923.1,16,4
ORD-03780,2025-12-29 00:54:37.852111,CE,Esportes,1879.27,20,2
ORD-03781,2026-07-31 00:54:37.852111,SP,Esportes,1810.67,4,2
ORD-03782,2025-10-04 00:54:37.852111,SP,Móveis,1824.21,5,4
ORD-03783,2026-06-25 00:54:37.852111,MG,Informática,1801.72,2,4
ORD-03784,2026-04-17 00:54:37.852111,SC,Eletrônicos,1648.78,11,3
ORD-03785,2026-06-20 00:54:37.852111,RJ,Informática,1405.21,3,5
ORD-03786,2026-03-28 00:54:37.852111,AM,Eletrônicos,97.6,16,4
ORD-03787,2026-06-21 00:54:37.852111,SP,Móveis,307.89,5,5
ORD-03788,2026-06-30 00:54:37.852111,SP,Informática,311.75,5,5
ORD-03789,2025-10-14 00:54:37.852111,PR,Beleza e Saúde,95.9,10,2
ORD-03790,2026-06-21 00:54:37.852111,RS,Móveis,277.57,7,4
ORD-03791,2026-05-31 00:54:37.852111,SP,Eletrônicos,1843.51,4,5
ORD-03792,2026-06-28 00:54:37.852111,RS,Cama Mesa Banho,1344.42,10,4
ORD-03793,2026-07-31 00:54:37.852111,MG,Cama Mesa Banho,658.54,2,5
ORD-03794,2026-03-01 00:54:37.852111,RJ,Cama Mesa Banho,1597.05,4,5
ORD-03795,2026-05-03 00:54:37.852111,CE,Eletrônicos,1002.32,19,3
ORD-03796,2025-11-06 00:54:37.852111,SP,Esportes,327.15,2,2
ORD-03797,2025-11-28 00:54:37.852111,BA,Móveis,1774.78,23,1
ORD-03798,2025-09-10 00:54:37.852111,RS,Móveis,710.39,13,3
ORD-03799,2025-08-22 00:54:37.852111,PR,Informática,1412.78,6,5
ORD-03800,2026-03-28 00:54:37.852111,AM,Móveis,616.66,24,2
ORD-03801,2026-03-03 00:54:37.852111,PR,Móveis,1025.14,9,2
ORD-03802,2026-04-24 00:54:37.852111,SP,Informática,1641.69,5,5
ORD-03803,2026-05-03 00:54:37.852111,SC,Móveis,355.72,8,3
ORD-03804,2026-07-27 00:54:37.852111,CE,Móveis,1955.64,22,1
ORD-03805,2025-11-18 00:54:37.852111,RJ,Beleza e Saúde,186.92,5,3
ORD-03806,2026-02-12 00:54:37.852111,BA,Eletrônicos,1091.32,13,4
ORD-03807,2026-07-20 00:54:37.852111,SC,Informática,1836.25,6,5
ORD-03808,2026-07-15 00:54:37.852111,PR,Beleza e Saúde,1894.1,5,5
ORD-03809,2026-02-23 00:54:37.852111,RS,Esportes,502.61,10,4
ORD-03810,2025-12-28 00:54:37.852111,RS,Informática,330.77,11,4
ORD-03811,2026-02-06 00:54:37.852111,SC,Eletrônicos,1462.59,11,4
ORD-03812,2025-09-01 00:54:37.852111,RS,Móveis,131.85,9,4
ORD-03813,2025-12-26 00:54:37.852111,PR,Móveis,996.22,6,2
ORD-03814,2025-09-26 00:54:37.852111,SC,Beleza e Saúde,1602.89,7,4
ORD-03815,2025-09-07 00:54:37.852111,PR,Beleza e Saúde,1142.5,13,2
ORD-03816,2026-04-16 00:54:37.852111,BA,Esportes,416.63,15,4
ORD-03817,2026-03-10 00:54:37.852111,CE,Esportes,999.74,18,2
ORD-03818,2025-11-14 00:54:37.852111,AM,Eletrônicos,1846.49,12,3
ORD-03819,2026-02-19 00:54:37.852111,BA,Móveis,1253.57,19,1
ORD-03820,2026-05-01 00:54:37.852111,BA,Cama Mesa Banho,1456.91,15,4
ORD-03821,2026-05-13 00:54:37.852111,RS,Esportes,705.71,13,4
ORD-03822,2026-02-08 00:54:37.852111,SP,Móveis,417.54,6,5
ORD-03823,2025-11-03 00:54:37.852111,PE,Esportes,548.5,15,2
ORD-03824,2026-02-13 00:54:37.852111,RS,Informática,1089.7,9,3
ORD-03825,2026-02-24 00:54:37.852111,SP,Beleza e Saúde,596.43,3,5
ORD-03826,2026-02-07 00:54:37.852111,PR,Móveis,1106.83,5,4
ORD-03827,2026-02-19 00:54:37.852111,PE,Esportes,1430.19,13,4
ORD-03828,2026-01-03 00:54:37.852111,RS,Beleza e Saúde,1482.07,10,1
ORD-03829,2025-12-23 00:54:37.852111,PE,Cama Mesa Banho,371.14,19,2
ORD-03830,2026-03-04 00:54:37.852111,PE,Esportes,1513.34,18,4
ORD-03831,2026-04-01 00:54:37.852111,MG,Móveis,1361.74,4,5
ORD-03832,2026-01-01 00:54:37.852111,CE,Informática,73.41,22,2
ORD-03833,2026-03-13 00:54:37.852111,MG,Beleza e Saúde,164.8,5,5
ORD-03834,2026-07-11 00:54:37.852111,SP,Beleza e Saúde,1310.19,6,2
ORD-03835,2026-06-19 00:54:37.852111,RJ,Informática,798.22,1,4
ORD-03836,2026-08-06 00:54:37.852111,SC,Móveis,334.9,1,4
ORD-03837,2025-12-12 00:54:37.852111,AM,Eletrônicos,136.57,19,3
ORD-03838,2025-10-04 00:54:37.852111,RJ,Cama Mesa Banho,360.83,2,5
ORD-03839,2026-04-09 00:54:37.852111,SC,Eletrônicos,1917.15,9,3
ORD-03840,2026-08-01 00:54:37.852111,SP,Informática,1468.75,4,5
ORD-03841,2026-07-28 00:54:37.852111,SP,Cama Mesa Banho,1079.03,8,3
ORD-03842,2026-01-17 00:54:37.852111,PR,Móveis,1886.0,11,5
ORD-03843,2026-07-01 00:54:37.852111,AM,Esportes,1257.27,18,1
ORD-03844,2026-03-31 00:54:37.852111,CE,Esportes,1465.01,22,2
ORD-03845,2025-12-28 00:54:37.852111,PE,Eletrônicos,601.17,19,2
ORD-03846,2026-04-24 00:54:37.852111,MG,Móveis,1198.51,4,5
ORD-03847,2025-10-10 00:54:37.852111,MG,Cama Mesa Banho,329.78,7,3
ORD-03848,2026-03-06 00:54:37.852111,SP,Eletrônicos,838.74,2,5
ORD-03849,2025-09-16 00:54:37.852111,MG,Informática,114.82,5,5
ORD-03850,2025-11-22 00:54:37.852111,SP,Eletrônicos,472.42,1,5
ORD-03851,2025-12-31 00:54:37.852111,PE,Móveis,195.99,19,3
ORD-03852,2026-01-08 00:54:37.852111,SP,Móveis,806.17,5,4
ORD-03853,2026-06-29 00:54:37.852111,PR,Esportes,1693.92,15,2
ORD-03854,2026-01-11 00:54:37.852111,CE,Informática,786.97,10,3
ORD-03855,2026-06-15 00:54:37.852111,BA,Esportes,1671.7,14,3
ORD-03856,2026-04-03 00:54:37.852111,RS,Cama Mesa Banho,1330.17,12,4
ORD-03857,2026-05-01 00:54:37.852111,CE,Cama Mesa Banho,1043.58,19,2
ORD-03858,2026-01-30 00:54:37.852111,CE,Beleza e Saúde,511.94,18,2
ORD-03859,2026-03-09 00:54:37.852111,RJ,Móveis,1848.2,3,3
ORD-03860,2026-05-07 00:54:37.852111,AM,Informática,155.69,15,4
ORD-03861,2025-12-30 00:54:37.852111,AM,Informática,1393.38,24,2
ORD-03862,2026-01-20 00:54:37.852111,SC,Esportes,1261.42,9,5
ORD-03863,2026-05-26 00:54:37.852111,RS,Eletrônicos,910.03,11,3
ORD-03864,2026-04-11 00:54:37.852111,PE,Eletrônicos,518.63,17,1
ORD-03865,2026-01-07 00:54:37.852111,BA,Esportes,889.86,12,3
ORD-03866,2026-08-09 00:54:37.852111,BA,Eletrônicos,1751.91,22,2
ORD-03867,2026-05-15 00:54:37.852111,AM,Informática,1681.69,20,3
ORD-03868,2026-05-01 00:54:37.852111,CE,Esportes,1885.69,29,1
ORD-03869,2026-04-16 00:54:37.852111,PR,Eletrônicos,650.2,6,4
ORD-03870,2026-04-02 00:54:37.852111,SC,Beleza e Saúde,804.85,12,4
ORD-03871,2025-10-05 00:54:37.852111,SP,Móveis,86.52,2,4
ORD-03872,2026-05-09 00:54:37.852111,SC,Beleza e Saúde,1888.75,10,4
ORD-03873,2025-09-16 00:54:37.852111,RJ,Eletrônicos,692.31,6,4
ORD-03874,2026-03-23 00:54:37.852111,SC,Cama Mesa Banho,838.12,3,4
ORD-03875,2025-10-29 00:54:37.852111,CE,Informática,1820.22,16,2
ORD-03876,2026-07-16 00:54:37.852111,PE,Beleza e Saúde,1076.87,15,2
ORD-03877,2025-11-08 00:54:37.852111,CE,Beleza e Saúde,1154.04,14,4
ORD-03878,2025-12-23 00:54:37.852111,AM,Esportes,393.65,19,2
ORD-03879,2026-07-27 00:54:37.852111,PE,Esportes,1022.39,23,1
ORD-03880,2026-06-15 00:54:37.852111,MG,Esportes,1840.51,4,5
ORD-03881,2026-05-15 00:54:37.852111,PE,Eletrônicos,1139.5,19,3
ORD-03882,2026-01-26 00:54:37.852111,SC,Cama Mesa Banho,547.48,10,2
ORD-03883,2025-08-16 00:54:37.852111,SC,Beleza e Saúde,110.8,10,3
ORD-03884,2026-07-18 00:54:37.852111,SC,Móveis,705.79,6,4
ORD-03885,2026-07-19 00:54:37.852111,MG,Esportes,1166.55,7,4
ORD-03886,2025-10-16 00:54:37.852111,AM,Cama Mesa Banho,133.1,19,1
ORD-03887,2025-09-08 00:54:37.852111,SP,Eletrônicos,1239.1,5,5
ORD-03888,2025-11-19 00:54:37.852111,RS,Cama Mesa Banho,1070.66,7,5
ORD-03889,2026-02-13 00:54:37.852111,AM,Esportes,1577.7,15,3
ORD-03890,2025-08-18 00:54:37.852111,SC,Informática,106.33,9,5
ORD-03891,2026-06-06 00:54:37.852111,AM,Beleza e Saúde,1572.65,10,4
ORD-03892,2025-08-27 00:54:37.852111,RJ,Esportes,1065.71,1,5
ORD-03893,2025-09-26 00:54:37.852111,BA,Móveis,772.53,14,5
ORD-03894,2026-06-25 00:54:37.852111,BA,Beleza e Saúde,1932.5,20,3
ORD-03895,2026-02-19 00:54:37.852111,RS,Cama Mesa Banho,362.23,8,3
ORD-03896,2026-06-22 00:54:37.852111,RS,Móveis,1105.58,6,5
ORD-03897,2026-05-03 00:54:37.852111,SP,Beleza e Saúde,675.91,3,4
ORD-03898,2026-01-09 00:54:37.852111,RJ,Móveis,1078.6,4,5
ORD-03899,2026-02-06 00:54:37.852111,CE,Cama Mesa Banho,1126.94,16,3
ORD-03900,2026-06-17 00:54:37.852111,AM,Esportes,224.42,28,1
ORD-03901,2026-06-27 00:54:37.852111,PE,Móveis,1339.21,23,2
ORD-03902,2026-03-07 00:54:37.852111,PE,Esportes,1287.24,23,2
ORD-03903,2026-02-20 00:54:37.852111,CE,Cama Mesa Banho,1550.46,23,1
ORD-03904,2025-12-14 00:54:37.852111,BA,Cama Mesa Banho,226.78,13,3
ORD-03905,2025-11-04 00:54:37.852111,CE,Móveis,629.65,11,4
ORD-03906,2025-12-15 00:54:37.852111,AM,Móveis,1317.72,12,3
ORD-03907,2026-08-08 00:54:37.852111,RJ,Cama Mesa Banho,316.63,7,4
ORD-03908,2026-05-21 00:54:37.852111,SC,Móveis,1371.32,8,5
ORD-03909,2025-10-09 00:54:37.852111,MG,Móveis,165.1,2,5
ORD-03910,2025-08-17 00:54:37.852111,SC,Móveis,703.12,8,4
ORD-03911,2025-12-08 00:54:37.852111,MG,Eletrônicos,1701.09,4,3
ORD-03912,2026-06-20 00:54:37.852111,PE,Móveis,1559.87,19,3
ORD-03913,2026-03-05 00:54:37.852111,RS,Beleza e Saúde,1307.28,10,4
ORD-03914,2025-12-30 00:54:37.852111,AM,Cama Mesa Banho,1747.39,13,4
ORD-03915,2026-07-29 00:54:37.852111,SC,Cama Mesa Banho,1433.08,12,3
ORD-03916,2026-01-01 00:54:37.852111,CE,Informática,1062.78,14,1
ORD-03917,2026-06-13 00:54:37.852111,RJ,Esportes,1960.45,4,3
ORD-03918,2026-04-13 00:54:37.852111,RJ,Informática,1404.97,6,5
ORD-03919,2025-11-09 00:54:37.852111,BA,Móveis,1222.67,14,2
ORD-03920,2026-06-28 00:54:37.852111,RJ,Móveis,847.3,3,5
ORD-03921,2025-10-23 00:54:37.852111,RJ,Beleza e Saúde,1809.7,6,4
ORD-03922,2026-06-12 00:54:37.852111,RS,Beleza e Saúde,626.63,7,4
ORD-03923,2026-05-19 00:54:37.852111,CE,Beleza e Saúde,67.98,16,3
ORD-03924,2026-01-15 00:54:37.852111,PE,Beleza e Saúde,433.64,20,1
ORD-03925,2026-05-27 00:54:37.852111,RJ,Beleza e Saúde,263.56,9,4
ORD-03926,2026-01-23 00:54:37.852111,PE,Beleza e Saúde,672.04,21,1
ORD-03927,2025-10-15 00:54:37.852111,RS,Beleza e Saúde,1660.46,11,3
ORD-03928,2026-01-02 00:54:37.852111,RJ,Beleza e Saúde,1320.48,6,4
ORD-03929,2026-01-03 00:54:37.852111,AM,Eletrônicos,379.51,12,3
ORD-03930,2026-08-10 00:54:37.852111,BA,Beleza e Saúde,1588.2,18,3
ORD-03931,2026-08-07 00:54:37.852111,SC,Cama Mesa Banho,1033.23,9,4
ORD-03932,2026-05-12 00:54:37.852111,AM,Beleza e Saúde,1049.79,19,3
ORD-03933,2026-08-05 00:54:37.852111,PR,Esportes,756.12,10,5
ORD-03934,2025-12-21 00:54:37.852111,SP,Beleza e Saúde,1736.0,5,5
ORD-03935,2026-04-27 00:54:37.852111,RJ,Eletrônicos,670.74,4,5
ORD-03936,2026-03-05 00:54:37.852111,PE,Móveis,233.57,18,3
ORD-03937,2026-01-16 00:54:37.852111,SP,Eletrônicos,640.32,2,5
ORD-03938,2025-12-16 00:54:37.852111,MG,Eletrônicos,1444.94,4,5
ORD-03939,2025-09-16 00:54:37.852111,RJ,Móveis,1332.28,7,5
ORD-03940,2025-09-14 00:54:37.852111,PR,Beleza e Saúde,416.63,10,4
ORD-03941,2026-06-24 00:54:37.852111,RS,Beleza e Saúde,267.98,9,3
ORD-03942,2026-08-02 00:54:37.852111,BA,Móveis,1338.69,27,2
ORD-03943,2025-08-27 00:54:37.852111,PR,Esportes,1368.93,5,4
ORD-03944,2026-03-10 00:54:37.852111,PE,Informática,763.99,12,3
ORD-03945,2026-06-04 00:54:37.852111,RS,Cama Mesa Banho,1693.46,15,2
ORD-03946,2026-02-25 00:54:37.852111,SC,Móveis,1957.5,10,4
ORD-03947,2025-11-14 00:54:37.852111,RS,Beleza e Saúde,451.01,9,5
ORD-03948,2026-06-06 00:54:37.852111,RJ,Cama Mesa Banho,1175.28,2,5
ORD-03949,2025-08-23 00:54:37.852111,SP,Beleza e Saúde,60.43,5,5
ORD-03950,2025-12-04 00:54:37.852111,SP,Informática,1440.46,6,5
ORD-03951,2026-06-26 00:54:37.852111,PE,Informática,857.85,12,5
ORD-03952,2026-02-10 00:54:37.852111,RS,Móveis,426.87,9,4
ORD-03953,2025-09-27 00:54:37.852111,PR,Cama Mesa Banho,1516.83,8,3
ORD-03954,2026-02-07 00:54:37.852111,PE,Eletrônicos,1630.77,19,4
ORD-03955,2026-05-15 00:54:37.852111,BA,Cama Mesa Banho,266.77,12,3
ORD-03956,2025-09-15 00:54:37.852111,PE,Eletrônicos,129.94,24,1
ORD-03957,2026-03-27 00:54:37.852111,PE,Informática,701.45,22,1
ORD-03958,2025-08-21 00:54:37.852111,SC,Beleza e Saúde,1270.68,8,4
ORD-03959,2026-05-16 00:54:37.852111,AM,Eletrônicos,1597.17,16,1
ORD-03960,2025-11-12 00:54:37.852111,RJ,Eletrônicos,1114.82,4,4
ORD-03961,2026-07-25 00:54:37.852111,SC,Móveis,1182.46,7,5
ORD-03962,2025-10-06 00:54:37.852111,SP,Esportes,1609.72,4,5
ORD-03963,2025-08-20 00:54:37.852111,SP,Informática,1081.24,4,4
ORD-03964,2026-03-12 00:54:37.852111,MG,Eletrônicos,1241.75,8,4
ORD-03965,2025-11-26 00:54:37.852111,MG,Informática,1056.62,6,3
ORD-03966,2026-04-27 00:54:37.852111,PR,Móveis,1766.89,12,3
ORD-03967,2025-11-01 00:54:37.852111,SP,Beleza e Saúde,509.26,5,5
ORD-03968,2026-06-15 00:54:37.852111,AM,Cama Mesa Banho,564.79,12,3
ORD-03969,2026-04-10 00:54:37.852111,SC,Informática,299.52,9,3
ORD-03970,2025-08-24 00:54:37.852111,BA,Móveis,1647.96,22,1
ORD-03971,2025-11-13 00:54:37.852111,AM,Móveis,852.97,11,5
ORD-03972,2026-04-28 00:54:37.852111,MG,Móveis,728.39,6,5
ORD-03973,2025-10-18 00:54:37.852111,RS,Cama Mesa Banho,1963.63,16,4
ORD-03974,2025-12-11 00:54:37.852111,AM,Informática,1857.27,23,3
ORD-03975,2025-09-11 00:54:37.852111,AM,Eletrônicos,1945.38,25,1
ORD-03976,2025-12-09 00:54:37.852111,AM,Móveis,327.48,19,2
ORD-03977,2026-08-05 00:54:37.852111,AM,Cama Mesa Banho,1787.94,22,1
ORD-03978,2026-03-25 00:54:37.852111,AM,Beleza e Saúde,690.98,14,5
ORD-03979,2025-08-16 00:54:37.852111,MG,Esportes,74.68,6,4
ORD-03980,2026-08-05 00:54:37.852111,SP,Informática,813.03,6,5
ORD-03981,2025-08-26 00:54:37.852111,PE,Cama Mesa Banho,1042.93,19,1
ORD-03982,2026-05-11 00:54:37.852111,AM,Esportes,261.03,24,3
ORD-03983,2025-09-26 00:54:37.852111,AM,Esportes,1098.47,15,5
ORD-03984,2026-07-05 00:54:37.852111,RJ,Cama Mesa Banho,1647.95,4,4
ORD-03985,2026-05-24 00:54:37.852111,SP,Eletrônicos,786.42,5,3
ORD-03986,2026-02-07 00:54:37.852111,PE,Eletrônicos,737.66,12,3
ORD-03987,2026-05-21 00:54:37.852111,BA,Cama Mesa Banho,710.68,19,1
ORD-03988,2026-05-17 00:54:37.852111,BA,Cama Mesa Banho,1850.03,9,4
ORD-03989,2025-12-14 00:54:37.852111,RS,Móveis,145.08,13,4
ORD-03990,2025-09-05 00:54:37.852111,CE,Beleza e Saúde,917.9,18,2
ORD-03991,2026-05-12 00:54:37.852111,SC,Eletrônicos,565.97,8,4
ORD-03992,2026-05-19 00:54:37.852111,RJ,Móveis,1792.92,3,5
ORD-03993,2026-06-30 00:54:37.852111,SP,Esportes,237.3,4,5
ORD-03994,2026-03-29 00:54:37.852111,SP,Esportes,852.31,6,2
ORD-03995,2026-05-31 00:54:37.852111,CE,Esportes,843.29,20,2
ORD-03996,2026-07-08 00:54:37.852111,RS,Cama Mesa Banho,1782.37,7,5
ORD-03997,2026-05-04 00:54:37.852111,PR,Informática,470.21,7,3
ORD-03998,2026-03-10 00:54:37.852111,MG,Móveis,1307.55,6,4
ORD-03999,2025-12-01 00:54:37.852111,RS,Informática,312.09,7,5
ORD-04000,2026-02-23 00:54:37.852111,PE,Beleza e Saúde,1910.25,18,4
ORD-04001,2026-01-09 00:54:37.852111,RS,Beleza e Saúde,1206.38,10,3
ORD-04002,2026-02-24 00:54:37.852111,CE,Móveis,1271.2,19,2
ORD-04003,2025-12-04 00:54:37.852111,CE,Esportes,895.86,22,2
ORD-04004,2025-08-18 00:54:37.852111,SC,Eletrônicos,717.45,6,3
ORD-04005,2025-09-25 00:54:37.852111,RJ,Beleza e Saúde,464.72,1,5
ORD-04006,2026-06-19 00:54:37.852111,AM,Informática,1227.78,15,3
ORD-04007,2026-05-14 00:54:37.852111,BA,Informática,1911.4,27,1
ORD-04008,2025-11-08 00:54:37.852111,CE,Eletrônicos,751.59,28,1
ORD-04009,2026-05-04 00:54:37.852111,SC,Cama Mesa Banho,1772.16,15,2
ORD-04010,2026-03-11 00:54:37.852111,MG,Esportes,340.11,4,4
ORD-04011,2025-08-29 00:54:37.852111,BA,Cama Mesa Banho,1875.45,9,5
ORD-04012,2025-08-14 00:54:37.852111,PR,Móveis,733.45,2,5
ORD-04013,2026-03-25 00:54:37.852111,SP,Beleza e Saúde,790.47,3,4
ORD-04014,2026-02-21 00:54:37.852111,MG,Eletrônicos,952.54,4,5
ORD-04015,2026-08-03 00:54:37.852111,PR,Eletrônicos,1450.58,13,3
ORD-04016,2025-12-28 00:54:37.852111,BA,Eletrônicos,1453.32,22,4
ORD-04017,2025-11-21 00:54:37.852111,MG,Cama Mesa Banho,985.2,5,4
ORD-04018,2025-12-08 00:54:37.852111,SC,Cama Mesa Banho,1070.15,7,5
ORD-04019,2025-12-09 00:54:37.852111,PR,Móveis,108.52,7,3
ORD-04020,2026-03-11 00:54:37.852111,SP,Informática,643.38,5,5
ORD-04021,2026-07-10 00:54:37.852111,AM,Informática,724.73,21,2
ORD-04022,2026-04-06 00:54:37.852111,SC,Móveis,1139.52,11,3
ORD-04023,2026-03-06 00:54:37.852111,PE,Eletrônicos,1138.68,12,3
ORD-04024,2026-05-16 00:54:37.852111,SP,Informática,1434.3,6,4
ORD-04025,2026-05-12 00:54:37.852111,RJ,Móveis,1448.2,5,5
ORD-04026,2025-09-20 00:54:37.852111,RS,Informática,508.66,6,5
ORD-04027,2025-12-15 00:54:37.852111,RJ,Móveis,1551.86,3,4
ORD-04028,2025-09-24 00:54:37.852111,CE,Informática,88.23,21,2
ORD-04029,2026-04-18 00:54:37.852111,AM,Eletrônicos,1446.52,16,3
ORD-04030,2026-05-11 00:54:37.852111,PE,Cama Mesa Banho,249.02,25,2
ORD-04031,2026-03-03 00:54:37.852111,PE,Cama Mesa Banho,1472.81,20,2
ORD-04032,2026-05-06 00:54:37.852111,RS,Eletrônicos,1077.88,8,4
ORD-04033,2026-04-22 00:54:37.852111,PR,Informática,902.65,9,5
ORD-04034,2025-08-19 00:54:37.852111,RS,Eletrônicos,1396.8,10,4
ORD-04035,2026-05-14 00:54:37.852111,CE,Móveis,120.92,14,4
ORD-04036,2025-09-01 00:54:37.852111,RJ,Cama Mesa Banho,485.77,3,5
ORD-04037,2026-01-19 00:54:37.852111,PE,Beleza e Saúde,1252.06,21,2
ORD-04038,2026-07-27 00:54:37.852111,RJ,Informática,1702.07,6,5
ORD-04039,2025-11-12 00:54:37.852111,SP,Beleza e Saúde,793.16,6,4
ORD-04040,2026-02-21 00:54:37.852111,AM,Beleza e Saúde,554.58,25,2
ORD-04041,2026-04-19 00:54:37.852111,MG,Esportes,1061.54,3,4
ORD-04042,2025-08-29 00:54:37.852111,CE,Beleza e Saúde,1263.51,26,1
ORD-04043,2026-02-13 00:54:37.852111,MG,Beleza e Saúde,869.2,3,5
ORD-04044,2026-05-14 00:54:37.852111,CE,Eletrônicos,1759.59,12,2
ORD-04045,2026-05-23 00:54:37.852111,BA,Esportes,1070.71,9,4
ORD-04046,2025-09-23 00:54:37.852111,AM,Esportes,119.86,15,2
ORD-04047,2026-04-21 00:54:37.852111,SP,Esportes,484.96,3,4
ORD-04048,2025-11-29 00:54:37.852111,AM,Móveis,928.76,20,1
ORD-04049,2026-06-16 00:54:37.852111,PR,Esportes,1410.56,10,5
ORD-04050,2026-03-12 00:54:37.852111,CE,Eletrônicos,478.52,12,2
ORD-04051,2025-08-13 00:54:37.852111,MG,Móveis,1953.7,4,4
ORD-04052,2026-04-19 00:54:37.852111,CE,Informática,671.19,16,4
ORD-04053,2025-09-04 00:54:37.852111,PR,Móveis,1088.34,4,5
ORD-04054,2025-11-20 00:54:37.852111,CE,Informática,86.98,13,4
ORD-04055,2025-10-02 00:54:37.852111,AM,Esportes,1775.54,14,3
ORD-04056,2026-01-22 00:54:37.852111,SC,Esportes,1588.23,14,4
ORD-04057,2026-07-03 00:54:37.852111,CE,Informática,431.14,18,3
ORD-04058,2026-04-30 00:54:37.852111,BA,Cama Mesa Banho,1869.81,21,2
ORD-04059,2026-02-01 00:54:37.852111,BA,Eletrônicos,665.89,10,4
ORD-04060,2025-11-08 00:54:37.852111,PE,Móveis,1399.76,23,1
ORD-04061,2025-08-24 00:54:37.852111,BA,Eletrônicos,1647.0,24,1
ORD-04062,2025-12-19 00:54:37.852111,CE,Eletrônicos,1494.78,8,5
ORD-04063,2026-01-04 00:54:37.852111,CE,Beleza e Saúde,1839.29,14,4
ORD-04064,2026-06-06 00:54:37.852111,SC,Esportes,1735.34,11,3
ORD-04065,2026-01-28 00:54:37.852111,BA,Móveis,1989.49,21,2
ORD-04066,2025-11-30 00:54:37.852111,RJ,Eletrônicos,406.09,3,4
ORD-04067,2026-03-27 00:54:37.852111,CE,Móveis,644.29,16,3
ORD-04068,2025-10-05 00:54:37.852111,SP,Eletrônicos,1290.64,3,5
ORD-04069,2026-03-17 00:54:37.852111,SP,Esportes,1479.44,5,5
ORD-04070,2026-05-06 00:54:37.852111,MG,Eletrônicos,1092.48,7,3
ORD-04071,2026-05-29 00:54:37.852111,SC,Informática,194.16,7,3
ORD-04072,2025-11-04 00:54:37.852111,PR,Esportes,1691.11,13,4
ORD-04073,2026-04-26 00:54:37.852111,RJ,Móveis,1923.7,3,4
ORD-04074,2026-02-06 00:54:37.852111,CE,Cama Mesa Banho,840.76,13,2
ORD-04075,2026-01-26 00:54:37.852111,AM,Eletrônicos,488.38,22,1
ORD-04076,2025-10-14 00:54:37.852111,RS,Informática,87.66,12,3
ORD-04077,2025-09-20 00:54:37.852111,RS,Esportes,512.73,12,5
ORD-04078,2026-03-12 00:54:37.852111,PR,Beleza e Saúde,1414.84,6,5
ORD-04079,2026-07-04 00:54:37.852111,PE,Esportes,1827.6,15,4
ORD-04080,2026-04-02 00:54:37.852111,AM,Móveis,232.35,22,3
ORD-04081,2026-04-03 00:54:37.852111,RS,Móveis,1128.86,10,5
ORD-04082,2025-11-07 00:54:37.852111,PR,Beleza e Saúde,1406.29,6,3
ORD-04083,2025-08-16 00:54:37.852111,RS,Informática,588.94,11,3
ORD-04084,2026-05-21 00:54:37.852111,SC,Móveis,1161.3,7,3
ORD-04085,2025-12-14 00:54:37.852111,MG,Informática,1444.73,8,4
ORD-04086,2026-04-19 00:54:37.852111,PE,Informática,1683.55,25,2
ORD-04087,2026-04-26 00:54:37.852111,SC,Esportes,932.37,11,4
ORD-04088,2026-01-04 00:54:37.852111,AM,Informática,1508.32,24,3
ORD-04089,2026-07-03 00:54:37.852111,PR,Eletrônicos,638.48,10,2
ORD-04090,2026-03-19 00:54:37.852111,RJ,Móveis,465.44,6,5
ORD-04091,2026-04-23 00:54:37.852111,AM,Móveis,415.26,25,1
ORD-04092,2026-05-02 00:54:37.852111,AM,Cama Mesa Banho,749.8,19,2
ORD-04093,2026-06-28 00:54:37.852111,BA,Informática,119.97,16,3
ORD-04094,2025-09-23 00:54:37.852111,RJ,Cama Mesa Banho,601.83,1,5
ORD-04095,2025-11-15 00:54:37.852111,SP,Esportes,1321.83,4,5
ORD-04096,2026-01-30 00:54:37.852111,BA,Cama Mesa Banho,1313.44,22,1
ORD-04097,2025-11-06 00:54:37.852111,PR,Informática,193.43,12,2
ORD-04098,2025-11-03 00:54:37.852111,SP,Móveis,610.46,6,5
ORD-04099,2026-07-04 00:54:37.852111,RS,Esportes,1160.64,8,5
ORD-04100,2026-02-05 00:54:37.852111,RS,Informática,671.18,4,3
ORD-04101,2026-03-02 00:54:37.852111,AM,Esportes,865.08,15,4
ORD-04102,2026-07-20 00:54:37.852111,BA,Beleza e Saúde,1439.98,16,3
ORD-04103,2026-07-20 00:54:37.852111,CE,Informática,68.07,16,1
ORD-04104,2026-08-09 00:54:37.852111,RJ,Beleza e Saúde,588.97,6,3
ORD-04105,2025-09-24 00:54:37.852111,SP,Cama Mesa Banho,327.63,8,4
ORD-04106,2025-10-27 00:54:37.852111,RJ,Informática,298.84,5,4
ORD-04107,2026-02-13 00:54:37.852111,BA,Beleza e Saúde,1920.13,16,1
ORD-04108,2025-12-08 00:54:37.852111,AM,Eletrônicos,784.29,16,1
ORD-04109,2026-04-19 00:54:37.852111,SC,Móveis,1077.82,10,3
ORD-04110,2025-11-07 00:54:37.852111,RS,Cama Mesa Banho,1480.95,7,4
ORD-04111,2025-08-13 00:54:37.852111,SP,Informática,142.52,5,4
ORD-04112,2026-06-05 00:54:37.852111,SP,Informática,519.99,5,4
ORD-04113,2025-08-27 00:54:37.852111,PR,Móveis,1672.69,10,4
ORD-04114,2025-12-02 00:54:37.852111,SP,Móveis,1730.88,5,5
ORD-04115,2026-02-13 00:54:37.852111,BA,Beleza e Saúde,777.25,20,3
ORD-04116,2025-09-29 00:54:37.852111,SP,Beleza e Saúde,780.98,1,5
ORD-04117,2026-02-25 00:54:37.852111,SP,Beleza e Saúde,1525.95,6,5
ORD-04118,2025-10-04 00:54:37.852111,RJ,Esportes,625.39,3,4
ORD-04119,2025-12-07 00:54:37.852111,AM,Cama Mesa Banho,278.33,12,3
ORD-04120,2026-02-06 00:54:37.852111,MG,Informática,552.19,2,5
ORD-04121,2026-06-20 00:54:37.852111,SP,Cama Mesa Banho,805.32,5,3
ORD-04122,2025-09-21 00:54:37.852111,CE,Móveis,151.8,16,2
ORD-04123,2025-08-21 00:54:37.852111,AM,Eletrônicos,983.43,9,2
ORD-04124,2025-10-04 00:54:37.852111,PE,Cama Mesa Banho,1493.01,20,4
ORD-04125,2026-03-28 00:54:37.852111,PR,Cama Mesa Banho,1051.8,5,3
ORD-04126,2026-02-26 00:54:37.852111,RJ,Beleza e Saúde,190.2,5,5
ORD-04127,2026-05-02 00:54:37.852111,PR,Móveis,908.29,10,4
ORD-04128,2026-05-20 00:54:37.852111,SC,Cama Mesa Banho,1432.36,12,4
ORD-04129,2025-09-30 00:54:37.852111,SP,Informática,163.29,8,3
ORD-04130,2026-01-13 00:54:37.852111,RS,Beleza e Saúde,166.7,5,4
ORD-04131,2026-08-10 00:54:37.852111,CE,Cama Mesa Banho,772.67,17,3
ORD-04132,2026-02-15 00:54:37.852111,RJ,Móveis,430.18,4,5
ORD-04133,2025-09-05 00:54:37.852111,PR,Eletrônicos,1872.82,11,4
ORD-04134,2025-10-14 00:54:37.852111,SP,Informática,1183.62,5,4
ORD-04135,2025-09-15 00:54:37.852111,RS,Eletrônicos,610.28,8,3
ORD-04136,2026-07-06 00:54:37.852111,RS,Móveis,1424.31,8,2
ORD-04137,2025-12-17 00:54:37.852111,SC,Móveis,781.11,6,5
ORD-04138,2026-02-25 00:54:37.852111,AM,Móveis,307.63,22,3
ORD-04139,2025-09-04 00:54:37.852111,CE,Eletrônicos,512.6,20,4
ORD-04140,2025-10-03 00:54:37.852111,MG,Esportes,1303.36,6,4
ORD-04141,2025-10-11 00:54:37.852111,CE,Informática,151.16,16,2
ORD-04142,2026-07-14 00:54:37.852111,SC,Móveis,581.74,8,2
ORD-04143,2026-02-04 00:54:37.852111,BA,Esportes,456.21,12,4
ORD-04144,2025-08-21 00:54:37.852111,AM,Beleza e Saúde,442.21,19,1
ORD-04145,2026-07-19 00:54:37.852111,RJ,Esportes,1381.39,2,4
ORD-04146,2026-04-23 00:54:37.852111,AM,Beleza e Saúde,1660.34,27,1
ORD-04147,2026-01-19 00:54:37.852111,SC,Eletrônicos,1445.94,6,4
ORD-04148,2026-02-09 00:54:37.852111,SC,Esportes,1309.17,10,4
ORD-04149,2026-06-27 00:54:37.852111,RJ,Eletrônicos,1837.08,8,4
ORD-04150,2025-12-28 00:54:37.852111,RJ,Móveis,163.87,6,2
ORD-04151,2026-07-05 00:54:37.852111,RJ,Esportes,376.59,5,4
ORD-04152,2026-07-28 00:54:37.852111,AM,Esportes,858.09,13,1
ORD-04153,2026-07-22 00:54:37.852111,SP,Móveis,776.28,2,5
ORD-04154,2026-01-12 00:54:37.852111,PR,Beleza e Saúde,865.2,12,3
ORD-04155,2025-10-07 00:54:37.852111,PE,Móveis,452.59,25,1
ORD-04156,2026-03-17 00:54:37.852111,RJ,Informática,341.53,4,4
ORD-04157,2025-12-15 00:54:37.852111,PR,Esportes,1042.93,6,4
ORD-04158,2025-11-14 00:54:37.852111,PE,Informática,1859.7,5,5
ORD-04159,2026-06-15 00:54:37.852111,AM,Móveis,814.34,13,3
ORD-04160,2025-10-30 00:54:37.852111,PR,Eletrônicos,134.54,9,4
ORD-04161,2026-01-23 00:54:37.852111,RJ,Móveis,1427.03,8,5
ORD-04162,2026-07-12 00:54:37.852111,MG,Cama Mesa Banho,617.65,6,4
ORD-04163,2026-03-04 00:54:37.852111,SC,Informática,527.94,10,4
ORD-04164,2025-12-01 00:54:37.852111,PR,Cama Mesa Banho,682.3,8,5
ORD-04165,2025-12-02 00:54:37.852111,RS,Informática,1461.44,8,3
ORD-04166,2026-08-04 00:54:37.852111,RS,Eletrônicos,1646.7,14,4
ORD-04167,2026-03-27 00:54:37.852111,PR,Cama Mesa Banho,1196.71,10,2
ORD-04168,2026-08-03 00:54:37.852111,RJ,Cama Mesa Banho,678.83,1,5
ORD-04169,2026-01-11 00:54:37.852111,CE,Informática,655.43,14,1
ORD-04170,2025-11-13 00:54:37.852111,RJ,Móveis,292.4,3,5
ORD-04171,2025-09-23 00:54:37.852111,AM,Beleza e Saúde,1869.94,15,5
ORD-04172,2026-06-26 00:54:37.852111,RJ,Móveis,1294.37,6,4
ORD-04173,2026-04-24 00:54:37.852111,AM,Beleza e Saúde,102.6,17,2
ORD-04174,2026-03-13 00:54:37.852111,CE,Informática,1341.62,17,3
ORD-04175,2026-04-12 00:54:37.852111,MG,Esportes,921.95,7,4
ORD-04176,2025-08-21 00:54:37.852111,AM,Móveis,1946.49,14,5
ORD-04177,2026-05-03 00:54:37.852111,BA,Cama Mesa Banho,1647.18,27,1
ORD-04178,2025-12-15 00:54:37.852111,RS,Móveis,384.07,7,4
ORD-04179,2025-09-26 00:54:37.852111,SC,Informática,1454.22,10,3
ORD-04180,2026-02-03 00:54:37.852111,RS,Esportes,996.85,9,3
ORD-04181,2026-01-08 00:54:37.852111,AM,Esportes,414.74,18,2
ORD-04182,2026-06-23 00:54:37.852111,BA,Móveis,1412.54,20,2
ORD-04183,2025-10-25 00:54:37.852111,SP,Móveis,1117.41,5,4
ORD-04184,2026-05-24 00:54:37.852111,MG,Eletrônicos,109.23,3,4
ORD-04185,2026-05-17 00:54:37.852111,MG,Móveis,1310.85,2,5
ORD-04186,2026-01-31 00:54:37.852111,SP,Informática,1288.22,10,3
ORD-04187,2026-05-01 00:54:37.852111,SC,Beleza e Saúde,330.97,8,4
ORD-04188,2025-11-15 00:54:37.852111,CE,Eletrônicos,730.53,21,3
ORD-04189,2026-05-09 00:54:37.852111,PE,Beleza e Saúde,1192.5,9,4
ORD-04190,2026-01-27 00:54:37.852111,BA,Cama Mesa Banho,320.63,16,3
ORD-04191,2026-08-12 00:54:37.852111,AM,Informática,1712.81,17,2
ORD-04192,2026-02-27 00:54:37.852111,PE,Eletrônicos,103.6,20,3
ORD-04193,2026-04-09 00:54:37.852111,SC,Esportes,250.53,1,5
ORD-04194,2025-10-04 00:54:37.852111,CE,Eletrônicos,276.41,18,2
ORD-04195,2026-05-24 00:54:37.852111,MG,Cama Mesa Banho,1079.81,2,3
ORD-04196,2025-12-05 00:54:37.852111,AM,Esportes,1259.22,19,2
ORD-04197,2026-02-25 00:54:37.852111,AM,Eletrônicos,837.29,12,2
ORD-04198,2026-06-01 00:54:37.852111,CE,Esportes,612.9,13,2
ORD-04199,2026-03-25 00:54:37.852111,RS,Móveis,1628.17,9,4
ORD-04200,2026-06-04 00:54:37.852111,BA,Esportes,183.16,12,4
ORD-04201,2025-11-24 00:54:37.852111,CE,Eletrônicos,596.57,15,5
ORD-04202,2025-09-07 00:54:37.852111,RJ,Esportes,126.28,2,4
ORD-04203,2025-10-09 00:54:37.852111,RJ,Informática,77.09,1,5
ORD-04204,2025-12-11 00:54:37.852111,CE,Móveis,739.09,23,2
ORD-04205,2026-08-10 00:54:37.852111,MG,Móveis,429.91,2,5
ORD-04206,2025-09-10 00:54:37.852111,CE,Cama Mesa Banho,573.31,17,3
ORD-04207,2026-06-11 00:54:37.852111,PR,Móveis,1650.85,12,2
ORD-04208,2026-06-25 00:54:37.852111,SC,Beleza e Saúde,367.81,8,2
ORD-04209,2026-05-29 00:54:37.852111,RJ,Informática,1571.46,3,5
ORD-04210,2026-02-19 00:54:37.852111,PE,Cama Mesa Banho,1366.35,19,2
ORD-04211,2026-04-26 00:54:37.852111,CE,Beleza e Saúde,686.57,23,1
ORD-04212,2026-02-11 00:54:37.852111,RJ,Esportes,1115.78,2,3
ORD-04213,2026-02-02 00:54:37.852111,SC,Beleza e Saúde,916.65,9,4
ORD-04214,2026-06-09 00:54:37.852111,SC,Cama Mesa Banho,300.37,4,5
ORD-04215,2025-09-10 00:54:37.852111,PE,Móveis,1819.01,16,2
ORD-04216,2025-11-15 00:54:37.852111,AM,Informática,1160.76,18,3
ORD-04217,2026-05-05 00:54:37.852111,PR,Cama Mesa Banho,1766.47,7,4
ORD-04218,2026-07-12 00:54:37.852111,CE,Beleza e Saúde,1656.46,15,2
ORD-04219,2025-08-26 00:54:37.852111,SP,Beleza e Saúde,205.56,2,5
ORD-04220,2026-04-07 00:54:37.852111,CE,Cama Mesa Banho,454.18,18,1
ORD-04221,2025-09-08 00:54:37.852111,AM,Eletrônicos,333.26,23,2
ORD-04222,2026-07-01 00:54:37.852111,BA,Eletrônicos,1670.02,12,3
ORD-04223,2026-05-27 00:54:37.852111,RS,Cama Mesa Banho,1731.77,8,5
ORD-04224,2025-10-03 00:54:37.852111,MG,Eletrônicos,1079.54,6,3
ORD-04225,2025-10-28 00:54:37.852111,AM,Cama Mesa Banho,253.15,24,2
ORD-04226,2025-11-16 00:54:37.852111,SC,Móveis,314.45,5,3
ORD-04227,2026-03-04 00:54:37.852111,SP,Cama Mesa Banho,1636.42,4,4
ORD-04228,2026-02-05 00:54:37.852111,MG,Esportes,1861.92,5,1
ORD-04229,2025-12-09 00:54:37.852111,RJ,Informática,438.98,4,5
ORD-04230,2026-01-09 00:54:37.852111,CE,Informática,71.72,5,5
ORD-04231,2025-10-02 00:54:37.852111,MG,Esportes,695.36,6,3
ORD-04232,2025-09-08 00:54:37.852111,RJ,Beleza e Saúde,109.47,8,3
ORD-04233,2026-02-26 00:54:37.852111,RS,Beleza e Saúde,1664.55,10,3
ORD-04234,2025-09-08 00:54:37.852111,RJ,Beleza e Saúde,1008.45,2,5
ORD-04235,2026-02-01 00:54:37.852111,SP,Beleza e Saúde,1301.63,3,3
ORD-04236,2025-11-03 00:54:37.852111,SC,Móveis,852.4,15,3
ORD-04237,2025-09-11 00:54:37.852111,AM,Esportes,723.74,22,4
ORD-04238,2026-07-31 00:54:37.852111,PE,Informática,483.29,21,1
ORD-04239,2025-12-16 00:54:37.852111,AM,Esportes,1552.54,19,2
ORD-04240,2025-09-27 00:54:37.852111,AM,Informática,1406.32,14,5
ORD-04241,2026-03-19 00:54:37.852111,RJ,Beleza e Saúde,753.42,4,5
ORD-04242,2026-01-21 00:54:37.852111,CE,Móveis,676.18,17,3
ORD-04243,2026-05-25 00:54:37.852111,MG,Cama Mesa Banho,52.42,6,5
ORD-04244,2026-07-01 00:54:37.852111,PE,Cama Mesa Banho,173.93,25,1
ORD-04245,2026-05-16 00:54:37.852111,PE,Eletrônicos,1265.35,23,3
ORD-04246,2026-03-18 00:54:37.852111,MG,Beleza e Saúde,1053.48,2,4
ORD-04247,2026-05-10 00:54:37.852111,MG,Beleza e Saúde,897.87,5,2
ORD-04248,2026-03-15 00:54:37.852111,SC,Esportes,1663.63,12,3
ORD-04249,2026-08-11 00:54:37.852111,SP,Móveis,1032.6,6,3
ORD-04250,2026-07-22 00:54:37.852111,RS,Móveis,799.76,8,4
ORD-04251,2025-10-04 00:54:37.852111,SP,Esportes,364.45,10,3
ORD-04252,2025-09-19 00:54:37.852111,MG,Móveis,1650.34,2,5
ORD-04253,2026-08-06 00:54:37.852111,CE,Móveis,1173.68,12,4
ORD-04254,2026-01-19 00:54:37.852111,PR,Cama Mesa Banho,230.3,10,4
ORD-04255,2026-04-21 00:54:37.852111,PR,Móveis,1315.35,16,3
ORD-04256,2025-11-14 00:54:37.852111,RS,Beleza e Saúde,878.89,7,3
ORD-04257,2026-05-22 00:54:37.852111,MG,Cama Mesa Banho,1632.2,4,2
ORD-04258,2026-02-15 00:54:37.852111,PR,Beleza e Saúde,1841.88,13,3
ORD-04259,2026-01-15 00:54:37.852111,RS,Beleza e Saúde,1220.91,9,5
ORD-04260,2025-09-19 00:54:37.852111,PE,Esportes,1476.64,16,3
ORD-04261,2026-04-11 00:54:37.852111,RS,Eletrônicos,160.35,11,3
ORD-04262,2026-04-22 00:54:37.852111,PE,Móveis,1142.5,19,3
ORD-04263,2026-08-01 00:54:37.852111,SC,Móveis,1522.91,13,3
ORD-04264,2026-04-09 00:54:37.852111,PR,Móveis,1018.69,13,5
ORD-04265,2026-06-21 00:54:37.852111,RS,Móveis,1207.42,10,5
ORD-04266,2025-09-16 00:54:37.852111,RS,Cama Mesa Banho,1802.95,10,5
ORD-04267,2025-11-03 00:54:37.852111,RS,Informática,436.29,10,4
ORD-04268,2026-03-26 00:54:37.852111,CE,Beleza e Saúde,241.58,20,1
ORD-04269,2026-05-08 00:54:37.852111,RS,Eletrônicos,1396.76,10,4
ORD-04270,2026-08-08 00:54:37.852111,CE,Eletrônicos,1654.56,17,3
ORD-04271,2026-06-17 00:54:37.852111,AM,Informática,1708.46,23,2
ORD-04272,2025-09-13 00:54:37.852111,SC,Informática,1301.21,14,3
ORD-04273,2026-06-05 00:54:37.852111,AM,Informática,1674.77,10,4
ORD-04274,2026-04-17 00:54:37.852111,BA,Cama Mesa Banho,1416.3,18,5
ORD-04275,2026-06-15 00:54:37.852111,AM,Informática,220.38,14,3
ORD-04276,2026-07-11 00:54:37.852111,MG,Cama Mesa Banho,1535.98,4,5
ORD-04277,2025-09-29 00:54:37.852111,PE,Esportes,399.75,20,2
ORD-04278,2026-06-24 00:54:37.852111,MG,Esportes,511.39,6,5
ORD-04279,2026-07-25 00:54:37.852111,SP,Eletrônicos,819.57,4,5
ORD-04280,2026-01-11 00:54:37.852111,AM,Esportes,663.41,8,4
ORD-04281,2026-01-28 00:54:37.852111,PR,Cama Mesa Banho,677.22,7,5
ORD-04282,2026-06-27 00:54:37.852111,RJ,Cama Mesa Banho,380.06,6,3
ORD-04283,2026-02-27 00:54:37.852111,AM,Beleza e Saúde,623.05,4,4
ORD-04284,2025-10-28 00:54:37.852111,SC,Informática,88.34,13,3
ORD-04285,2026-03-25 00:54:37.852111,AM,Móveis,972.18,20,3
ORD-04286,2026-05-21 00:54:37.852111,CE,Móveis,1548.75,24,2
ORD-04287,2026-02-12 00:54:37.852111,SP,Informática,1731.38,4,5
ORD-04288,2026-05-26 00:54:37.852111,RS,Móveis,1649.84,3,4
ORD-04289,2026-01-10 00:54:37.852111,SP,Móveis,862.09,5,3
ORD-04290,2026-07-30 00:54:37.852111,SP,Móveis,1474.33,7,4
ORD-04291,2026-01-10 00:54:37.852111,PE,Eletrônicos,611.39,22,2
ORD-04292,2026-04-07 00:54:37.852111,RJ,Cama Mesa Banho,158.35,3,5
ORD-04293,2025-10-07 00:54:37.852111,SP,Cama Mesa Banho,1368.14,5,4
ORD-04294,2025-12-08 00:54:37.852111,PE,Cama Mesa Banho,1315.15,15,3
ORD-04295,2026-07-15 00:54:37.852111,RS,Informática,1613.18,7,4
ORD-04296,2025-11-06 00:54:37.852111,MG,Esportes,1251.41,6,4
ORD-04297,2025-09-09 00:54:37.852111,RS,Eletrônicos,355.94,6,4
ORD-04298,2025-09-28 00:54:37.852111,PR,Eletrônicos,1713.67,7,4
ORD-04299,2026-01-23 00:54:37.852111,SP,Móveis,1273.14,2,4
ORD-04300,2025-08-17 00:54:37.852111,SP,Beleza e Saúde,1624.84,2,5
ORD-04301,2026-06-17 00:54:37.852111,MG,Cama Mesa Banho,1559.51,5,4
ORD-04302,2026-01-07 00:54:37.852111,SC,Eletrônicos,630.84,13,5
ORD-04303,2026-06-12 00:54:37.852111,SP,Eletrônicos,195.38,4,5
ORD-04304,2026-03-09 00:54:37.852111,RJ,Beleza e Saúde,394.18,1,4
ORD-04305,2026-01-23 00:54:37.852111,BA,Móveis,231.08,22,5
ORD-04306,2026-07-27 00:54:37.852111,SP,Eletrônicos,524.65,8,4
ORD-04307,2025-09-25 00:54:37.852111,BA,Eletrônicos,946.09,14,4
ORD-04308,2026-08-07 00:54:37.852111,RS,Esportes,1818.28,8,4
ORD-04309,2026-06-16 00:54:37.852111,AM,Beleza e Saúde,1750.44,20,3
ORD-04310,2025-09-22 00:54:37.852111,SC,Móveis,1451.27,14,4
ORD-04311,2025-09-29 00:54:37.852111,PE,Móveis,97.02,15,2
ORD-04312,2026-02-25 00:54:37.852111,CE,Cama Mesa Banho,715.71,11,4
ORD-04313,2026-05-23 00:54:37.852111,SC,Esportes,1380.58,11,2
ORD-04314,2026-01-06 00:54:37.852111,CE,Móveis,301.61,21,2
ORD-04315,2026-02-17 00:54:37.852111,RS,Esportes,1612.12,10,3
ORD-04316,2026-01-21 00:54:37.852111,SC,Cama Mesa Banho,1833.42,8,4
ORD-04317,2026-06-03 00:54:37.852111,PE,Beleza e Saúde,740.5,22,2
ORD-04318,2025-11-20 00:54:37.852111,CE,Eletrônicos,1426.39,20,3
ORD-04319,2026-05-07 00:54:37.852111,MG,Eletrônicos,339.0,3,5
ORD-04320,2025-09-02 00:54:37.852111,RJ,Informática,1397.09,5,4
ORD-04321,2025-10-26 00:54:37.852111,SC,Informática,91.84,5,4
ORD-04322,2026-01-17 00:54:37.852111,RS,Informática,344.0,12,4
ORD-04323,2026-08-11 00:54:37.852111,SP,Eletrônicos,1434.27,4,5
ORD-04324,2026-04-11 00:54:37.852111,PE,Esportes,1438.11,15,2
ORD-04325,2025-11-06 00:54:37.852111,CE,Informática,1300.27,17,1
ORD-04326,2026-05-31 00:54:37.852111,CE,Beleza e Saúde,980.86,18,2
ORD-04327,2026-02-28 00:54:37.852111,RJ,Móveis,1366.07,6,5
ORD-04328,2026-07-22 00:54:37.852111,CE,Esportes,1558.91,20,3
ORD-04329,2026-03-12 00:54:37.852111,BA,Eletrônicos,1934.64,17,2
ORD-04330,2025-10-22 00:54:37.852111,PR,Beleza e Saúde,1782.85,12,4
ORD-04331,2026-01-06 00:54:37.852111,BA,Eletrônicos,1599.34,20,4
ORD-04332,2026-03-09 00:54:37.852111,CE,Esportes,1404.78,15,3
ORD-04333,2025-12-26 00:54:37.852111,PE,Esportes,1169.6,17,4
ORD-04334,2026-07-24 00:54:37.852111,SC,Esportes,285.19,9,5
ORD-04335,2026-07-03 00:54:37.852111,RS,Cama Mesa Banho,372.84,11,3
ORD-04336,2026-03-18 00:54:37.852111,SP,Móveis,1649.55,4,4
ORD-04337,2026-04-27 00:54:37.852111,SC,Informática,1616.46,8,4
ORD-04338,2026-05-21 00:54:37.852111,MG,Cama Mesa Banho,1248.19,8,4
ORD-04339,2025-09-25 00:54:37.852111,SC,Móveis,905.74,12,4
ORD-04340,2025-10-08 00:54:37.852111,SC,Eletrônicos,100.76,7,4
ORD-04341,2025-10-27 00:54:37.852111,RS,Informática,688.0,11,1
ORD-04342,2025-09-24 00:54:37.852111,RJ,Cama Mesa Banho,870.25,5,3
ORD-04343,2026-04-01 00:54:37.852111,CE,Cama Mesa Banho,997.34,19,1
ORD-04344,2026-01-18 00:54:37.852111,RJ,Beleza e Saúde,1862.18,5,4
ORD-04345,2025-11-03 00:54:37.852111,MG,Cama Mesa Banho,261.98,7,4
ORD-04346,2025-11-20 00:54:37.852111,AM,Esportes,1061.79,19,3
ORD-04347,2026-06-01 00:54:37.852111,SP,Eletrônicos,767.45,4,3
ORD-04348,2025-08-26 00:54:37.852111,BA,Cama Mesa Banho,1980.69,23,2
ORD-04349,2026-06-26 00:54:37.852111,SP,Esportes,1730.63,5,5
ORD-04350,2025-09-21 00:54:37.852111,CE,Móveis,905.63,18,1
ORD-04351,2025-12-23 00:54:37.852111,SP,Móveis,1999.41,5,3
ORD-04352,2026-05-05 00:54:37.852111,PR,Esportes,1052.42,9,4
ORD-04353,2026-06-15 00:54:37.852111,BA,Beleza e Saúde,375.88,18,4
ORD-04354,2025-11-28 00:54:37.852111,MG,Beleza e Saúde,1133.96,3,5
ORD-04355,2026-06-09 00:54:37.852111,CE,Móveis,491.1,14,4
ORD-04356,2026-05-22 00:54:37.852111,PE,Eletrônicos,1290.81,13,2
ORD-04357,2026-03-12 00:54:37.852111,MG,Cama Mesa Banho,1878.01,2,5
ORD-04358,2025-11-20 00:54:37.852111,PR,Móveis,1583.09,7,4
ORD-04359,2025-10-08 00:54:37.852111,BA,Móveis,582.67,17,2
ORD-04360,2026-05-26 00:54:37.852111,RS,Esportes,628.87,10,1
ORD-04361,2025-10-02 00:54:37.852111,PR,Beleza e Saúde,185.11,9,4
ORD-04362,2026-03-16 00:54:37.852111,MG,Eletrônicos,607.44,1,4
ORD-04363,2026-06-26 00:54:37.852111,CE,Esportes,230.62,25,2
ORD-04364,2025-12-08 00:54:37.852111,AM,Móveis,1023.93,23,1
ORD-04365,2025-11-08 00:54:37.852111,CE,Informática,1431.28,20,2
ORD-04366,2025-08-22 00:54:37.852111,BA,Cama Mesa Banho,1514.8,27,1
ORD-04367,2026-05-07 00:54:37.852111,AM,Móveis,166.08,13,4
ORD-04368,2026-07-19 00:54:37.852111,RJ,Esportes,712.91,8,4
ORD-04369,2025-11-02 00:54:37.852111,BA,Informática,611.93,13,3
ORD-04370,2025-10-16 00:54:37.852111,BA,Informática,253.39,19,3
ORD-04371,2026-06-06 00:54:37.852111,PR,Móveis,756.82,6,3
ORD-04372,2026-08-06 00:54:37.852111,CE,Eletrônicos,633.67,18,3
ORD-04373,2025-10-12 00:54:37.852111,MG,Beleza e Saúde,1287.27,5,5
ORD-04374,2026-03-29 00:54:37.852111,RS,Informática,1772.44,9,1
ORD-04375,2026-03-02 00:54:37.852111,SP,Cama Mesa Banho,936.94,6,4
ORD-04376,2026-05-22 00:54:37.852111,SC,Esportes,1506.0,10,4
ORD-04377,2026-03-28 00:54:37.852111,RS,Esportes,334.72,8,4
ORD-04378,2026-06-01 00:54:37.852111,SP,Esportes,1795.18,3,5
ORD-04379,2025-12-19 00:54:37.852111,RJ,Móveis,347.56,6,3
ORD-04380,2026-06-28 00:54:37.852111,MG,Esportes,424.6,3,4
ORD-04381,2026-04-29 00:54:37.852111,CE,Esportes,257.6,22,1
ORD-04382,2025-10-29 00:54:37.852111,PE,Cama Mesa Banho,653.88,24,3
ORD-04383,2025-11-24 00:54:37.852111,BA,Beleza e Saúde,1127.2,9,3
ORD-04384,2026-02-18 00:54:37.852111,RS,Eletrônicos,1976.59,13,3
ORD-04385,2026-02-28 00:54:37.852111,SP,Móveis,1597.07,9,4
ORD-04386,2026-03-21 00:54:37.852111,PE,Móveis,791.85,19,3
ORD-04387,2025-09-17 00:54:37.852111,RS,Esportes,1172.9,11,4
ORD-04388,2025-11-03 00:54:37.852111,MG,Cama Mesa Banho,1265.45,7,5
ORD-04389,2026-06-20 00:54:37.852111,CE,Informática,1654.32,16,3
ORD-04390,2026-02-16 00:54:37.852111,AM,Esportes,1486.08,18,2
ORD-04391,2025-12-12 00:54:37.852111,RS,Esportes,1160.12,6,4
ORD-04392,2025-09-06 00:54:37.852111,RS,Móveis,1354.91,10,3
ORD-04393,2026-04-08 00:54:37.852111,CE,Móveis,1504.54,20,1
ORD-04394,2025-11-15 00:54:37.852111,RJ,Esportes,309.63,6,4
ORD-04395,2026-04-03 00:54:37.852111,PR,Móveis,440.89,13,4
ORD-04396,2026-05-12 00:54:37.852111,RS,Cama Mesa Banho,1392.74,7,3
ORD-04397,2026-06-01 00:54:37.852111,CE,Informática,1708.33,15,2
ORD-04398,2025-12-08 00:54:37.852111,PR,Informática,848.06,15,4
ORD-04399,2025-08-30 00:54:37.852111,CE,Informática,1960.79,17,1
ORD-04400,2025-11-13 00:54:37.852111,CE,Esportes,471.34,19,1
ORD-04401,2026-07-01 00:54:37.852111,RJ,Eletrônicos,862.56,4,3
ORD-04402,2026-07-03 00:54:37.852111,CE,Esportes,788.12,13,2
ORD-04403,2026-02-24 00:54:37.852111,MG,Esportes,1864.08,8,4
ORD-04404,2026-01-13 00:54:37.852111,RS,Cama Mesa Banho,606.49,8,3
ORD-04405,2026-02-26 00:54:37.852111,SP,Informática,968.04,2,4
ORD-04406,2026-07-05 00:54:37.852111,SP,Móveis,415.11,4,5
ORD-04407,2025-12-11 00:54:37.852111,SP,Móveis,1066.47,1,4
ORD-04408,2026-03-15 00:54:37.852111,CE,Beleza e Saúde,1721.94,14,4
ORD-04409,2026-04-24 00:54:37.852111,PE,Beleza e Saúde,642.88,13,5
ORD-04410,2026-06-27 00:54:37.852111,PR,Eletrônicos,1631.04,11,3
ORD-04411,2026-06-11 00:54:37.852111,PR,Móveis,1827.06,7,5
ORD-04412,2025-12-31 00:54:37.852111,CE,Informática,192.27,22,2
ORD-04413,2026-06-05 00:54:37.852111,MG,Esportes,1525.03,7,5
ORD-04414,2025-10-18 00:54:37.852111,MG,Móveis,547.92,6,3
ORD-04415,2025-10-27 00:54:37.852111,BA,Eletrônicos,391.89,16,1
ORD-04416,2025-10-21 00:54:37.852111,CE,Eletrônicos,1222.19,18,2
ORD-04417,2026-01-22 00:54:37.852111,SC,Móveis,1425.93,5,3
ORD-04418,2026-06-13 00:54:37.852111,RJ,Beleza e Saúde,819.78,4,4
ORD-04419,2025-09-29 00:54:37.852111,SP,Informática,126.39,3,4
ORD-04420,2025-10-03 00:54:37.852111,RJ,Móveis,1821.97,6,5
ORD-04421,2026-03-05 00:54:37.852111,SP,Esportes,1474.96,10,3
ORD-04422,2025-09-16 00:54:37.852111,AM,Esportes,579.75,20,1
ORD-04423,2026-07-28 00:54:37.852111,AM,Cama Mesa Banho,1018.88,8,4
ORD-04424,2025-09-09 00:54:37.852111,CE,Esportes,104.2,16,2
ORD-04425,2026-05-11 00:54:37.852111,AM,Móveis,711.6,18,1
ORD-04426,2025-10-13 00:54:37.852111,PE,Móveis,1068.94,18,1
ORD-04427,2026-03-28 00:54:37.852111,BA,Esportes,1058.59,14,3
ORD-04428,2025-09-09 00:54:37.852111,MG,Beleza e Saúde,455.96,5,4
ORD-04429,2026-07-06 00:54:37.852111,PE,Informática,1564.66,11,4
ORD-04430,2026-04-08 00:54:37.852111,RJ,Eletrônicos,632.78,3,3
ORD-04431,2025-11-11 00:54:37.852111,RJ,Móveis,1181.8,6,4
ORD-04432,2026-03-02 00:54:37.852111,AM,Esportes,579.47,12,5
ORD-04433,2025-09-28 00:54:37.852111,MG,Eletrônicos,879.08,6,3
ORD-04434,2026-05-28 00:54:37.852111,BA,Esportes,454.65,11,3
ORD-04435,2026-02-20 00:54:37.852111,SP,Móveis,1284.37,8,3
ORD-04436,2025-08-20 00:54:37.852111,PE,Cama Mesa Banho,879.89,14,2
ORD-04437,2025-09-26 00:54:37.852111,BA,Informática,81.43,16,4
ORD-04438,2026-05-14 00:54:37.852111,RS,Móveis,104.92,10,4
ORD-04439,2025-12-18 00:54:37.852111,PR,Eletrônicos,968.71,8,4
ORD-04440,2025-11-22 00:54:37.852111,AM,Esportes,407.29,18,1
ORD-04441,2026-02-15 00:54:37.852111,SP,Cama Mesa Banho,1190.83,6,5
ORD-04442,2026-01-16 00:54:37.852111,RS,Móveis,845.97,12,4
ORD-04443,2026-06-01 00:54:37.852111,SP,Informática,1326.12,6,5
ORD-04444,2026-04-28 00:54:37.852111,SP,Cama Mesa Banho,1907.17,4,5
ORD-04445,2025-09-02 00:54:37.852111,AM,Eletrônicos,1081.04,17,1
ORD-04446,2025-10-22 00:54:37.852111,SP,Esportes,1585.39,9,4
ORD-04447,2025-11-02 00:54:37.852111,BA,Beleza e Saúde,1518.43,22,3
ORD-04448,2025-08-25 00:54:37.852111,BA,Informática,1847.49,13,1
ORD-04449,2026-02-12 00:54:37.852111,RS,Cama Mesa Banho,467.33,10,2
ORD-04450,2026-07-07 00:54:37.852111,RJ,Móveis,1663.29,4,5
ORD-04451,2026-03-29 00:54:37.852111,MG,Móveis,1815.76,4,5
ORD-04452,2025-09-09 00:54:37.852111,PE,Cama Mesa Banho,815.89,11,2
ORD-04453,2026-06-18 00:54:37.852111,PE,Móveis,661.94,15,4
ORD-04454,2026-02-07 00:54:37.852111,SC,Cama Mesa Banho,1906.47,15,3
ORD-04455,2025-09-06 00:54:37.852111,AM,Informática,1273.88,20,3
ORD-04456,2025-11-28 00:54:37.852111,CE,Móveis,792.32,5,4
ORD-04457,2026-06-16 00:54:37.852111,CE,Informática,1594.06,24,2
ORD-04458,2025-08-15 00:54:37.852111,RS,Esportes,643.72,13,4
ORD-04459,2026-04-12 00:54:37.852111,SP,Esportes,393.99,4,4
ORD-04460,2026-02-06 00:54:37.852111,SP,Esportes,1110.74,6,4
ORD-04461,2025-12-26 00:54:37.852111,AM,Esportes,1154.11,13,2
ORD-04462,2026-02-26 00:54:37.852111,PR,Móveis,1660.21,8,5
ORD-04463,2026-04-21 00:54:37.852111,RJ,Cama Mesa Banho,941.2,7,4
ORD-04464,2025-12-04 00:54:37.852111,SC,Móveis,1638.44,9,3
ORD-04465,2026-04-28 00:54:37.852111,BA,Eletrônicos,657.08,8,3
ORD-04466,2026-07-07 00:54:37.852111,SP,Móveis,1171.97,4,5
ORD-04467,2025-09-12 00:54:37.852111,SC,Informática,456.52,9,4
ORD-04468,2026-05-13 00:54:37.852111,PE,Cama Mesa Banho,801.62,23,1
ORD-04469,2026-07-26 00:54:37.852111,PR,Beleza e Saúde,1722.2,10,5
ORD-04470,2025-08-24 00:54:37.852111,BA,Beleza e Saúde,471.18,15,3
ORD-04471,2026-06-11 00:54:37.852111,AM,Cama Mesa Banho,1629.97,23,2
ORD-04472,2026-03-16 00:54:37.852111,SC,Beleza e Saúde,601.6,10,3
ORD-04473,2026-03-27 00:54:37.852111,RS,Cama Mesa Banho,117.25,7,4
ORD-04474,2026-02-08 00:54:37.852111,BA,Informática,264.37,23,2
ORD-04475,2026-02-09 00:54:37.852111,AM,Informática,1504.47,18,3
ORD-04476,2026-01-20 00:54:37.852111,CE,Móveis,561.04,18,2
ORD-04477,2025-11-26 00:54:37.852111,AM,Beleza e Saúde,1325.58,18,3
ORD-04478,2026-01-11 00:54:37.852111,AM,Cama Mesa Banho,1413.44,12,3
ORD-04479,2025-11-30 00:54:37.852111,BA,Informática,722.98,15,3
ORD-04480,2026-03-31 00:54:37.852111,PR,Móveis,976.09,10,3
ORD-04481,2026-06-13 00:54:37.852111,BA,Beleza e Saúde,837.35,17,4
ORD-04482,2025-08-15 00:54:37.852111,MG,Beleza e Saúde,1897.33,7,3
ORD-04483,2025-10-07 00:54:37.852111,RJ,Beleza e Saúde,673.9,5,4
ORD-04484,2026-05-17 00:54:37.852111,PR,Informática,407.48,12,3
ORD-04485,2025-09-23 00:54:37.852111,RS,Informática,762.91,10,3
ORD-04486,2026-01-18 00:54:37.852111,PR,Beleza e Saúde,1355.56,13,4
ORD-04487,2026-04-06 00:54:37.852111,PE,Informática,1409.86,19,2
ORD-04488,2025-10-06 00:54:37.852111,RS,Beleza e Saúde,1851.91,10,5
ORD-04489,2026-08-10 00:54:37.852111,CE,Esportes,1769.42,17,2
ORD-04490,2025-12-14 00:54:37.852111,BA,Informática,612.23,13,3
ORD-04491,2026-04-14 00:54:37.852111,AM,Cama Mesa Banho,937.57,20,1
ORD-04492,2026-05-03 00:54:37.852111,BA,Informática,1507.17,17,3
ORD-04493,2026-07-06 00:54:37.852111,PE,Beleza e Saúde,1837.25,15,3
ORD-04494,2025-09-06 00:54:37.852111,SC,Cama Mesa Banho,707.47,13,3
ORD-04495,2026-04-02 00:54:37.852111,PE,Móveis,916.66,11,5
ORD-04496,2026-01-23 00:54:37.852111,MG,Cama Mesa Banho,1803.98,4,4
ORD-04497,2025-08-30 00:54:37.852111,AM,Cama Mesa Banho,749.04,23,2
ORD-04498,2026-07-23 00:54:37.852111,AM,Informática,987.0,19,2
ORD-04499,2025-12-14 00:54:37.852111,SP,Eletrônicos,1813.78,4,5
ORD-04500,2026-04-26 00:54:37.852111,SC,Cama Mesa Banho,1614.37,10,2
ORD-04501,2025-10-14 00:54:37.852111,SP,Cama Mesa Banho,524.69,5,4
ORD-04502,2026-05-21 00:54:37.852111,CE,Beleza e Saúde,683.35,10,3
ORD-04503,2026-05-22 00:54:37.852111,RJ,Informática,738.27,4,5
ORD-04504,2025-10-26 00:54:37.852111,RJ,Beleza e Saúde,1829.84,8,4
ORD-04505,2026-06-05 00:54:37.852111,BA,Informática,1997.92,14,5
ORD-04506,2026-04-06 00:54:37.852111,RJ,Móveis,1559.31,4,5
ORD-04507,2026-01-29 00:54:37.852111,AM,Eletrônicos,994.44,15,2
ORD-04508,2026-03-26 00:54:37.852111,PE,Cama Mesa Banho,69.84,17,4
ORD-04509,2025-11-03 00:54:37.852111,SC,Informática,1410.1,8,4
ORD-04510,2025-10-05 00:54:37.852111,BA,Cama Mesa Banho,809.25,20,2
ORD-04511,2025-12-22 00:54:37.852111,BA,Cama Mesa Banho,1284.32,18,3
ORD-04512,2026-07-21 00:54:37.852111,SC,Esportes,1233.05,12,3
ORD-04513,2026-03-13 00:54:37.852111,AM,Beleza e Saúde,987.62,12,1
ORD-04514,2025-11-09 00:54:37.852111,CE,Eletrônicos,1891.56,16,4
ORD-04515,2026-06-13 00:54:37.852111,CE,Informática,95.14,16,4
ORD-04516,2025-09-28 00:54:37.852111,BA,Móveis,1438.66,20,4
ORD-04517,2026-06-22 00:54:37.852111,CE,Eletrônicos,849.19,14,3
ORD-04518,2025-09-03 00:54:37.852111,AM,Esportes,1441.89,22,2
ORD-04519,2026-03-13 00:54:37.852111,MG,Beleza e Saúde,1366.68,7,5
ORD-04520,2025-12-19 00:54:37.852111,MG,Móveis,69.96,3,5
ORD-04521,2025-10-06 00:54:37.852111,SP,Móveis,606.41,4,5
ORD-04522,2025-10-15 00:54:37.852111,PR,Cama Mesa Banho,418.73,8,4
ORD-04523,2026-07-12 00:54:37.852111,RS,Beleza e Saúde,375.62,17,2
ORD-04524,2026-06-19 00:54:37.852111,RJ,Esportes,1470.53,4,4
ORD-04525,2025-08-26 00:54:37.852111,CE,Informática,517.13,26,2
ORD-04526,2026-07-08 00:54:37.852111,MG,Informática,975.74,2,3
ORD-04527,2026-04-25 00:54:37.852111,PE,Esportes,531.63,13,4
ORD-04528,2026-02-17 00:54:37.852111,SC,Cama Mesa Banho,1181.46,7,5
ORD-04529,2025-08-16 00:54:37.852111,PR,Cama Mesa Banho,1455.12,7,5
ORD-04530,2025-10-03 00:54:37.852111,SP,Móveis,695.6,4,5
ORD-04531,2025-10-22 00:54:37.852111,RS,Beleza e Saúde,1225.89,7,5
ORD-04532,2025-09-11 00:54:37.852111,MG,Móveis,1658.47,3,5
ORD-04533,2026-05-08 00:54:37.852111,SP,Informática,233.74,7,3
ORD-04534,2026-01-12 00:54:37.852111,PR,Esportes,1435.81,13,3
ORD-04535,2025-09-30 00:54:37.852111,SC,Beleza e Saúde,680.13,12,2
ORD-04536,2026-03-29 00:54:37.852111,RJ,Esportes,289.17,6,5
ORD-04537,2026-08-07 00:54:37.852111,MG,Beleza e Saúde,1114.03,5,3
ORD-04538,2026-04-26 00:54:37.852111,SC,Eletrônicos,491.21,8,5
ORD-04539,2026-07-09 00:54:37.852111,RS,Informática,1651.66,7,5
ORD-04540,2026-07-05 00:54:37.852111,CE,Informática,133.65,19,1
ORD-04541,2026-03-16 00:54:37.852111,PR,Eletrônicos,242.37,6,4
ORD-04542,2026-04-17 00:54:37.852111,RS,Beleza e Saúde,1065.94,7,4
ORD-04543,2025-11-25 00:54:37.852111,RJ,Cama Mesa Banho,1198.44,7,5
ORD-04544,2026-05-18 00:54:37.852111,SC,Beleza e Saúde,1473.28,15,4
ORD-04545,2026-05-29 00:54:37.852111,AM,Informática,555.56,19,1
ORD-04546,2025-10-04 00:54:37.852111,RJ,Esportes,1691.43,7,4
ORD-04547,2026-01-11 00:54:37.852111,BA,Móveis,1908.63,16,2
ORD-04548,2025-11-01 00:54:37.852111,MG,Esportes,1023.13,2,3
ORD-04549,2025-12-17 00:54:37.852111,CE,Informática,1533.04,21,2
ORD-04550,2026-03-01 00:54:37.852111,PR,Esportes,1073.45,11,4
ORD-04551,2026-05-18 00:54:37.852111,PE,Cama Mesa Banho,185.46,18,2
ORD-04552,2026-03-25 00:54:37.852111,SC,Cama Mesa Banho,685.92,9,2
ORD-04553,2026-03-06 00:54:37.852111,AM,Beleza e Saúde,220.6,22,5
ORD-04554,2026-06-28 00:54:37.852111,PE,Esportes,1978.31,13,3
ORD-04555,2026-04-23 00:54:37.852111,MG,Esportes,496.6,3,5
ORD-04556,2026-06-29 00:54:37.852111,MG,Informática,1290.01,2,4
ORD-04557,2025-12-09 00:54:37.852111,PR,Beleza e Saúde,604.47,10,4
ORD-04558,2026-05-01 00:54:37.852111,AM,Beleza e Saúde,1323.83,12,3
ORD-04559,2026-05-20 00:54:37.852111,MG,Esportes,460.28,3,3
ORD-04560,2026-04-01 00:54:37.852111,PE,Móveis,1581.28,14,2
ORD-04561,2026-04-27 00:54:37.852111,AM,Esportes,266.08,16,4
ORD-04562,2026-07-26 00:54:37.852111,PE,Esportes,1795.54,10,5
ORD-04563,2026-05-11 00:54:37.852111,RJ,Esportes,1688.82,5,5
ORD-04564,2026-03-16 00:54:37.852111,RS,Cama Mesa Banho,1373.67,13,4
ORD-04565,2025-12-10 00:54:37.852111,AM,Eletrônicos,181.46,18,2
ORD-04566,2025-10-28 00:54:37.852111,SP,Beleza e Saúde,456.71,8,4
ORD-04567,2026-01-16 00:54:37.852111,RS,Eletrônicos,1725.76,14,4
ORD-04568,2026-04-09 00:54:37.852111,RS,Cama Mesa Banho,287.85,12,5
ORD-04569,2025-12-21 00:54:37.852111,AM,Móveis,354.07,18,4
ORD-04570,2026-04-13 00:54:37.852111,CE,Informática,1110.81,18,1
ORD-04571,2026-03-28 00:54:37.852111,MG,Móveis,584.65,6,4
ORD-04572,2026-04-20 00:54:37.852111,RJ,Beleza e Saúde,483.05,4,5
ORD-04573,2026-03-04 00:54:37.852111,CE,Informática,1172.84,8,4
ORD-04574,2026-01-24 00:54:37.852111,CE,Eletrônicos,776.52,20,3
ORD-04575,2025-12-22 00:54:37.852111,SP,Móveis,324.09,2,5
ORD-04576,2026-07-16 00:54:37.852111,SC,Beleza e Saúde,1092.96,7,5
ORD-04577,2026-08-02 00:54:37.852111,AM,Móveis,804.67,18,4
ORD-04578,2026-01-19 00:54:37.852111,PE,Informática,1482.31,17,2
ORD-04579,2026-02-27 00:54:37.852111,MG,Informática,250.37,2,3
ORD-04580,2025-12-09 00:54:37.852111,CE,Móveis,1260.2,18,3
ORD-04581,2026-06-27 00:54:37.852111,RJ,Cama Mesa Banho,901.16,6,5
ORD-04582,2025-12-10 00:54:37.852111,SC,Móveis,841.82,6,4
ORD-04583,2026-04-08 00:54:37.852111,SP,Eletrônicos,502.96,7,5
ORD-04584,2026-03-19 00:54:37.852111,BA,Móveis,109.33,10,4
ORD-04585,2026-04-17 00:54:37.852111,MG,Móveis,1702.99,9,4
ORD-04586,2026-03-14 00:54:37.852111,BA,Cama Mesa Banho,686.5,15,3
ORD-04587,2026-06-02 00:54:37.852111,RS,Esportes,1378.13,10,3
ORD-04588,2025-08-15 00:54:37.852111,CE,Informática,1897.8,8,2
ORD-04589,2026-03-29 00:54:37.852111,PR,Eletrônicos,1151.73,9,3
ORD-04590,2026-02-19 00:54:37.852111,MG,Beleza e Saúde,824.44,5,4
ORD-04591,2025-10-28 00:54:37.852111,PE,Informática,573.13,17,4
ORD-04592,2026-07-25 00:54:37.852111,SC,Informática,1871.39,8,4
ORD-04593,2026-01-30 00:54:37.852111,RJ,Esportes,1380.05,3,4
ORD-04594,2025-09-17 00:54:37.852111,MG,Informática,1347.3,7,3
ORD-04595,2026-02-19 00:54:37.852111,PE,Informática,881.01,18,3
ORD-04596,2025-08-24 00:54:37.852111,AM,Cama Mesa Banho,1697.84,25,3
ORD-04597,2026-03-25 00:54:37.852111,BA,Cama Mesa Banho,1441.66,15,4
ORD-04598,2025-12-10 00:54:37.852111,AM,Cama Mesa Banho,602.21,15,3
ORD-04599,2026-05-12 00:54:37.852111,SC,Cama Mesa Banho,1219.18,12,2
ORD-04600,2025-12-17 00:54:37.852111,SP,Cama Mesa Banho,888.88,1,5
ORD-04601,2026-01-20 00:54:37.852111,CE,Eletrônicos,62.85,11,5
ORD-04602,2026-06-26 00:54:37.852111,MG,Beleza e Saúde,1624.87,7,5
ORD-04603,2025-12-11 00:54:37.852111,PR,Esportes,289.52,6,3
ORD-04604,2025-09-27 00:54:37.852111,BA,Móveis,1044.41,8,4
ORD-04605,2025-09-30 00:54:37.852111,BA,Eletrônicos,705.64,27,2
ORD-04606,2025-10-22 00:54:37.852111,MG,Cama Mesa Banho,717.07,2,4
ORD-04607,2026-04-07 00:54:37.852111,RS,Esportes,980.86,10,1
ORD-04608,2025-09-03 00:54:37.852111,AM,Móveis,1994.2,18,3
ORD-04609,2025-11-04 00:54:37.852111,BA,Informática,846.34,3,4
ORD-04610,2026-07-27 00:54:37.852111,PE,Eletrônicos,405.54,16,2
ORD-04611,2026-06-03 00:54:37.852111,RJ,Informática,1246.53,5,4
ORD-04612,2025-11-17 00:54:37.852111,CE,Esportes,510.76,19,2
ORD-04613,2025-09-22 00:54:37.852111,BA,Beleza e Saúde,255.82,22,2
ORD-04614,2025-11-04 00:54:37.852111,PE,Beleza e Saúde,147.84,16,2
ORD-04615,2025-10-12 00:54:37.852111,SC,Esportes,94.62,12,3
ORD-04616,2026-08-06 00:54:37.852111,SC,Beleza e Saúde,890.77,7,2
ORD-04617,2025-10-03 00:54:37.852111,CE,Beleza e Saúde,882.12,10,4
ORD-04618,2025-10-12 00:54:37.852111,RS,Informática,411.81,6,1
ORD-04619,2026-05-02 00:54:37.852111,PR,Beleza e Saúde,1578.84,5,4
ORD-04620,2025-10-08 00:54:37.852111,CE,Beleza e Saúde,302.08,23,3
ORD-04621,2026-02-01 00:54:37.852111,SP,Esportes,1834.87,1,4
ORD-04622,2025-12-15 00:54:37.852111,RS,Beleza e Saúde,1195.77,10,4
ORD-04623,2026-06-12 00:54:37.852111,BA,Eletrônicos,103.85,16,4
ORD-04624,2026-07-27 00:54:37.852111,CE,Cama Mesa Banho,1927.8,17,1
ORD-04625,2026-02-23 00:54:37.852111,AM,Cama Mesa Banho,650.49,24,1
ORD-04626,2026-07-19 00:54:37.852111,SC,Esportes,927.45,8,1
ORD-04627,2025-12-05 00:54:37.852111,PE,Cama Mesa Banho,604.32,21,2
ORD-04628,2025-12-03 00:54:37.852111,CE,Informática,1470.42,18,2
ORD-04629,2026-01-18 00:54:37.852111,AM,Eletrônicos,997.08,17,1
ORD-04630,2026-07-15 00:54:37.852111,RS,Eletrônicos,308.13,16,5
ORD-04631,2026-04-18 00:54:37.852111,SP,Esportes,253.2,2,5
ORD-04632,2025-11-04 00:54:37.852111,PE,Beleza e Saúde,1464.48,24,1
ORD-04633,2026-03-22 00:54:37.852111,RJ,Cama Mesa Banho,512.31,6,5
ORD-04634,2026-07-19 00:54:37.852111,SP,Informática,318.7,4,3
ORD-04635,2025-10-07 00:54:37.852111,BA,Esportes,1023.88,26,1
ORD-04636,2026-03-10 00:54:37.852111,AM,Esportes,1615.39,8,2
ORD-04637,2026-06-01 00:54:37.852111,CE,Beleza e Saúde,593.63,15,5
ORD-04638,2026-04-15 00:54:37.852111,CE,Móveis,589.04,11,4
ORD-04639,2025-10-05 00:54:37.852111,MG,Cama Mesa Banho,1676.07,5,5
ORD-04640,2025-09-26 00:54:37.852111,SC,Informática,338.28,6,4
ORD-04641,2026-05-12 00:54:37.852111,BA,Esportes,1252.62,20,3
ORD-04642,2026-05-19 00:54:37.852111,AM,Cama Mesa Banho,1912.28,17,3
ORD-04643,2025-09-11 00:54:37.852111,CE,Informática,1690.54,15,3
ORD-04644,2025-08-14 00:54:37.852111,RJ,Eletrônicos,170.54,5,4
ORD-04645,2026-04-17 00:54:37.852111,PE,Eletrônicos,673.83,16,2
ORD-04646,2025-12-23 00:54:37.852111,BA,Informática,327.63,12,3
ORD-04647,2026-01-26 00:54:37.852111,RS,Eletrônicos,1901.02,18,3
ORD-04648,2026-01-19 00:54:37.852111,RJ,Esportes,1972.59,4,5
ORD-04649,2025-09-08 00:54:37.852111,PE,Cama Mesa Banho,508.24,6,3
ORD-04650,2026-03-19 00:54:37.852111,PR,Informática,1355.91,7,3
ORD-04651,2025-11-15 00:54:37.852111,SC,Esportes,1691.18,6,5
ORD-04652,2026-03-27 00:54:37.852111,BA,Cama Mesa Banho,505.68,22,2
ORD-04653,2026-02-13 00:54:37.852111,AM,Cama Mesa Banho,415.98,19,3
ORD-04654,2026-07-14 00:54:37.852111,SP,Esportes,71.86,5,3
ORD-04655,2026-06-17 00:54:37.852111,PE,Cama Mesa Banho,853.33,16,1
ORD-04656,2025-12-24 00:54:37.852111,RS,Móveis,1803.9,9,3
ORD-04657,2026-03-20 00:54:37.852111,CE,Informática,1810.81,16,2
ORD-04658,2026-06-26 00:54:37.852111,SP,Informática,299.1,4,4
ORD-04659,2026-01-31 00:54:37.852111,RJ,Cama Mesa Banho,448.49,6,5
ORD-04660,2026-01-01 00:54:37.852111,SC,Esportes,845.69,11,4
ORD-04661,2026-03-30 00:54:37.852111,AM,Beleza e Saúde,1572.22,20,4
ORD-04662,2026-07-22 00:54:37.852111,SP,Eletrônicos,1243.11,5,5
ORD-04663,2026-08-07 00:54:37.852111,RS,Cama Mesa Banho,1052.01,12,1
ORD-04664,2026-01-21 00:54:37.852111,PE,Beleza e Saúde,1204.27,19,3
ORD-04665,2025-12-17 00:54:37.852111,AM,Cama Mesa Banho,237.59,19,1
ORD-04666,2026-02-09 00:54:37.852111,PR,Beleza e Saúde,981.44,13,3
ORD-04667,2025-08-18 00:54:37.852111,CE,Cama Mesa Banho,1984.52,14,2
ORD-04668,2025-10-25 00:54:37.852111,SC,Esportes,222.47,7,5
ORD-04669,2025-09-12 00:54:37.852111,SP,Eletrônicos,1062.53,2,5
ORD-04670,2026-01-05 00:54:37.852111,SC,Beleza e Saúde,626.52,10,3
ORD-04671,2026-04-19 00:54:37.852111,SC,Móveis,1102.83,4,4
ORD-04672,2025-10-04 00:54:37.852111,SC,Esportes,1168.95,11,4
ORD-04673,2026-06-25 00:54:37.852111,PE,Eletrônicos,1176.07,17,3
ORD-04674,2026-02-21 00:54:37.852111,SC,Cama Mesa Banho,1711.81,13,3
ORD-04675,2026-05-23 00:54:37.852111,PR,Beleza e Saúde,810.01,7,3
ORD-04676,2025-09-25 00:54:37.852111,RJ,Eletrônicos,1056.89,4,4
ORD-04677,2025-09-14 00:54:37.852111,RS,Informática,71.31,13,3
ORD-04678,2026-06-29 00:54:37.852111,AM,Esportes,1589.62,24,3
ORD-04679,2025-09-12 00:54:37.852111,PR,Beleza e Saúde,556.0,7,4
ORD-04680,2026-07-24 00:54:37.852111,AM,Esportes,1642.28,18,2
ORD-04681,2026-01-04 00:54:37.852111,RS,Beleza e Saúde,568.0,10,4
ORD-04682,2026-04-12 00:54:37.852111,RJ,Informática,71.04,5,4
ORD-04683,2025-12-22 00:54:37.852111,BA,Móveis,351.92,16,4
ORD-04684,2026-01-04 00:54:37.852111,AM,Informática,1972.08,24,4
ORD-04685,2025-09-24 00:54:37.852111,AM,Cama Mesa Banho,673.61,8,3
ORD-04686,2025-09-08 00:54:37.852111,RJ,Esportes,262.21,4,5
ORD-04687,2026-08-10 00:54:37.852111,SP,Móveis,281.58,5,4
ORD-04688,2026-02-12 00:54:37.852111,PR,Esportes,655.17,11,3
ORD-04689,2026-01-19 00:54:37.852111,SP,Eletrônicos,123.41,7,4
ORD-04690,2025-09-27 00:54:37.852111,SP,Beleza e Saúde,1047.4,7,4
ORD-04691,2026-07-04 00:54:37.852111,SP,Cama Mesa Banho,466.79,4,5
ORD-04692,2026-06-15 00:54:37.852111,SC,Cama Mesa Banho,1062.66,13,3
ORD-04693,2026-06-12 00:54:37.852111,CE,Esportes,324.49,14,4
ORD-04694,2026-04-03 00:54:37.852111,AM,Cama Mesa Banho,888.22,22,1
ORD-04695,2026-06-14 00:54:37.852111,SP,Esportes,1215.94,8,4
ORD-04696,2025-09-16 00:54:37.852111,PR,Beleza e Saúde,170.9,13,4
ORD-04697,2026-04-13 00:54:37.852111,CE,Beleza e Saúde,827.56,18,2
ORD-04698,2026-04-28 00:54:37.852111,CE,Esportes,639.92,16,1
ORD-04699,2026-05-09 00:54:37.852111,SP,Informática,518.7,1,5
ORD-04700,2025-08-31 00:54:37.852111,PE,Informática,1228.84,19,2
ORD-04701,2025-12-21 00:54:37.852111,SP,Beleza e Saúde,1197.66,2,5
ORD-04702,2026-06-12 00:54:37.852111,PE,Móveis,1279.86,14,5
ORD-04703,2025-11-30 00:54:37.852111,SP,Informática,359.82,2,4
ORD-04704,2026-06-25 00:54:37.852111,PR,Esportes,607.13,8,3
ORD-04705,2025-08-30 00:54:37.852111,PE,Beleza e Saúde,458.87,17,1
ORD-04706,2026-03-07 00:54:37.852111,SC,Cama Mesa Banho,1103.98,10,4
ORD-04707,2026-04-11 00:54:37.852111,CE,Cama Mesa Banho,949.08,14,3
ORD-04708,2025-09-30 00:54:37.852111,SP,Informática,694.07,7,3
ORD-04709,2026-01-18 00:54:37.852111,CE,Móveis,1582.73,16,3
ORD-04710,2026-06-26 00:54:37.852111,SP,Eletrônicos,233.25,3,5
ORD-04711,2026-03-30 00:54:37.852111,AM,Informática,1951.05,19,2
ORD-04712,2026-01-24 00:54:37.852111,AM,Móveis,277.26,27,1
ORD-04713,2025-12-06 00:54:37.852111,MG,Informática,1557.49,5,4
ORD-04714,2025-10-03 00:54:37.852111,SP,Cama Mesa Banho,768.05,4,2
ORD-04715,2025-08-21 00:54:37.852111,MG,Móveis,1737.26,1,5
ORD-04716,2025-09-29 00:54:37.852111,RJ,Cama Mesa Banho,194.63,4,4
ORD-04717,2025-10-22 00:54:37.852111,RJ,Esportes,780.71,5,4
ORD-04718,2025-10-03 00:54:37.852111,CE,Esportes,704.11,16,3
ORD-04719,2026-01-16 00:54:37.852111,PE,Beleza e Saúde,1986.66,9,4
ORD-04720,2025-08-23 00:54:37.852111,SP,Cama Mesa Banho,1971.82,3,4
ORD-04721,2026-01-14 00:54:37.852111,RS,Cama Mesa Banho,420.12,14,3
ORD-04722,2026-02-02 00:54:37.852111,SP,Beleza e Saúde,1278.4,7,3
ORD-04723,2026-06-30 00:54:37.852111,SP,Esportes,1094.26,3,4
ORD-04724,2026-07-15 00:54:37.852111,RS,Esportes,351.03,12,3
ORD-04725,2026-06-15 00:54:37.852111,RJ,Móveis,377.17,2,4
ORD-04726,2026-06-03 00:54:37.852111,MG,Móveis,1979.04,7,5
ORD-04727,2026-05-13 00:54:37.852111,CE,Eletrônicos,932.82,19,2
ORD-04728,2025-11-21 00:54:37.852111,RJ,Esportes,295.31,6,4
ORD-04729,2026-01-05 00:54:37.852111,RS,Eletrônicos,468.84,4,5
ORD-04730,2026-01-10 00:54:37.852111,SP,Informática,573.28,6,5
ORD-04731,2025-11-09 00:54:37.852111,RJ,Cama Mesa Banho,1046.29,4,5
ORD-04732,2026-06-10 00:54:37.852111,PR,Móveis,704.32,12,4
ORD-04733,2025-09-01 00:54:37.852111,AM,Informática,937.27,22,1
ORD-04734,2025-10-25 00:54:37.852111,SP,Móveis,374.67,5,5
ORD-04735,2025-12-11 00:54:37.852111,BA,Beleza e Saúde,687.12,14,5
ORD-04736,2026-06-12 00:54:37.852111,RS,Cama Mesa Banho,187.12,12,3
ORD-04737,2025-09-15 00:54:37.852111,SC,Eletrônicos,1784.94,9,4
ORD-04738,2026-02-24 00:54:37.852111,PE,Eletrônicos,437.57,13,2
ORD-04739,2025-11-17 00:54:37.852111,SC,Móveis,1525.96,7,2
ORD-04740,2025-11-19 00:54:37.852111,RJ,Esportes,731.63,2,4
ORD-04741,2026-06-20 00:54:37.852111,SP,Eletrônicos,975.07,3,4
ORD-04742,2026-07-28 00:54:37.852111,PE,Beleza e Saúde,617.96,23,1
ORD-04743,2026-08-05 00:54:37.852111,PE,Beleza e Saúde,1408.06,18,1
ORD-04744,2026-05-01 00:54:37.852111,CE,Esportes,1696.87,15,2
ORD-04745,2026-06-15 00:54:37.852111,SC,Beleza e Saúde,608.23,12,3
ORD-04746,2025-10-04 00:54:37.852111,SP,Cama Mesa Banho,522.32,3,4
ORD-04747,2026-07-04 00:54:37.852111,CE,Móveis,1378.81,18,3
ORD-04748,2025-12-19 00:54:37.852111,MG,Beleza e Saúde,430.55,4,5
ORD-04749,2026-05-11 00:54:37.852111,SC,Cama Mesa Banho,1297.69,12,5
ORD-04750,2026-01-03 00:54:37.852111,AM,Esportes,234.13,10,5
ORD-04751,2026-01-21 00:54:37.852111,AM,Móveis,1259.27,13,3
ORD-04752,2026-03-28 00:54:37.852111,CE,Esportes,1051.14,9,3
ORD-04753,2025-10-17 00:54:37.852111,MG,Móveis,272.12,4,5
ORD-04754,2026-01-18 00:54:37.852111,PR,Beleza e Saúde,1315.75,13,3
ORD-04755,2025-09-11 00:54:37.852111,PR,Beleza e Saúde,920.79,8,3
ORD-04756,2026-05-24 00:54:37.852111,AM,Móveis,473.37,15,4
ORD-04757,2026-01-07 00:54:37.852111,BA,Cama Mesa Banho,739.1,22,1
ORD-04758,2026-08-11 00:54:37.852111,RS,Cama Mesa Banho,1009.6,13,3
ORD-04759,2026-02-16 00:54:37.852111,RS,Cama Mesa Banho,228.53,9,4
ORD-04760,2025-09-01 00:54:37.852111,BA,Informática,1917.34,21,2
ORD-04761,2025-11-07 00:54:37.852111,CE,Eletrônicos,1347.85,12,3
ORD-04762,2026-03-20 00:54:37.852111,RS,Eletrônicos,249.94,14,3
ORD-04763,2025-09-29 00:54:37.852111,RS,Eletrônicos,1654.58,16,2
ORD-04764,2026-01-01 00:54:37.852111,SC,Cama Mesa Banho,678.98,11,5
ORD-04765,2026-06-12 00:54:37.852111,SC,Beleza e Saúde,1213.76,3,4
ORD-04766,2025-10-23 00:54:37.852111,BA,Informática,590.43,15,3
ORD-04767,2025-12-17 00:54:37.852111,SP,Cama Mesa Banho,1480.14,6,5
ORD-04768,2026-01-30 00:54:37.852111,MG,Beleza e Saúde,1459.87,4,3
ORD-04769,2026-02-28 00:54:37.852111,CE,Informática,1126.48,24,2
ORD-04770,2026-01-03 00:54:37.852111,SC,Beleza e Saúde,519.8,11,3
ORD-04771,2026-06-13 00:54:37.852111,SC,Móveis,544.72,7,5
ORD-04772,2026-04-06 00:54:37.852111,PR,Beleza e Saúde,796.58,10,2
ORD-04773,2026-02-21 00:54:37.852111,MG,Informática,332.77,3,4
ORD-04774,2026-03-10 00:54:37.852111,PR,Cama Mesa Banho,708.43,9,2
ORD-04775,2026-04-25 00:54:37.852111,SP,Eletrônicos,1384.49,3,3
ORD-04776,2025-11-17 00:54:37.852111,MG,Informática,1670.15,7,5
ORD-04777,2025-08-22 00:54:37.852111,RS,Cama Mesa Banho,698.54,16,3
ORD-04778,2025-11-08 00:54:37.852111,PR,Cama Mesa Banho,505.5,5,4
ORD-04779,2026-05-31 00:54:37.852111,AM,Esportes,1673.65,8,3
ORD-04780,2026-01-18 00:54:37.852111,CE,Móveis,1786.87,16,4
ORD-04781,2025-11-07 00:54:37.852111,RS,Esportes,849.54,5,3
ORD-04782,2025-09-21 00:54:37.852111,MG,Eletrônicos,102.46,5,5
ORD-04783,2025-09-07 00:54:37.852111,AM,Informática,1405.18,21,1
ORD-04784,2025-08-21 00:54:37.852111,SP,Esportes,1578.86,7,3
ORD-04785,2025-09-07 00:54:37.852111,AM,Eletrônicos,85.15,19,3
ORD-04786,2026-01-21 00:54:37.852111,SC,Cama Mesa Banho,1210.31,9,5
ORD-04787,2026-03-05 00:54:37.852111,BA,Informática,1197.32,8,4
ORD-04788,2026-07-16 00:54:37.852111,AM,Esportes,788.48,18,1
ORD-04789,2025-11-29 00:54:37.852111,PE,Beleza e Saúde,1512.05,18,2
ORD-04790,2026-03-01 00:54:37.852111,SP,Eletrônicos,884.95,6,4
ORD-04791,2026-06-11 00:54:37.852111,RS,Eletrônicos,1369.71,7,3
ORD-04792,2026-07-22 00:54:37.852111,PR,Móveis,1058.38,8,5
ORD-04793,2026-06-04 00:54:37.852111,RJ,Beleza e Saúde,534.51,2,2
ORD-04794,2026-05-09 00:54:37.852111,SP,Informática,1232.68,1,4
ORD-04795,2026-03-03 00:54:37.852111,PE,Esportes,1486.97,12,3
ORD-04796,2026-05-26 00:54:37.852111,SC,Cama Mesa Banho,1949.12,5,1
ORD-04797,2026-08-08 00:54:37.852111,PR,Esportes,791.21,11,2
ORD-04798,2025-10-01 00:54:37.852111,CE,Informática,175.72,15,3
ORD-04799,2026-04-15 00:54:37.852111,RJ,Informática,1976.54,3,5
ORD-04800,2025-10-15 00:54:37.852111,AM,Informática,1266.42,13,5
ORD-04801,2026-02-16 00:54:37.852111,PE,Informática,1895.58,1,5
ORD-04802,2026-02-18 00:54:37.852111,AM,Eletrônicos,252.46,25,2
ORD-04803,2026-01-08 00:54:37.852111,CE,Esportes,716.97,12,4
ORD-04804,2026-06-18 00:54:37.852111,SP,Beleza e Saúde,311.18,4,4
ORD-04805,2026-02-07 00:54:37.852111,BA,Cama Mesa Banho,1679.24,10,1
ORD-04806,2025-12-24 00:54:37.852111,PE,Cama Mesa Banho,1766.67,22,1
ORD-04807,2025-12-01 00:54:37.852111,MG,Móveis,1027.56,5,4
ORD-04808,2026-05-01 00:54:37.852111,RS,Eletrônicos,413.88,7,5
ORD-04809,2026-05-28 00:54:37.852111,MG,Informática,297.88,4,5
ORD-04810,2025-12-26 00:54:37.852111,BA,Informática,1196.92,26,1
ORD-04811,2025-11-28 00:54:37.852111,CE,Informática,1037.43,17,4
ORD-04812,2025-11-22 00:54:37.852111,MG,Eletrônicos,1404.84,4,5
ORD-04813,2025-09-16 00:54:37.852111,SC,Beleza e Saúde,645.15,7,5
ORD-04814,2026-02-12 00:54:37.852111,PE,Informática,834.62,8,5
ORD-04815,2025-11-30 00:54:37.852111,SC,Móveis,91.65,9,3
ORD-04816,2026-07-06 00:54:37.852111,RJ,Móveis,1239.78,5,5
ORD-04817,2026-02-18 00:54:37.852111,BA,Beleza e Saúde,875.13,23,2
ORD-04818,2026-07-17 00:54:37.852111,RJ,Eletrônicos,1843.54,1,5
ORD-04819,2025-11-10 00:54:37.852111,RJ,Informática,1301.48,2,5
ORD-04820,2026-03-26 00:54:37.852111,RJ,Esportes,827.45,3,4
ORD-04821,2025-10-18 00:54:37.852111,SP,Esportes,564.0,4,4
ORD-04822,2025-10-30 00:54:37.852111,SP,Cama Mesa Banho,1815.31,4,4
ORD-04823,2026-05-14 00:54:37.852111,BA,Beleza e Saúde,81.72,17,4
ORD-04824,2026-06-13 00:54:37.852111,PR,Esportes,687.48,11,3
ORD-04825,2025-08-13 00:54:37.852111,MG,Cama Mesa Banho,1889.84,3,5
ORD-04826,2025-08-31 00:54:37.852111,SP,Móveis,1325.36,6,5
ORD-04827,2026-03-03 00:54:37.852111,AM,Cama Mesa Banho,1088.8,20,2
ORD-04828,2025-08-27 00:54:37.852111,SC,Informática,446.89,9,5
ORD-04829,2026-03-23 00:54:37.852111,SP,Informática,1675.08,8,4
ORD-04830,2025-12-03 00:54:37.852111,CE,Móveis,448.19,25,3
ORD-04831,2025-11-17 00:54:37.852111,RJ,Beleza e Saúde,534.09,6,5
ORD-04832,2025-10-26 00:54:37.852111,SP,Eletrônicos,424.11,1,5
ORD-04833,2026-02-07 00:54:37.852111,BA,Informática,358.39,25,1
ORD-04834,2025-10-13 00:54:37.852111,SC,Informática,1908.96,12,3
ORD-04835,2025-10-26 00:54:37.852111,SC,Cama Mesa Banho,1223.96,16,3
ORD-04836,2026-05-19 00:54:37.852111,PR,Cama Mesa Banho,1293.78,13,2
ORD-04837,2026-02-28 00:54:37.852111,RS,Cama Mesa Banho,1910.93,14,3
ORD-04838,2026-04-21 00:54:37.852111,RS,Esportes,499.62,12,2
ORD-04839,2025-08-22 00:54:37.852111,MG,Móveis,61.54,7,5
ORD-04840,2026-02-11 00:54:37.852111,AM,Beleza e Saúde,1217.82,27,2
ORD-04841,2026-01-18 00:54:37.852111,PE,Cama Mesa Banho,1040.3,19,1
ORD-04842,2025-11-30 00:54:37.852111,BA,Beleza e Saúde,981.42,10,5
ORD-04843,2025-12-21 00:54:37.852111,CE,Cama Mesa Banho,170.67,16,3
ORD-04844,2025-08-23 00:54:37.852111,SP,Informática,936.15,5,3
ORD-04845,2026-08-10 00:54:37.852111,BA,Beleza e Saúde,610.74,18,3
ORD-04846,2026-01-17 00:54:37.852111,AM,Esportes,585.4,11,3
ORD-04847,2026-01-28 00:54:37.852111,RS,Cama Mesa Banho,483.64,5,4
ORD-04848,2025-09-06 00:54:37.852111,BA,Eletrônicos,698.43,14,3
ORD-04849,2026-04-10 00:54:37.852111,SP,Móveis,738.61,6,3
ORD-04850,2026-03-28 00:54:37.852111,PR,Informática,652.11,14,4
ORD-04851,2025-09-08 00:54:37.852111,MG,Cama Mesa Banho,1958.57,6,4
ORD-04852,2026-07-19 00:54:37.852111,PR,Beleza e Saúde,1868.83,13,2
ORD-04853,2026-06-06 00:54:37.852111,RS,Cama Mesa Banho,1170.29,9,4
ORD-04854,2026-06-13 00:54:37.852111,RJ,Informática,1963.06,1,4
ORD-04855,2026-07-15 00:54:37.852111,RS,Móveis,1982.84,8,3
ORD-04856,2026-07-25 00:54:37.852111,MG,Móveis,744.08,4,5
ORD-04857,2026-02-23 00:54:37.852111,SP,Móveis,918.12,4,3
ORD-04858,2026-05-31 00:54:37.852111,AM,Eletrônicos,1920.17,18,1
ORD-04859,2026-06-13 00:54:37.852111,PE,Informática,1236.82,20,3
ORD-04860,2026-03-13 00:54:37.852111,PR,Eletrônicos,465.21,12,3
ORD-04861,2025-11-10 00:54:37.852111,RS,Eletrônicos,1394.29,9,3
ORD-04862,2026-06-26 00:54:37.852111,AM,Cama Mesa Banho,451.21,8,4
ORD-04863,2026-01-14 00:54:37.852111,PR,Informática,711.75,8,4
ORD-04864,2025-09-04 00:54:37.852111,RS,Informática,493.74,10,3
ORD-04865,2026-03-27 00:54:37.852111,MG,Cama Mesa Banho,527.71,7,5
ORD-04866,2026-04-25 00:54:37.852111,PR,Esportes,59.08,8,2
ORD-04867,2026-02-11 00:54:37.852111,RS,Eletrônicos,1767.38,11,4
ORD-04868,2026-07-16 00:54:37.852111,SP,Móveis,627.18,5,5
ORD-04869,2026-01-28 00:54:37.852111,MG,Beleza e Saúde,218.43,5,4
ORD-04870,2026-02-03 00:54:37.852111,AM,Eletrônicos,219.63,22,1
ORD-04871,2025-10-02 00:54:37.852111,AM,Beleza e Saúde,1134.24,14,4
ORD-04872,2026-06-23 00:54:37.852111,PE,Cama Mesa Banho,1986.2,15,2
ORD-04873,2026-03-17 00:54:37.852111,BA,Beleza e Saúde,332.79,17,2
ORD-04874,2025-11-18 00:54:37.852111,RJ,Esportes,244.26,3,5
ORD-04875,2026-06-24 00:54:37.852111,SP,Informática,904.69,6,4
ORD-04876,2025-12-10 00:54:37.852111,MG,Móveis,1148.5,3,3
ORD-04877,2026-04-22 00:54:37.852111,PR,Beleza e Saúde,624.04,10,5
ORD-04878,2026-02-24 00:54:37.852111,AM,Beleza e Saúde,639.92,17,2
ORD-04879,2026-02-28 00:54:37.852111,SP,Cama Mesa Banho,877.73,5,4
ORD-04880,2026-07-30 00:54:37.852111,MG,Cama Mesa Banho,662.58,4,5
ORD-04881,2026-01-22 00:54:37.852111,MG,Informática,1834.9,4,5
ORD-04882,2025-10-29 00:54:37.852111,PR,Móveis,131.81,10,5
ORD-04883,2026-02-05 00:54:37.852111,MG,Beleza e Saúde,507.41,5,3
ORD-04884,2026-03-11 00:54:37.852111,CE,Informática,1626.68,17,3
ORD-04885,2026-06-19 00:54:37.852111,SP,Móveis,1676.22,8,5
ORD-04886,2026-02-12 00:54:37.852111,RS,Informática,267.53,7,4
ORD-04887,2026-01-15 00:54:37.852111,AM,Beleza e Saúde,1948.84,17,3
ORD-04888,2026-05-30 00:54:37.852111,AM,Cama Mesa Banho,1402.04,10,5
ORD-04889,2025-11-09 00:54:37.852111,RS,Cama Mesa Banho,581.56,11,2
ORD-04890,2026-04-02 00:54:37.852111,SP,Cama Mesa Banho,939.27,2,5
ORD-04891,2025-09-04 00:54:37.852111,RJ,Esportes,629.42,4,3
ORD-04892,2026-06-15 00:54:37.852111,SP,Informática,342.54,4,3
ORD-04893,2025-09-02 00:54:37.852111,SC,Beleza e Saúde,617.8,10,3
ORD-04894,2026-02-12 00:54:37.852111,MG,Informática,1181.18,3,5
ORD-04895,2025-09-08 00:54:37.852111,BA,Cama Mesa Banho,1660.64,15,3
ORD-04896,2025-09-26 00:54:37.852111,PR,Eletrônicos,758.88,14,3
ORD-04897,2026-06-10 00:54:37.852111,CE,Eletrônicos,728.41,19,4
ORD-04898,2025-09-20 00:54:37.852111,BA,Informática,962.6,15,3
ORD-04899,2025-11-26 00:54:37.852111,RS,Móveis,1306.88,9,3
ORD-04900,2026-02-01 00:54:37.852111,PR,Eletrônicos,1515.65,14,3
ORD-04901,2026-03-23 00:54:37.852111,PR,Eletrônicos,687.26,9,5
ORD-04902,2026-05-01 00:54:37.852111,PR,Informática,1193.39,7,4
ORD-04903,2026-01-11 00:54:37.852111,AM,Esportes,809.25,14,5
ORD-04904,2025-12-14 00:54:37.852111,CE,Esportes,1446.98,15,4
ORD-04905,2026-01-16 00:54:37.852111,AM,Cama Mesa Banho,371.12,15,2
ORD-04906,2026-05-12 00:54:37.852111,MG,Beleza e Saúde,551.0,2,5
ORD-04907,2026-03-24 00:54:37.852111,SC,Móveis,880.82,6,3
ORD-04908,2026-04-23 00:54:37.852111,PE,Beleza e Saúde,1784.36,13,2
ORD-04909,2026-06-15 00:54:37.852111,CE,Beleza e Saúde,1167.99,20,5
ORD-04910,2026-07-01 00:54:37.852111,BA,Móveis,1932.52,16,4
ORD-04911,2026-01-18 00:54:37.852111,MG,Esportes,251.39,4,5
ORD-04912,2025-11-18 00:54:37.852111,SP,Eletrônicos,947.34,7,3
ORD-04913,2025-10-21 00:54:37.852111,RS,Cama Mesa Banho,867.2,13,5
ORD-04914,2026-04-17 00:54:37.852111,SC,Informática,1220.4,9,5
ORD-04915,2026-07-24 00:54:37.852111,MG,Esportes,1633.33,3,5
ORD-04916,2026-01-03 00:54:37.852111,SP,Cama Mesa Banho,1690.82,3,5
ORD-04917,2026-02-28 00:54:37.852111,SC,Eletrônicos,1356.88,12,2
ORD-04918,2026-04-04 00:54:37.852111,SP,Esportes,1301.0,4,3
ORD-04919,2026-03-10 00:54:37.852111,CE,Móveis,1900.61,16,2
ORD-04920,2026-02-10 00:54:37.852111,SP,Beleza e Saúde,798.19,3,4
ORD-04921,2026-05-15 00:54:37.852111,SC,Móveis,1673.93,7,4
ORD-04922,2026-05-11 00:54:37.852111,SP,Eletrônicos,1846.93,5,4
ORD-04923,2026-07-31 00:54:37.852111,BA,Informática,1008.5,11,5
ORD-04924,2025-09-25 00:54:37.852111,MG,Móveis,1471.75,6,5
ORD-04925,2025-10-24 00:54:37.852111,SC,Eletrônicos,785.19,8,4
ORD-04926,2025-12-26 00:54:37.852111,BA,Beleza e Saúde,359.81,17,5
ORD-04927,2025-09-25 00:54:37.852111,SP,Esportes,1193.68,2,5
ORD-04928,2025-10-25 00:54:37.852111,SP,Cama Mesa Banho,433.12,4,4
ORD-04929,2026-07-18 00:54:37.852111,PR,Eletrônicos,942.32,9,2
ORD-04930,2026-05-30 00:54:37.852111,SC,Eletrônicos,1752.11,9,3
ORD-04931,2025-08-14 00:54:37.852111,CE,Informática,217.74,25,1
ORD-04932,2025-10-18 00:54:37.852111,SP,Esportes,109.34,5,4
ORD-04933,2026-03-16 00:54:37.852111,RS,Eletrônicos,1232.63,7,4
ORD-04934,2026-03-18 00:54:37.852111,AM,Eletrônicos,695.57,14,3
ORD-04935,2026-08-05 00:54:37.852111,PE,Cama Mesa Banho,864.98,20,3
ORD-04936,2026-07-15 00:54:37.852111,AM,Beleza e Saúde,841.14,24,1
ORD-04937,2025-10-21 00:54:37.852111,CE,Móveis,218.91,19,3
ORD-04938,2026-01-16 00:54:37.852111,MG,Esportes,56.95,6,4
ORD-04939,2026-04-07 00:54:37.852111,RJ,Cama Mesa Banho,1801.93,6,4
ORD-04940,2025-09-07 00:54:37.852111,RS,Cama Mesa Banho,474.71,14,4
ORD-04941,2026-04-19 00:54:37.852111,RJ,Móveis,880.85,1,4
ORD-04942,2026-03-22 00:54:37.852111,SP,Esportes,1945.26,6,4
ORD-04943,2025-09-29 00:54:37.852111,MG,Esportes,1662.19,6,4
ORD-04944,2025-12-21 00:54:37.852111,BA,Beleza e Saúde,260.47,11,3
ORD-04945,2026-08-06 00:54:37.852111,SP,Esportes,1041.61,3,5
ORD-04946,2026-06-29 00:54:37.852111,RJ,Eletrônicos,1473.65,3,4
ORD-04947,2025-12-17 00:54:37.852111,SP,Móveis,1411.87,3,4
ORD-04948,2026-03-11 00:54:37.852111,PE,Esportes,1533.64,15,2
ORD-04949,2026-02-13 00:54:37.852111,PR,Beleza e Saúde,942.04,10,5
ORD-04950,2026-01-10 00:54:37.852111,PE,Cama Mesa Banho,393.05,22,1
ORD-04951,2026-05-17 00:54:37.852111,MG,Eletrônicos,956.5,7,4
ORD-04952,2025-11-30 00:54:37.852111,BA,Esportes,1313.38,13,5
ORD-04953,2026-06-01 00:54:37.852111,PE,Móveis,1236.75,13,3
ORD-04954,2026-02-15 00:54:37.852111,SC,Esportes,187.52,13,4
ORD-04955,2026-01-13 00:54:37.852111,BA,Informática,176.66,21,4
ORD-04956,2025-10-24 00:54:37.852111,RJ,Beleza e Saúde,1932.25,5,5
ORD-04957,2025-12-22 00:54:37.852111,PE,Cama Mesa Banho,346.02,20,2
ORD-04958,2025-12-17 00:54:37.852111,PR,Informática,624.2,9,4
ORD-04959,2026-01-02 00:54:37.852111,BA,Móveis,1546.89,20,1
ORD-04960,2026-04-16 00:54:37.852111,SP,Esportes,848.87,4,4
ORD-04961,2025-10-04 00:54:37.852111,PR,Beleza e Saúde,403.86,10,3
ORD-04962,2025-11-22 00:54:37.852111,SP,Eletrônicos,961.1,1,5
ORD-04963,2026-01-18 00:54:37.852111,PE,Esportes,1159.45,14,2
ORD-04964,2026-05-10 00:54:37.852111,RS,Esportes,932.89,7,3
ORD-04965,2026-01-03 00:54:37.852111,RS,Esportes,1841.94,8,3
ORD-04966,2025-11-10 00:54:37.852111,RJ,Eletrônicos,605.16,3,5
ORD-04967,2025-12-25 00:54:37.852111,PR,Esportes,1339.6,8,4
ORD-04968,2025-10-08 00:54:37.852111,SP,Beleza e Saúde,268.97,1,5
ORD-04969,2026-04-16 00:54:37.852111,CE,Eletrônicos,814.96,20,3
ORD-04970,2025-11-18 00:54:37.852111,PR,Eletrônicos,1494.94,9,2
ORD-04971,2025-11-13 00:54:37.852111,SC,Informática,488.39,4,4
ORD-04972,2026-06-10 00:54:37.852111,RJ,Móveis,1200.05,3,5
ORD-04973,2025-10-19 00:54:37.852111,AM,Eletrônicos,349.2,19,2
ORD-04974,2025-08-28 00:54:37.852111,AM,Informática,250.27,15,4
ORD-04975,2026-08-02 00:54:37.852111,SP,Beleza e Saúde,1070.3,3,4
ORD-04976,2026-05-07 00:54:37.852111,RS,Móveis,1366.27,9,3
ORD-04977,2026-06-03 00:54:37.852111,BA,Eletrônicos,271.07,19,2
ORD-04978,2025-08-14 00:54:37.852111,SC,Cama Mesa Banho,1839.66,5,3
ORD-04979,2026-06-16 00:54:37.852111,AM,Informática,490.26,20,2
ORD-04980,2025-10-27 00:54:37.852111,SP,Beleza e Saúde,283.95,3,5
ORD-04981,2025-12-05 00:54:37.852111,SP,Beleza e Saúde,445.26,4,5
ORD-04982,2025-11-10 00:54:37.852111,PE,Beleza e Saúde,380.67,17,1
ORD-04983,2026-06-24 00:54:37.852111,RS,Móveis,226.82,8,4
ORD-04984,2025-08-20 00:54:37.852111,PR,Esportes,1605.79,6,4
ORD-04985,2026-01-09 00:54:37.852111,BA,Cama Mesa Banho,1016.3,16,2
ORD-04986,2026-06-22 00:54:37.852111,PE,Móveis,807.61,26,1
ORD-04987,2025-11-15 00:54:37.852111,AM,Móveis,1903.72,11,3
ORD-04988,2026-05-21 00:54:37.852111,BA,Eletrônicos,773.47,26,3
ORD-04989,2025-10-24 00:54:37.852111,RJ,Informática,375.6,4,5
ORD-04990,2026-04-09 00:54:37.852111,RS,Cama Mesa Banho,584.38,10,5
ORD-04991,2025-10-21 00:54:37.852111,AM,Beleza e Saúde,515.98,12,3
ORD-04992,2026-06-02 00:54:37.852111,SP,Móveis,1022.55,3,4
ORD-04993,2025-10-21 00:54:37.852111,AM,Cama Mesa Banho,618.43,15,3
ORD-04994,2025-12-20 00:54:37.852111,CE,Informática,1056.32,12,3
ORD-04995,2026-06-18 00:54:37.852111,MG,Esportes,1355.12,4,4
ORD-04996,2025-08-18 00:54:37.852111,MG,Cama Mesa Banho,1565.73,4,3
ORD-04997,2026-04-25 00:54:37.852111,AM,Beleza e Saúde,1434.81,27,1
ORD-04998,2026-02-02 00:54:37.852111,CE,Móveis,450.9,12,3
ORD-04999,2026-05-12 00:54:37.852111,AM,Esportes,276.0,18,3
